Age,BusinessTravel,DailyRate,Department,DistanceFromHome,Education,EducationField,EnvironmentSatisfaction,Gender,HourlyRate,JobInvolvement,JobLevel,JobRole,JobSatisfaction,MaritalStatus,MonthlyIncome,MonthlyRate,NumCompaniesWorked,OverTime,PercentSalaryHike,PerformanceRating,RelationshipSatisfaction,StockOptionLevel,TotalWorkingYears,TrainingTimesLastYear,WorkLifeBalance,YearsAtCompany,YearsInCurrentRole,YearsSinceLastPromotion,YearsWithCurrManager,EngagementSurvey,EmpSatisfaction,DaysLateLast30,Absences,BurnRate,MentalFatigueScore,WFHAvailable,ResourceAllocation,SalaryPerLevel,PromotionStagnation,TotalSatisfaction,BurnoutPressureIndex,CareerVelocity,ManagerStability
-0.25477013,-0.22578837,-0.38303062,-0.0013249121,-0.4071404,-0.6185614,0.038803086,0.20244275,0.1530062,-0.0033100317,-0.81931263,-0.29794425,0.099092856,0.33645928,0.08246224,-0.44664606,-0.056045383,0.31347644,-0.37474713,-0.082934305,0.0143804215,-0.10751108,-0.8157186,-0.36034742,0.18493757,-0.20297934,-0.01799009,0.01932939,-0.09245653,-0.12816161,-0.1176233,0.0012404791,0.0,-0.13969374,0.022913765,0.013245964,-0.00027563912,0.04070038,-0.35620302,0.04773962,-0.10356004,-0.036340576,-0.03291874,-0.25798818
0.24111503,-0.22270218,0.06203615,0.0042045643,-0.3777031,0.05827932,-0.03725674,-0.28203827,-0.06574358,0.0005842539,-0.2839872,0.15457863,0.28236234,-0.8268759,0.03954217,0.14304912,-0.17088214,-0.6837266,-0.40972593,-0.1304313,0.018481541,-0.13210164,-0.92222106,0.09512018,0.09771159,-0.35191628,0.05468341,0.08459156,-0.07151979,0.22318634,-0.3936343,0.00039921975,0.0,-0.05972591,-0.028917884,0.0021533233,-0.0009190807,-0.021313718,-0.0051255357,-0.06598567,-0.2190124,-0.0299564,0.005445212,0.100756146
-0.09462804,-0.1860586,0.2454851,-0.012605492,-0.23898597,0.118338525,0.19220246,0.52312386,-0.06564705,0.13764302,-0.44050798,-0.25047925,0.14318523,-0.07687896,0.0500446,-0.2760561,-0.27462274,-0.02522892,-0.33592525,0.0016501052,0.015135634,-0.24874339,-0.52537245,-0.28765067,-0.22101998,-0.25373015,-0.06430769,-0.38319844,0.10416971,-0.60954714,0.281932,0.00039921975,0.0,-0.08466798,0.017986266,-0.0006648687,7.869676e-07,0.059128903,-0.23274906,0.13363846,-0.1447162,-0.007440504,-0.0062269364,-0.37503403
0.11521771,-0.28211433,0.04523322,-9.110465e-05,0.32582816,0.0029144948,-0.22754756,0.042260714,-0.107837185,-0.18876864,-0.38316175,0.21621913,-0.2324333,-0.16998464,0.12887157,0.22622551,-0.22840318,-0.2069145,-0.5589171,0.030662348,0.013457596,-0.015582627,0.59370214,0.0420443,0.26557738,-0.31480783,-0.16863233,-0.04063523,0.00889924,-0.095761135,0.13650891,0.00039921975,0.0,-0.11584968,-0.026113298,0.002265845,-0.0012861483,-0.031115936,-0.20804921,-0.29587573,-0.12613168,-0.08239781,0.0891094,-0.44453475
-0.33496964,0.5431463,-0.08174708,0.0025970377,0.0343301,-0.41847494,-0.19318871,-0.5186204,-0.07287174,-0.020625927,-0.15400267,-0.26117286,0.19712119,0.018021967,0.072724335,-0.43101,-0.25408384,-0.050456364,0.48382556,-0.084887736,0.009617728,0.11966773,-1.098244,-0.03218974,-0.16784537,-0.3482985,-0.082991324,-0.1878913,0.08859887,-0.15370981,-0.28130475,0.00039921975,0.0,-0.08690107,-0.006811394,-0.0034206572,-0.001241345,-0.06046132,0.08687168,0.27122965,-0.10152509,-0.05479096,-0.046670407,-0.06667612
0.33667156,-0.0966288,-0.21090241,-0.00025594165,-0.3959919,-0.20212832,-0.069605984,0.38006192,-0.05237574,0.012551278,1.1456584,0.22702274,-0.31486094,-0.92396456,0.24550883,-0.028048256,-0.03231757,0.6491431,0.8987481,0.016911265,0.009759982,-0.38315365,0.7137895,0.12660459,-0.10805983,0.51860845,0.054690246,0.012266753,-0.058475714,-0.20478044,-0.3990676,0.00039921975,0.0,0.043778993,-0.020606782,0.01814979,-0.0005604911,-0.017078519,0.09152094,0.3584651,-0.004261074,-0.022361679,0.20047772,-0.2452942
-0.29592365,-0.20544471,0.031486392,0.0021150014,-0.7934884,0.050562527,0.06724707,-0.12970483,-0.08104118,0.20756274,-0.43135577,0.20546436,-0.44947195,-1.1079322,0.13678509,-0.033526767,0.05014997,-0.16889821,-0.4890557,0.12066706,0.019457297,0.11740143,0.6653527,0.21022584,0.23944181,0.3373998,0.14316328,0.10451315,0.05184806,0.3351101,-0.47882366,0.00039921975,0.0,-0.06004272,-0.034685023,-0.0014632139,-0.0012066694,-0.019467065,0.021236261,-0.26268607,-0.07997076,-0.018396951,-0.1799778,0.3035104
-0.28898996,0.6798309,-0.11951112,0.004160477,0.35105085,0.12192661,0.16348857,-0.3492042,0.14054851,-0.0033578947,-0.20707957,-0.25432104,0.02299547,0.4292027,0.07651683,-0.40234894,0.14989665,0.21129034,-0.23139134,0.070016794,0.015271639,-0.072461024,-1.1237116,-0.24775352,0.28479275,-0.18030964,-0.08011489,-0.11163602,0.017540615,0.10516341,-0.47962996,0.0012404791,0.0,-0.74051315,0.027854417,-0.003728863,-0.002912068,0.073434755,-0.44990256,-0.27464607,-0.0635593,0.1046992,-0.15964575,0.12613943
-0.17689012,-0.3197626,-0.110573344,-0.0011650415,0.5137172,0.09113722,0.09360041,-0.6763514,0.16662845,-0.10424433,-0.12729195,-0.23164845,-0.19509341,0.49333927,0.027438538,-0.2630397,0.11145178,-0.102178715,-0.22022286,-0.013534151,0.015947938,-0.021068865,-1.0820847,0.082317814,0.18729101,-0.27353725,-0.12789711,-0.025245547,-0.08761145,-0.14277104,-0.06419142,0.0012404791,0.0,0.007128674,-0.040677007,-0.03181138,-0.0009190807,-0.08055151,0.13042584,0.0048185587,-0.04019991,-0.04769479,-0.018190572,-0.011200208
0.11652327,-0.18461609,-0.18753558,0.00059022184,0.078054346,0.07633688,0.21721144,-0.7941073,0.14734635,-0.20501764,0.09908805,-0.19354273,-0.14483929,-0.8767565,0.16636045,-0.2917644,-0.34685984,-0.15422198,0.7385412,0.1296822,0.011926065,-0.35013428,0.5893694,0.06266256,-0.20101754,-0.3483393,-0.09492777,-0.039012406,0.04651832,-0.0962075,-0.20364818,0.0012404791,0.0,-0.17258018,-0.05807088,-0.021976756,-0.0012861483,-0.056607667,0.10118353,0.33814153,-0.27880985,-0.06991152,-0.19069757,-0.04777947
-0.07762991,-0.24145652,-0.14562397,0.0009880258,0.16349457,-0.3659802,0.08758397,-0.09997878,-0.06413888,0.08337305,0.37267295,0.29242355,-0.13285884,0.6705268,-0.114056736,0.00014274823,0.026144305,0.4744023,-0.29537922,-0.025312502,-0.15187854,0.32195452,0.7945882,-0.0068028457,-0.15311728,-0.34169498,-0.082406595,-0.0014303839,0.036832433,-0.0992915,0.5793434,0.00039921975,0.0,0.040703293,-0.022276709,-0.002401839,-0.000712824,0.0048119733,0.14718325,-0.28124225,0.15346754,-0.048709717,-0.3184928,-0.19882402
0.057944816,-0.14856951,0.22737701,0.007820977,-0.649569,0.076101944,0.030699873,-0.7376609,0.15484087,-0.27179953,0.27290535,-0.20927608,-0.033131503,-0.8239187,0.08485589,-0.62794614,-0.1281819,-0.015518369,-0.35106707,-0.11603172,0.009045997,0.03197331,-0.7261213,0.02377953,0.026422435,0.2315594,-0.07896135,0.0070920447,-0.15387602,-0.041394856,-0.38641915,0.0012404791,0.0,-0.6293734,0.028209627,-0.0023617554,-0.018282231,0.056325592,-0.5003601,-0.11660305,0.064284034,0.031955726,-0.060274553,-0.17738283
-0.114709005,-0.11757119,0.08985073,0.006841996,-0.08520409,-0.25665435,-0.017893597,-0.44330868,-0.06930681,-0.16268343,-0.21789934,-0.16178004,-0.3453691,-0.68581045,0.0503516,-0.18747842,0.027361395,0.39865303,-0.28390387,-0.14797996,0.01446234,0.23320508,-0.7413879,-0.056438874,-0.1450487,-0.44272947,0.00022021122,-0.3499462,0.07240428,-0.17170957,-0.37070236,0.00039921975,0.0,-0.0629508,-0.008277977,0.0033670566,-0.00025516097,-0.0752655,-0.09672191,0.13446115,0.13376753,-0.04342244,-0.023245972,0.03650399
0.1123993,-0.4295076,0.031841215,-0.001280982,0.2824368,0.04792647,0.0083301375,0.39925584,-0.07565554,-0.062376022,-0.3686722,-0.42346683,0.20925362,-0.09450344,-0.2564753,0.178955,-0.23359334,-0.5537745,-0.52455324,-0.15109667,0.013917099,0.16798927,0.49239805,0.041566584,0.1946774,-0.24264696,0.003621738,-0.022815492,-0.10232762,-0.1875183,-0.5204247,0.00039921975,0.0,-0.089048795,0.0032757246,-0.00312466,-0.0012861483,-0.099497736,0.15018001,-0.029575497,-0.04504204,-0.017137455,-0.051431965,0.052471817
-0.025878744,0.5324438,0.11080018,-0.0018291399,-0.8181578,0.039810184,-0.18421467,-0.7226811,-0.07846245,0.07471865,0.1266734,-0.4098195,-0.47095144,0.37657386,-0.19288045,-0.15998979,-0.26387537,-0.582325,-0.30207947,-0.037320975,-0.09768386,-0.13297577,0.5415741,-0.08607316,-0.17042677,-0.35925108,-0.122475885,-0.55408245,0.0069959387,-0.8315319,-0.39923677,0.00039921975,0.0,-0.16977851,-0.0020855158,-0.0052399975,-0.0012861483,-0.055107705,0.102328554,0.08855367,-0.12681033,-0.026115842,-0.006845125,-0.1251789
0.2283602,-0.16718781,0.2938481,0.0003172306,-0.3998219,0.079423994,-0.011725342,0.14689569,-0.0606296,-0.021709098,0.42145696,0.28754652,0.27566493,-0.9390606,-0.12484757,0.60728765,-0.103385836,-0.17397322,-0.42748737,-0.08389984,-0.16608967,0.013736619,0.55640537,0.35913596,-0.12708856,0.4597253,0.22767824,0.18155232,-0.049155485,0.5647808,-0.4221481,0.00039921975,0.0,-0.064861655,-0.015464369,0.0028290963,-0.0012066694,0.024055758,0.3532003,0.2744427,-0.07819818,-0.011576311,0.048388824,0.28105128
-0.073704675,-0.16246623,0.34601304,0.0042311433,0.55832195,0.13526028,-0.21305206,0.8723572,0.18958686,-0.051629152,-0.2097296,-0.14006855,0.062127348,-0.5472537,0.027683843,0.00977469,0.18349148,-0.12270342,-0.09930538,0.19476405,0.018218048,-0.12185778,-0.49312288,0.0071068555,0.17785527,-0.1373888,0.040973205,0.10365621,-0.022084339,0.13161233,-0.40312243,0.0012404791,0.0,-0.6423357,0.049527008,-0.0037335411,-0.0009190807,0.20898037,0.14118053,-0.19272992,0.3478355,0.19718742,-0.065817386,0.14426784
-0.070479356,-0.69246805,-0.26057735,0.0029928177,0.41757166,-0.3552835,-0.09080309,-0.23630044,-0.077243425,0.098238625,-0.2524522,-0.20771515,-0.29629278,0.25213388,0.0588294,-0.30751827,0.0023028413,0.3332357,-0.17607412,0.05583367,0.011722346,-0.1018164,-1.0218024,-0.23095334,-0.17428821,-0.31838682,-0.055624563,-0.102582514,-0.093332894,-0.08785893,-0.45201018,0.00039921975,0.0,-0.11472016,0.022926088,-0.004406302,-0.0005774253,-0.059752263,0.12539554,-0.05044299,0.10357023,-0.046228662,-0.07061083,-0.036248144
0.054265834,-0.2698112,-0.15242296,-0.0031665252,-0.14292738,0.088865034,-0.18181245,0.16994786,-0.067433566,-0.19227569,-1.1096492,-0.15392502,-0.102104515,-0.68677753,0.041571494,-0.17239216,-0.22690448,0.33578944,-0.3539865,0.11986136,0.018181143,0.035925705,-0.83547914,-0.014774885,-0.13266705,0.30588558,-0.09236403,-0.04934405,0.0740125,-0.062133305,0.41409847,0.00039921975,0.0,-0.010792297,0.013239734,0.0037222109,-0.007037035,-0.07242017,-0.048838004,0.24794455,-0.116459884,-0.033576567,0.025715126,-0.27084473
-0.21708402,0.3680835,0.37846702,-0.0021443355,-0.8833844,0.10574745,-0.26565352,-0.24897835,-0.04683851,0.0045655435,0.28691915,-0.23028487,-0.41721418,0.26134157,0.059682086,-0.22323185,0.02805806,-0.19722055,0.41194734,-0.028035227,0.010509239,-0.1289629,-1.0542953,-0.38859186,-0.19194917,0.30868965,-0.05981564,-0.39690876,0.089552425,0.06096975,-0.4503427,0.00039921975,0.0,-0.10177385,0.020514196,-0.0167273,-0.01906325,0.02900988,-0.15947993,0.1721719,0.09130708,-0.08011764,-0.0482065,-0.043575536
0.005894397,-0.24844153,-0.29630297,0.0018952934,0.07362165,0.066254154,-0.06851864,0.58346766,-0.08125604,0.0022653705,-0.3778541,0.13916922,-0.45598945,-0.79225075,0.01083832,-0.04865055,0.10837734,-0.6586867,-0.37662235,-0.052464344,0.011737129,0.13701357,-0.7009848,-0.09742535,-0.21593036,-0.27584028,-0.1081411,-0.37524563,0.04958059,-0.5696803,-0.41328335,0.00039921975,0.0,-0.13313529,-0.051085617,0.00859683,-0.00030315068,-0.046580777,-0.1140355,0.06078118,-0.06262329,-0.10192505,0.028125348,-0.18848887
-0.21279192,-0.11576518,0.2471578,0.015348288,-0.90448993,-0.5864951,0.010604936,0.5576722,0.17879535,0.045658585,0.4085154,-0.24188046,-0.030985417,-1.355012,-0.21861784,-0.13851815,-0.08606658,0.2847133,-0.26415756,-0.06079803,-0.09907053,-0.021013524,0.4063787,-0.075549796,0.07787973,-0.34419522,-0.1208305,-0.051186427,-0.04627602,-0.013847323,-0.11760579,0.0012404791,0.0,-7.9408754e-05,-0.041047264,-0.017752575,-0.01019826,-0.080159105,-0.27803257,-0.21074682,0.102318436,-0.037399914,-0.016814226,0.034723792
-0.15972185,-0.17637606,-0.5061065,-0.0026306366,-0.14264031,0.10203896,0.014280467,-0.6535123,-0.07546447,0.009207895,-0.22422956,-0.3026606,0.24229191,0.24484767,-0.20754448,-0.26430318,-0.047064126,0.47899213,-0.29623312,0.095986106,0.015010155,-0.5016875,0.4549004,-0.1549426,-0.34214202,-0.37648627,-0.06562655,-0.41200313,0.09608145,-0.011461753,-0.5354108,0.00039921975,0.0,-0.09184986,0.0026892175,-0.0003630785,-0.000712824,-0.06836987,-0.00534108,-0.0029596703,-0.09959864,-0.028348243,0.022216117,-0.3335317
-0.055292472,-0.17511019,-0.057314254,0.0092579555,-0.86667347,0.08771422,0.024270311,-0.67603016,0.29847676,-0.18928045,-0.22022858,0.26466307,-0.08090656,0.45129165,-0.19717982,-0.087801196,-0.11545142,0.3943097,-0.43548957,-0.027581142,0.011643634,-0.06775191,0.60441154,-0.039893087,-0.21302287,-0.3717766,-0.05614368,-0.02260306,0.043901935,-0.1273604,-0.34637347,-0.011950837,0.0,-0.035632554,0.054285936,0.0016934429,-0.000712824,0.010460679,0.0870993,0.21115705,0.08423003,-0.0033957793,-0.40311995,-0.2898587
-0.20935905,-0.35185787,-0.0068561593,0.0014135536,-0.13485314,0.07377494,0.041028377,0.14570142,-0.06850675,-0.039113242,-0.99260527,-0.37912345,-0.35117373,0.3733606,-0.13706174,-0.21680757,-0.21522276,-0.036459368,-0.37215152,0.041597035,0.013008762,0.32335237,0.5933716,-0.075188264,-0.28655106,0.71496505,0.036765136,0.058584746,-0.14970732,-0.1867098,-0.5673973,0.00039921975,0.0,-0.118123434,0.02494885,-0.004281853,-0.009785283,-0.071293876,-0.16109572,-0.0186169,-0.027529877,-0.06078446,0.00018720946,-0.39389175
0.12093404,-0.17393139,0.05011598,-0.008317365,0.38054395,0.07437946,0.16099639,-0.13309975,-0.085469544,-0.07165498,-0.8401317,0.12765208,-0.2455814,-1.0968096,-0.122282475,-0.053386543,-0.14224355,-0.16953695,-0.4316031,0.07630954,0.01392279,-0.55082977,0.49387613,0.30121955,0.102123134,-0.34355286,0.008837912,0.12654519,-0.102217555,-0.15486391,0.27383244,0.00039921975,0.0,-0.12633407,-0.020503944,0.00035075704,-0.0012861483,-0.016886046,-0.07621956,0.12769058,-0.123050086,-0.043793477,0.012220588,-0.44434342
0.045452673,-0.3485567,0.011496775,-0.0009797874,-0.13076319,0.16084027,-0.20583124,0.644204,-0.09663974,0.04556989,-0.3241843,-0.26649675,-0.108265206,-0.08374387,0.0032679196,-0.123148225,-0.081352286,-0.28511587,-0.28391525,-0.096290454,0.018724438,-0.07815692,-0.7678222,0.041380227,-0.22485358,-0.22103329,-0.13009092,0.0475117,-0.009551728,-0.06827182,0.6401616,0.00039921975,0.0,-0.06930924,0.012441688,-0.00013844488,-0.010153457,-0.06277137,-0.387615,-0.2800746,-0.13906142,-0.034579344,0.11995542,0.15942994
0.0064196573,-0.8381729,-0.044703905,0.0035321477,-0.19205983,0.063784756,-0.11563422,-0.32013038,-0.06858837,-0.054545656,-0.27545154,0.20076786,-0.42150143,0.32638764,0.037999257,-0.1121432,-0.06775038,-0.25641856,0.5534284,-0.06111695,0.01151886,-0.5359726,-1.025058,0.087850325,-0.15947676,-0.28909445,0.01115131,0.06367954,-0.08315837,-0.0869968,-0.48795003,0.00039921975,0.0,-0.045142986,-0.0373196,0.010742905,-0.001241345,-0.015572207,-0.041952096,0.29733574,-0.16584814,-0.015043127,0.08917485,-0.08590596
-0.22694996,-0.12609313,-0.41591102,-0.00976383,-0.37332514,0.098333225,0.19680676,-0.13210219,0.15381058,-0.04254287,-0.25298083,-0.36745575,0.12984335,0.43578896,0.047640566,-0.48063663,-0.052268833,0.26466456,-0.3980011,-0.124732785,-0.121228725,0.19628459,0.67678344,-0.3704123,0.24270754,-0.24910149,-0.06858234,-0.3155585,0.02876127,-0.6678524,-0.08616724,0.0012404791,0.0,-0.25130308,-0.022717923,0.0051646195,0.00061031594,0.030683728,-0.48596114,0.189989,-0.065476246,-0.017465673,0.08590003,-0.038322143
-0.15973924,-0.1497954,-0.09332016,0.0023650483,-0.13504402,-0.31639233,-0.1573641,-0.15797982,-0.061345458,-0.018929852,-0.30265555,-0.30863792,-0.014275925,0.021689788,0.048329424,-0.56019783,-0.17089644,-0.050539978,0.52896637,-0.029308721,0.006351955,-0.21721259,-0.9739464,-0.3641089,-0.35209954,0.29676223,-0.061370365,-0.009894426,-0.10665956,-0.044418998,-0.39320767,0.00039921975,0.0,-0.09822172,-0.004844235,-0.0084441705,-0.0037006678,0.027689489,-0.37561658,-0.0307734,0.062465444,-0.05266825,-0.39475605,-0.2963349
0.19408819,-0.33880335,0.090080544,0.0039798273,0.33821875,0.01784157,-0.1463312,-0.28582573,-0.06003792,-0.037959944,0.2740647,0.2878079,0.33969438,0.3217138,0.05352774,0.44491696,-0.014712761,-0.61512583,-0.4676805,-0.1384006,0.017929267,0.25527894,-1.1148425,0.16275764,-0.26868594,-0.3267954,0.14036836,0.15722266,0.02136398,0.38560167,-0.39899004,0.00039921975,0.0,-0.061222557,-0.028669937,-0.00045311637,-0.0012248707,-0.015435901,-0.034802686,-0.117934644,0.044135466,-0.028678043,0.08405421,0.22396202
-0.2948587,-0.27301523,-0.45587382,0.003790392,0.26668525,-0.3456951,0.020714937,-0.5750783,0.1628865,0.0076399604,-0.22513267,-0.2682614,0.20806153,-0.114632405,0.05662602,-0.062232878,-0.0057238666,0.23227963,-0.33914074,-0.07765145,-0.10504009,0.050456755,-1.050679,0.018815655,-0.20614411,-0.2776158,-0.13178799,0.019765027,-0.08503082,-0.060805604,-0.3878647,0.0012404791,0.0,-0.77690905,-0.04069174,-0.018998712,-0.0005774253,-0.060435303,-0.18857208,-0.008740364,0.12027565,-0.07829719,0.07577561,-0.27070856
-0.2631401,0.4651603,-0.64663965,0.0033250079,-0.27162147,0.046148263,-0.12250532,-0.5790658,-0.06442462,-0.1140233,-0.22432181,0.2975302,0.22220077,0.26913744,-0.23246166,0.21475582,-0.17912304,0.27307573,-0.3923908,-0.015054768,0.017181845,-0.053151727,0.5444092,-0.14240685,-0.18428345,0.5068902,-0.18915834,-0.22583038,-0.011851823,-0.17767996,-0.5058561,0.00039921975,0.0,-0.039099675,-0.025309842,0.0030873853,-0.0013383289,0.0050488063,-0.18797077,0.07955767,-0.12132006,-0.042679302,-0.36246106,0.17189401
0.110511035,-0.19008131,-0.5505111,0.0064946525,0.29387033,0.09022965,-0.19268325,-0.90129066,-0.046605803,-0.0756636,0.20447055,-0.2906528,0.35252273,0.21978892,0.06355399,-0.27422068,-0.2122532,0.32758567,0.54402745,-0.008354632,0.008388092,0.40145153,-1.1710262,-0.048057467,0.17698202,-0.2614957,0.03692074,0.008566363,0.022799818,-0.0862935,-0.31822985,0.00039921975,0.0,-0.071453094,0.0043050097,-0.016486954,-0.001241345,-0.089444034,0.03665167,-0.3205884,-0.00092419423,-0.05487878,-0.29183072,-0.084389776
0.23089023,-0.22807612,-0.40339768,0.0047780056,0.4269584,0.049578913,-0.12006022,-0.27521053,-0.0701294,-0.010373655,-0.2541008,-0.23309928,0.31236747,0.3883709,0.09215791,-0.24377023,-0.014343681,-0.22505921,-0.20383371,-0.046787992,0.013904685,-0.4340913,-0.948504,-0.056366127,0.20096694,-0.30395436,-0.066174306,0.15248722,-0.067824125,-0.40970877,-0.3064282,0.00039921975,0.0,-0.10014609,0.01736584,-0.006088043,-0.001241345,-0.057021115,0.024703298,0.023441609,-0.07831479,-0.047010954,-0.19949065,-0.13474187
-0.16101922,-0.17727335,0.19311045,0.0033110369,-0.3670208,0.082056805,0.030389942,0.42575422,-0.06397441,0.06530389,-0.47617075,-0.37206367,0.16295907,-0.14141145,0.109618254,-0.54439884,-0.2836251,0.51396835,-0.48594144,0.16173856,0.010277469,0.1347697,0.49360758,-0.36100549,0.1496294,0.24861689,-0.05126071,-0.024354316,0.072683856,-0.49686944,-0.46165496,0.00039921975,0.0,-0.05839605,0.034529578,-0.00048120582,-0.0026847073,0.06352848,-0.3578964,-0.024687516,-0.2265545,0.1510293,0.013255642,-0.12863097
0.23079424,-0.2859156,0.0058250185,0.0027514603,-0.061188456,0.0243729,-0.2620915,-0.07927742,-0.08229222,-0.02511892,-0.2490153,0.31354636,-0.20714164,0.31263036,-0.12906763,0.33447877,-0.060998052,-0.24430291,1.0007093,0.040550217,0.009640108,-0.63757616,0.43626356,0.26807544,-0.55938256,-0.3349143,0.042831644,0.030197032,-0.10223284,-0.13389182,0.20912735,0.00039921975,0.0,-0.07114595,-0.0402941,0.0060627493,-0.0006702183,0.01361199,-0.072947435,0.07036866,-0.118109524,-0.12090243,-0.06201287,-0.4798615
-0.16194078,-0.21600892,0.17379586,0.0021415255,0.02896201,-0.31575033,-0.078688174,-0.052077156,-0.065856725,-0.06966939,0.54713666,-0.28904113,-0.17915636,0.36135978,0.1983168,-0.067080855,-0.20855543,-0.07594882,-0.2732156,0.07279776,0.013247145,0.43059808,0.9495462,0.0021920586,-0.23435573,0.7230411,-0.07825974,0.061440647,0.046928838,-0.03237662,-0.4198926,0.00039921975,0.0,-0.044308305,0.023136236,-0.0042607156,-0.000873172,-0.06196199,0.15876363,0.19028357,-0.011710475,-0.023366213,0.12799679,0.0240365
0.119635485,-0.39126423,0.11275451,0.0030794768,-0.16959098,0.019175842,-0.013323337,0.37070507,-0.09011315,-0.025051601,-0.411076,0.20468909,-0.43552703,-0.07475753,0.10318175,-0.058987673,-0.27066472,-0.75303394,-0.50611526,-0.037601795,-0.12591657,-0.72016114,0.57364404,0.09678628,-0.22403294,-0.4331866,0.06463267,0.031911347,-0.087550886,-0.15895984,-0.40748426,0.00039921975,0.0,-0.07740702,-0.04495158,0.008740757,-0.0012861483,-0.032198414,-0.07539124,-0.09425747,-0.16681372,-0.07435658,-0.021222431,-0.35398334
-0.074408464,-0.57924294,0.20932227,0.003686363,-0.29130396,-0.30818054,0.010356925,-0.35250193,-0.060440473,-0.13089563,0.37638757,0.11846682,-0.44420636,-0.94048107,0.0548895,-0.1555334,0.08009263,0.010943372,-0.34749874,0.04837186,0.016936041,-0.3522314,-0.98891646,0.0349195,0.08674416,-0.39522514,0.09281786,0.08186268,0.01205981,0.23206468,-0.47249922,0.00039921975,0.0,-0.072714716,-0.03448598,0.0014084394,-0.0012248707,-0.04278813,-0.01893697,-0.2735548,-0.2835364,-0.0070386496,-0.19998029,0.36207658
-0.10780073,-0.32263845,0.1452591,-0.013164064,0.38590908,-0.3820903,0.16351555,-0.18506108,0.13950886,-0.19939657,0.34295902,-0.20913279,-0.11436547,0.4519378,0.017836738,-0.27799958,-0.008680835,0.16631126,-0.23429509,-0.041172385,0.015865698,0.17702347,-1.3812323,-0.05378033,-0.22262616,0.3688346,0.01210371,0.07161057,0.052189317,-0.17532933,-0.09377263,0.0012404791,0.0,-0.049126305,-0.05127338,-0.037575375,0.0018750757,-0.07607403,0.060048677,-0.17683959,-0.094110556,-0.09526278,-0.022845505,-0.35515907
0.02521322,-0.122887075,-0.43102956,-0.0047103325,0.3886846,0.065147825,-0.19069672,0.13892524,-0.05166993,0.11972402,-0.24131161,-0.18422611,0.22666252,0.019950703,0.206254,-0.27211276,0.11208204,0.63891065,0.90455353,0.05998385,0.008704728,-0.18569338,0.77112865,-0.15790619,0.26517823,-0.3441817,-0.07798636,-0.024724154,0.16421758,-0.025967743,-0.26901886,0.00039921975,0.0,-0.02991507,-0.022176363,-0.0034503145,0.00061031594,0.073647894,-0.14913955,0.2625569,0.057326585,-0.030525496,0.16745184,-0.13020976
0.28742608,-0.14096193,-0.33852062,0.002635601,-1.0100348,0.06940646,-0.05147065,-0.6195728,-0.06486148,0.010232211,0.2889651,-0.18618898,0.06435232,-0.8461814,0.07800895,-0.16897956,-0.2520978,0.43714747,-0.44010392,-0.1572264,-0.14443463,0.35698852,-0.92103255,0.06418266,0.05936144,0.8268126,0.025443248,0.0010997591,-0.07527233,-0.21218261,-0.47559622,0.00039921975,0.0,-0.06146484,0.01666737,-0.0047774324,-3.5549572e-05,-0.04602507,0.09632164,0.097836055,-0.037076943,-0.059216913,0.04242578,-0.2689638
-0.13519426,-0.18934412,0.20104505,0.009863898,-0.12905994,-0.390334,-0.11420966,-0.59164804,0.14173861,-0.17298523,-0.19535874,-0.23484524,0.14832424,0.35746726,0.09101865,-0.48827258,-0.15361288,0.26773065,-0.31785336,-0.03333203,0.015804484,-0.19434278,-0.7664266,-0.38366145,0.18298757,-0.29911003,-0.057555296,0.02078881,0.07797127,-0.14058125,-0.56122303,0.0012404791,0.0,-0.81118613,0.020744996,-0.0012957065,7.869676e-07,0.054110695,-0.33891597,-0.09123943,0.16560158,0.13292505,0.08187803,0.02277509
0.07696236,-0.185106,-0.54350924,0.0003798393,-0.05674894,0.10959973,0.069151424,-0.34639683,-0.06122925,-0.053567212,-0.20935017,-0.2615092,-0.20494397,-0.85183537,0.07267783,-0.49622276,-0.29417336,-0.18172418,0.5517868,0.14844,0.010369906,0.09234155,-0.97900236,0.090597674,0.08026814,-0.18017034,-0.09748961,0.103958756,-0.091544695,0.2924697,-0.45881826,0.00039921975,0.0,-0.08258547,-0.012857634,0.00088822725,-0.010259237,-0.06350455,-0.16201818,-0.027422877,-0.13807777,-0.047020964,-0.33706483,0.12709118
-0.18606216,-0.35715553,0.055848815,-0.010345792,-0.73264164,-0.5999045,0.08406157,0.12339505,0.1477956,-0.22530578,-0.3609046,-0.43044528,-0.05658638,-0.03541326,-0.1953269,-0.18699566,0.052648015,0.31200066,-0.4315069,-0.064493865,0.012116101,0.30694216,0.5272317,-0.16404985,-0.2875877,-0.37776354,0.17225298,0.15169093,0.0028671315,0.2413604,-0.088524975,0.0012404791,0.0,-0.074969985,-0.08016952,-0.015819367,-0.0014623719,-0.089328595,-0.1515089,-0.17052375,0.108197,-0.057537246,0.007861252,0.22313498
-0.14865205,-0.19849041,-0.43461695,-0.00029200775,0.39664176,-0.27824372,-0.12094585,-0.62013143,-0.09144996,-0.07702922,-0.2648312,-0.24094127,-0.056831528,-0.06417822,0.10622888,-0.21723112,0.23620093,-0.23736125,-0.17310809,0.0060455734,0.019044096,-0.06482127,-1.0573399,-0.019583317,0.1295221,0.33662233,-0.13241306,-0.1626544,-0.13280588,0.17020202,0.4760975,0.00039921975,0.0,-0.10663484,0.007797123,-0.0003197592,0.0074689332,0.21490204,-0.079352416,-0.13207301,0.07519168,-0.0331918,0.04401282,0.24156088
0.000997251,-0.25566444,0.17051668,-0.0012279884,-0.22224905,-0.35478756,-0.1879268,0.53081924,0.213269,0.028827187,-0.38084713,-0.45669246,-0.2607643,-0.11226942,-0.14497,-0.14110392,-0.17666969,-0.20244324,-0.37367502,-0.1584217,0.010072432,-0.044411793,0.5123929,-0.14421237,-0.25128868,-0.36269215,-0.11923903,-0.36480537,-0.101680756,-0.519407,-0.38214585,0.0012404791,0.0,-0.643185,-0.060092323,-0.013398845,-0.0012861483,-0.10847281,0.089383736,-0.061640114,-0.13231906,-0.06833548,0.002082085,-0.13741337
-0.22512761,-0.07350011,-0.10052976,0.0018935587,-0.062156912,0.09442788,-0.24798469,0.24459568,0.11990391,0.06774906,0.43612117,-0.2581989,-0.07611586,0.014009897,0.07482098,-0.4634051,-0.15972668,0.5093715,0.65431225,0.033368737,0.011223746,-0.28458992,-0.89473885,-0.42416182,0.16575591,0.29582027,-0.13627875,-0.045140423,0.09386711,-0.2729558,-0.55542266,0.0012404791,0.0,-0.6908547,0.020413348,-0.016558502,-0.00092857576,0.04649077,-0.2711984,0.28656998,-0.020853238,0.11042129,0.02484244,0.062338002
-0.121648885,-0.24824996,0.19746247,0.0097082285,-0.36001325,0.115950115,-0.096583344,-0.15594837,-0.06528654,0.10837803,-0.2640467,-0.23544414,0.31771988,0.39371094,0.0600157,-0.15544361,0.30422488,0.3486802,-0.23278745,0.15054408,0.011328446,0.532948,-0.94312555,0.0954018,0.18754618,-0.2258245,-0.071800545,0.059565336,-0.080475256,0.00054217223,-0.28208676,0.00039921975,0.0,-0.03039321,0.019093163,0.009959443,-0.0009190807,-0.051453464,0.23619689,0.041094605,0.14890991,-0.020171862,0.03698089,-0.052371923
0.09666178,-0.17208311,0.24909173,-0.0016162291,-0.40334085,0.16145411,0.14494047,0.3527926,-0.06449435,0.18879029,0.61730766,-0.15185127,-0.023202835,0.35739085,0.09808716,0.1592524,0.23040384,-0.26599315,-0.278609,0.30611542,0.0178388,-0.38625666,-0.62159866,0.013510544,-0.07614499,-0.24310853,-0.019037753,-0.23031579,0.12509508,0.0250508,0.9121058,0.00039921975,0.0,-0.09254573,0.0009768344,-0.00014063931,-0.009831192,-0.038135607,-0.069844246,0.4840966,-0.0327448,0.0085064415,-0.107859835,0.09463323
-0.18683763,-0.1883193,-0.13518329,-0.011505639,-0.05687853,0.15054843,0.15732361,0.1947061,-0.06220633,-0.19522855,-0.37197888,-0.2978071,0.09477709,0.19862331,0.047839046,-0.3959619,-0.12988298,0.41352907,-0.3471596,0.14320694,0.015565978,-0.076771334,-0.64083755,-0.35201606,-0.2711518,-0.18644764,-0.032231785,-0.45992175,0.035819925,-0.59103703,0.36873686,0.00039921975,0.0,-0.01501104,0.024545552,0.0005100234,-0.0009099217,0.02143286,-0.31326622,-0.10932019,-0.09982062,0.094515696,-0.0021374756,0.10197438
-0.18217658,0.5287429,0.25497997,0.0069842776,-0.14417338,-0.42522568,-0.12049106,-0.18630409,-0.051466815,-0.17257124,0.23428583,-0.25810477,0.14993297,-1.0584719,0.047761705,-0.5270417,0.0073405085,-0.1046047,-0.26398638,-0.16573416,-0.17345719,0.0809016,-0.6881858,-0.44909656,-0.09911205,-0.34913215,0.019503307,0.0018834657,-0.09646582,-0.18092968,-0.35679883,0.00039921975,0.0,-0.01871548,-0.005410723,-0.0015222661,7.869676e-07,0.05343536,-0.36190984,-0.02425297,0.089640066,-0.08112515,-0.18388075,-0.1299019
-0.6125146,-0.2331136,-0.24332987,0.0032245743,0.06388493,0.10098566,-0.38503525,0.1505044,0.13391201,-0.21981591,0.30907694,0.2215249,-0.32522872,0.20309052,-0.06716341,-0.17732519,-0.13991517,0.1982039,0.68104464,-0.06085435,-0.121553674,0.13664179,-1.4953101,0.022700787,-0.21129876,0.21601766,0.06290666,0.07412862,0.011404572,0.23300394,-0.45766255,0.0012404791,0.0,-0.6849448,-0.03212426,0.004339023,-0.001141558,-0.030646594,0.09097085,-0.30621317,-0.01963304,-0.055076428,-0.20424773,0.14950143
0.07698588,-0.42242944,0.1152905,-0.0075342655,-0.45452267,0.06950808,0.040136125,-0.7338713,-0.081880406,-0.028621126,-0.2539649,-0.25274923,-0.15477139,-0.08509389,0.087168,-0.2311702,-0.094749056,-0.2755752,-0.34135422,-0.14015523,0.021393882,0.27108952,-1.0256855,0.042132862,-0.12440067,0.29256117,0.023185037,-0.032439433,0.028225826,-0.11289512,0.50379807,0.00039921975,0.0,-0.09506006,0.016360981,0.0024247488,0.0018750757,-0.059775416,0.12930062,-0.3633243,-0.051712446,0.0013059408,-0.171463,0.2468769
-0.05632934,-0.17178835,0.23448545,0.007855798,0.47809607,-0.26757658,0.03405076,-0.5532076,-0.07980072,-0.009368328,-0.66245496,-0.14855397,-0.09489028,-0.6561463,-0.21774013,-0.18838656,-0.3319048,-0.21103461,-0.36651,-0.026496915,0.013577916,-0.3290946,0.43340507,-0.080732934,-0.20186794,-0.34220657,0.027014736,0.01595204,0.19206548,0.0050032553,0.6077408,0.00039921975,0.0,-0.10813419,0.002756122,0.0004299399,-0.0012861483,-0.09105392,0.10424749,0.4009468,-0.076337814,-0.024231886,0.085640684,-0.09820483
0.21202749,-0.59440655,-0.27996635,0.0038839006,-0.15264043,-0.44624117,-0.043256216,0.6013476,-0.070080645,-0.120079026,0.89280856,0.19920053,0.35381797,-0.032721363,0.034135014,-0.07998912,-0.09052311,-0.22332291,-0.4058694,-0.13831481,0.020627035,-0.47801492,-1.0401601,0.13072471,-0.12207231,-0.27637926,0.032866884,0.06495736,-0.09401482,-0.17372711,-0.4555763,0.00039921975,0.0,-0.0017083966,-0.01611392,0.009990444,-0.010153457,-0.00999673,-0.15760845,0.04540185,-0.086881146,-0.031973496,0.051607575,-0.39387694
-0.21439251,-0.2971565,0.026484272,-0.004811175,0.3841422,0.12482527,-0.26891342,-0.16273366,0.16342285,0.07314745,0.43007362,-0.37407923,-0.11828036,-0.07818169,-0.19801614,-0.2243065,-0.033302158,0.31147373,-0.37018842,0.06867815,0.014955976,0.2854283,0.5899501,-0.043499246,-0.45535573,-0.38771617,-0.14434221,-0.009496978,-0.0082938485,-0.06341184,-0.08449567,0.0012404791,0.0,-0.08675401,-0.050732285,-0.023169344,-0.0013781185,-0.09244451,-0.104983866,-0.2848915,-0.115420364,-0.09190778,0.011135424,-0.34664991
-0.40800714,0.5797037,-0.475201,0.0035799397,0.3239989,0.07754398,0.107114166,-0.6347568,0.1398475,-0.16139959,-0.15031071,-0.22875243,-0.19326626,-1.0074152,0.08397107,-0.32574764,-0.012355383,0.043724645,0.5153282,-0.13352607,0.007199587,0.42368314,-1.1068221,-0.17045888,-0.14680532,0.30797568,-0.068377234,0.01648213,0.09038674,-0.059844647,-0.5460769,0.0012404791,0.0,-0.6498445,-0.022195261,-0.036317524,-0.0006994693,-0.073396735,0.17672195,0.30647978,-0.062093977,-0.0909029,-0.10728294,-0.026752217
-0.09791489,-0.23421893,-0.13319716,0.012209263,-0.25092942,0.11905048,0.05222762,-0.12620679,-0.0754838,-0.08981109,-0.33236122,-0.2930793,-0.045348704,-1.1078569,-0.31477877,-0.17764656,-0.13285172,-0.07611205,-0.34935275,-0.016469905,0.016225712,0.34398133,0.37641135,-0.073640525,-0.17538626,-0.23265263,-0.10981329,-0.011260238,-0.11305509,-0.09477158,0.6824137,0.00039921975,0.0,-0.0537871,0.024764732,0.0014461922,0.00044075493,0.16467485,0.17061733,-0.085346684,-0.17679276,-0.05100927,-0.17744544,-0.26494524
0.47281858,-0.07328593,-0.043485895,0.00055120763,0.0017212874,0.0893147,-0.051571388,-0.46124157,-0.06448296,0.077304,-0.13631628,0.1858229,0.3814951,-0.62609607,0.043699477,-0.060544435,0.23328348,-0.191178,0.9694296,0.03790061,0.012762627,0.19369808,-0.7143283,0.08945347,-0.101286896,-0.21085073,-0.057154533,-0.005644021,0.15872352,0.02171633,-0.21802813,0.00039921975,0.0,-0.076980144,-0.05101739,0.015614089,-0.001241345,0.022622844,0.23733391,0.48527506,-0.3102802,0.0004298282,0.22459388,0.16085336
-0.02020256,0.73316675,-0.31700766,-0.0030630832,0.43316457,0.07183207,-0.3135258,0.099025145,0.16595662,-0.18500265,-0.24519771,-0.23271368,-0.3132554,-0.022052517,-0.0022360815,-0.18087377,-0.15397087,-0.13649666,-0.20154372,-0.047293294,0.01361643,0.38878295,-1.215633,-0.027087567,-0.08384373,0.18973072,-0.111914955,-0.27521083,0.042971972,0.18818408,-0.12892455,0.0012404791,0.0,-0.22728476,-0.05034735,-0.0447881,-0.001141558,-0.05966697,0.05466919,-0.2692569,-0.037013937,-0.10547608,0.036528967,0.09896294
0.045943182,-0.2260401,0.0023905728,0.004326134,-0.13800685,-0.43863836,-0.21921125,0.07820765,-0.11801335,-0.22272599,-0.3400301,-0.40923727,-0.12096232,-0.18127461,-0.25135192,-0.15149085,-0.29476917,-0.2830976,-0.36162776,0.06439095,0.01321434,0.3086328,0.67290336,-0.04518552,0.28688943,-0.38081682,-0.13456918,-0.40037233,0.04153364,-0.1516993,0.38624054,0.00039921975,0.0,-0.10400876,0.025386486,0.009321361,-0.0013767437,-0.09951754,0.10026301,0.2674862,-0.08018261,-0.005451899,0.1159649,-0.109848626
-0.23102954,-0.26418778,0.13214977,0.0048901658,-0.13483587,-0.5229262,0.16293354,0.25084403,0.12268365,-0.08194503,0.35450065,0.19621095,-0.38690713,0.3799581,-0.014280179,-0.115776956,-0.08108498,0.23185858,0.8255587,-0.119625024,0.0121360645,-0.53855157,-0.99398655,0.07873475,-0.27083418,-0.28006586,0.08594184,0.054882117,0.047155496,0.29624832,-0.4457391,0.0012404791,0.0,-0.68141395,-0.0040502218,0.005139545,-0.00056095095,-0.021097658,0.04425021,-0.20894246,-0.064329356,-0.035806566,-0.28423062,0.21976791
0.4791046,-0.22487323,-0.26855224,0.0021895987,0.48823428,-0.22616988,-0.096698344,0.54793274,-0.06139782,-0.040542632,-0.25294843,0.2537669,0.4272485,0.22795188,0.105424635,0.52610797,0.08962402,-0.0113022495,1.1059732,-0.027437784,0.009648261,-0.40421528,-0.7415587,0.15330255,0.23985069,-0.17081237,0.07028041,0.04423365,0.06223216,-0.14018793,-0.3494149,0.00039921975,0.0,-0.048028044,-0.013355292,0.030969007,-0.001241345,0.008031118,0.08686102,-0.15404949,0.044029497,-0.009157525,0.1850022,-0.2620806
-0.24464934,-0.12716685,-0.078338735,0.0048154555,0.36038658,0.11702542,0.117814906,0.5099282,0.15684229,-0.13756907,0.33000064,-0.2262588,-0.022148013,-0.03532138,0.06683754,-0.0984983,-0.3031765,-0.19344398,-0.2666274,-0.056270234,0.009422444,-0.31633478,-0.8587259,-0.23278877,0.1682903,-0.3432334,-0.02971891,-0.3433744,0.08247608,-0.5342819,-0.5068385,0.0012404791,0.0,-0.65710056,0.02518782,-0.0047505223,-0.009831192,0.13933313,-0.14119682,0.00034803152,-0.09539212,0.18797094,-0.16305876,-0.13154314
-0.27003008,0.42296064,-0.08417871,-0.009128528,0.4257534,0.05909701,-0.3013991,-0.6142676,0.14713514,-0.11429134,-0.14331985,-0.46060315,0.04706141,0.4400979,-0.2884465,-0.35239378,-0.20910609,-0.24517167,0.49107605,-0.09872405,0.004355991,-0.13857949,0.5623333,-0.64553326,0.15089794,-0.27775463,-0.1008181,-0.062932506,-0.13174151,-0.42796153,-0.5068802,0.0012404791,0.0,-0.7626811,0.013245808,-0.016137302,-0.01019826,-0.00568082,-0.34564298,-0.13685954,-0.13080308,0.10423921,-0.31191212,-0.08433117
-0.25920147,-0.079702646,-0.30623522,-0.015427811,-0.7638538,-0.26182732,-0.13636245,0.38649875,-0.055306405,-0.071861185,-0.5861263,-0.35542464,0.07404185,-1.0436572,-0.1535118,-0.52743757,-0.14359878,-0.107033126,-0.30428517,-0.12335517,-0.12568161,-0.11809597,0.3539021,-0.3538055,-0.12351437,0.2804056,-0.09642103,-0.06035354,-0.090045005,0.105360016,-0.43939424,0.00039921975,0.0,-0.07301623,0.008571705,-0.0057413126,0.0027440558,0.01971436,-0.5707327,0.25026354,-0.1820773,-0.04884024,-0.07802541,0.15736806
0.02441518,-0.51094896,0.17594425,0.003819945,-0.90862095,0.07426325,0.021141095,-0.713728,-0.072648145,-0.10915614,-0.2622532,0.12706394,0.238062,-0.92144746,0.086661674,0.4695978,-0.11668065,-0.47875524,-0.52060467,0.021103673,0.0123896655,0.14135781,-0.6741605,0.05492133,0.08476773,-0.334643,-0.014904665,0.10008661,0.026220793,-0.2497535,-0.4326425,0.00039921975,0.0,-0.06455519,-0.036364604,0.00085750036,-0.0009190807,-0.020522762,-0.0018681699,-0.16497797,-0.34610546,-0.066910215,-0.08159444,-0.46408725
-0.32714772,-0.122717366,0.0025411216,-0.018897658,-0.10711389,0.08048024,-0.3370451,0.38614708,0.17077948,-0.13912766,0.3758149,-0.40741667,-0.2296842,0.040207878,-0.21277086,-0.13711885,-0.13597393,-0.27335113,0.51559085,-0.12535805,0.009227237,0.43196818,0.73621005,-0.48641643,-0.2155267,0.677041,-0.16996887,-0.16107975,-0.1353782,-0.393285,-0.4373318,0.0012404791,0.0,-0.5952372,-0.03294075,-0.030989809,-0.000873172,-0.0737362,0.0869277,-0.06367914,0.028082225,-0.09173738,-0.06851983,0.026959816
-0.06997348,0.6181039,0.07898455,0.008660089,-0.24925205,0.17304344,0.1255353,0.83650786,-0.050704915,0.0006685265,-0.19338264,-0.15973818,-0.0050632055,-0.63464594,0.14850944,-0.18580389,0.16232602,0.5960907,-0.20042281,0.2912033,0.019346148,-0.10611435,-0.32207006,-0.30462041,-0.14330932,-0.1614849,-0.035495047,0.0038191122,0.07320104,0.24416894,-0.3441263,0.00039921975,0.0,-0.0034670127,0.018813338,-0.00010641833,0.00095135695,0.13476126,0.018378591,0.21848367,0.275004,-0.007364565,0.09126161,0.30072734
0.53351915,0.54520035,0.05823887,-0.00040411483,-0.0064895307,0.08982004,0.09956843,-0.71521276,0.13638519,0.12803897,0.23283346,0.39318517,0.24428499,-1.2161916,-0.11505094,-0.032082677,-0.16841888,-0.113743864,0.98781747,0.06419784,0.00868348,0.3227749,0.690408,0.41601843,-0.27341467,-0.24558137,0.14853406,0.09611213,-0.07021677,0.63982224,-0.3231554,0.0012404791,0.0,-0.4812025,0.06134627,0.0004937465,-0.00075447164,0.04616793,0.01679856,0.34268725,-0.4542907,-0.0063840705,0.018696653,0.25398967
-0.14979121,-0.0868485,0.21411087,0.0014004639,0.010277166,0.11842506,-0.07227502,-0.35466066,-0.057387248,0.15130208,-0.2289771,-0.1763098,-0.14949945,-0.6273039,0.068721265,0.905588,-0.0048038117,0.10693455,-0.21076801,-0.04663627,0.017529074,-0.08951191,-0.5175499,-0.09617241,-0.20668435,-0.27444246,0.10968574,0.089868456,-0.00047733728,0.3359626,0.6964346,0.00039921975,0.0,-0.033192996,0.03166551,0.0020381585,-0.00060894067,-0.04374635,0.45238498,-0.27681667,-0.20625067,-0.020253012,0.08732541,0.3809557
-0.20760486,-0.28222713,-0.4739144,0.0050851386,0.31418693,0.058642805,-0.28762442,-0.10469305,0.15576595,-0.02177919,-1.0347078,0.18934308,-0.3162475,-0.05579637,0.03372767,0.05345946,0.08553292,-0.4477065,-0.34457573,0.07821505,0.017562129,-0.7634232,0.77392834,0.20931488,-0.44657964,0.3297803,0.106317885,0.13417894,0.031735446,0.21135186,-0.4032902,0.0012404791,0.0,-0.6255785,-0.038767383,0.0025585473,-0.0007223989,-0.037442014,0.07450445,-0.20373866,0.10354399,-0.038238782,-0.15327129,0.20484647
-0.2879422,0.392045,0.33562598,-0.013627369,-0.4442312,-0.4364667,0.14778881,0.34748927,0.14299645,-0.14705208,-0.73634124,-0.4192383,0.03400817,0.42923352,-0.12091429,-0.27475196,-0.14255543,0.40898654,0.7280254,-0.038030736,0.008093607,-0.32590368,0.6453963,-0.23743467,0.15186118,-0.293968,-0.0833267,-0.08258381,0.13634926,-0.628406,-0.33970487,0.0012404791,0.0,-0.6296548,-0.054884713,-0.020163674,-0.0006222286,-0.06090448,-0.00068135303,-0.019518461,0.07280928,-0.022506269,-0.17111096,-0.08654035
0.17044112,-0.23925862,0.06536924,-0.0098313745,-0.6101202,-0.50985223,0.1975066,0.07318445,0.19001338,-0.17788067,-0.24501166,-0.36021987,-0.2237707,0.30091134,0.0841943,-0.26819688,-0.22112782,-0.20312509,0.7083885,-0.11707264,-0.12339069,0.3132509,0.7921069,0.070318624,0.16062799,-0.35275307,-0.15552318,-0.15542616,0.064209834,-0.010904949,-0.0813304,0.0012404791,0.0,-0.2577039,-0.078627825,-0.034160253,-0.0012861483,-0.06835571,0.06823835,0.028395995,0.18376005,-0.049503878,-0.34170833,-0.05154885
0.39218488,-0.13297851,-0.35732663,0.008487836,0.3872738,0.08079563,0.009834029,-0.20344184,-0.06636075,0.06860813,0.4730762,0.20216517,0.36079904,-0.84217936,0.09421262,0.6776784,-0.07195559,0.5082899,-0.43610537,0.058752812,0.014442511,0.3587107,-0.82806146,0.063220985,0.11142878,0.35162842,0.058532413,0.16740441,0.04301296,-0.07366165,-0.33093837,0.00039921975,0.0,0.007090631,-0.014818583,0.005484554,-3.5549572e-05,-0.017264692,0.09743986,-0.24704754,0.023680609,-0.007960193,0.20941095,-0.13386929
-0.085449114,-0.73470134,-0.16014843,-0.0012582294,0.00020422856,-0.49704933,0.0895658,0.21672744,0.19083941,0.108321406,0.32421914,-0.18180522,-0.19841456,-0.07199382,0.04653456,-0.22999947,-0.19772047,-0.14586613,-0.18901217,-0.09547977,0.014801405,-0.30529603,-0.8551715,-0.20065165,0.14862768,-0.38004568,-0.054137647,-0.4171532,0.04675762,-0.5660876,-0.14162683,0.0012404791,0.0,0.074656025,-0.08285527,-0.030279169,-0.001241345,-0.060030576,0.094004236,0.04286505,0.24137448,-0.074752636,-0.13481565,-0.21007566
0.2024333,0.58221745,-0.3428657,0.004528246,-0.8569781,0.098775364,-0.27529982,-0.19676447,-0.08962403,-0.0062266104,0.3086221,-0.41761538,-0.024124274,0.45035496,-0.300079,-0.19966929,0.09093112,-0.30634344,-0.225784,-0.023113564,0.01325241,0.20436652,0.64828426,0.04550328,0.061854225,-0.30838603,-0.1409239,-0.28295758,0.0048176963,-0.18693091,0.18683028,0.00039921975,0.0,-0.12422191,-0.0023322643,0.0014461922,-0.0013767437,-0.073498376,-0.08321785,-0.5071225,0.10129309,-0.008785377,-0.25859925,-0.49226043
-0.20650788,-0.089322306,0.2083598,-0.0044428674,-0.3726909,-0.42967376,0.10322362,-0.15416096,0.13432743,0.11055465,-0.29601344,-0.40621862,0.10058291,0.2818395,-0.17749095,-0.35980192,-0.14363302,0.35903946,0.52265793,0.011329431,0.0089992,-0.47479832,0.60430384,-0.20803444,0.19462547,-0.4503056,-0.07709218,-0.279416,0.17254901,-0.43161803,-0.36813906,0.0012404791,0.0,-0.5820272,-0.05857312,-0.01057468,-0.0006222286,-0.054933537,0.028457452,0.145638,-0.16192679,-0.030293271,-0.09560861,0.05803811
-0.10695707,-0.31596538,0.0539834,-0.004713153,-0.40587854,0.105871156,0.18059498,0.116936214,-0.0789891,0.07556899,-1.17005,-0.28048453,-0.09952105,0.24777192,0.16937722,-0.03274794,-0.27709484,0.019792262,-0.36223498,-0.033986736,0.015137861,-0.65097594,0.40817672,-0.06492212,-0.30687007,-0.4134045,0.021600043,0.039058343,-0.10490657,-0.15104964,0.43491197,0.00039921975,0.0,-0.07258542,-0.010792974,0.000784835,-0.01019826,-0.06468446,-0.08874501,0.017899312,-0.23931657,0.004648281,0.056794327,-0.47344702
-0.37980068,-0.24098966,-0.34113863,-0.0036345413,-0.026651625,-0.35563257,-0.2418881,-0.19003911,0.15536778,-0.12177544,-0.27620965,-0.3603224,-0.08874287,0.024633396,0.22411135,-0.3454798,-0.23785499,0.24353936,0.4539853,-0.11165103,0.012744715,-0.5017212,0.72607136,0.018330965,-0.30381995,-0.4342501,-0.08247138,0.0129351765,-0.008832439,-0.15195645,-0.46638632,0.0012404791,0.0,-0.7209666,-0.0486543,-0.011981836,-0.0013767437,-0.058642387,-0.0035713264,-0.31028256,-0.3269669,-0.10458792,-0.053349327,-0.06292165
0.0060796537,-0.14750408,-0.0995839,0.001874714,0.07065423,0.08872388,-0.20601718,-0.31174335,0.15797925,-0.21770602,-0.16201189,-0.17678562,-0.18754655,-0.8489708,0.046982575,-0.36425775,-0.11607512,-0.09853658,0.5702177,0.13888374,0.005566802,-0.36167485,-0.9744398,0.050690822,0.14244904,-0.22090995,-0.08820221,-0.003985585,-0.09828745,-0.0209291,-0.16545814,0.0012404791,0.0,-0.020360533,-0.063740134,-0.031061277,-0.010153457,-0.051661436,-0.06811657,-0.04324981,-0.36069855,-0.08791008,-0.036740713,-0.100376174
-0.029554913,0.4380543,0.18261722,-0.017242214,0.40217265,-0.2785532,-0.19623433,-0.1468342,-0.05753273,-0.17336284,0.25802788,-0.25741908,-0.18313728,-1.0017909,0.1550493,-0.31115168,-0.2529185,-0.25932923,0.6177825,0.010799405,0.007700099,0.14496607,0.6395379,-0.31765464,-0.18558532,-0.38112637,-0.09330439,-0.54769003,0.054384917,-0.7199123,-0.40343976,0.00039921975,0.0,-0.08189659,-0.019893201,-0.0049129473,-0.0012861483,-0.067632906,0.13276087,0.1452383,-0.09336548,-0.037991755,-0.045033183,-0.047865584
-0.17322531,-0.21538554,0.089159496,0.0012140807,-0.85244036,0.11227323,-0.13016713,0.49840245,-0.069512054,-0.20246802,-0.42265746,0.08899888,-0.41454458,-0.9471186,-0.01980853,-0.13924673,0.03206575,0.46855,-0.36675394,0.044079766,0.017005866,-0.042460844,-0.74036866,-0.22915737,0.062622495,0.26555714,-0.058146447,-0.04955313,-0.105080895,-0.18944822,-0.4612227,0.00039921975,0.0,0.045942,-0.032486122,0.002855853,3.3301185e-05,-0.0429493,0.06706762,-0.052993402,-0.14275844,-0.042956606,-0.11942924,0.13253134
-0.018678144,-0.29602432,0.10446827,0.009703506,0.39653963,0.1138713,-0.15095715,0.0871772,-0.084348045,-0.24605702,-0.30705974,-0.22851685,0.24591017,-0.18926133,0.050883204,-0.22737266,-0.23651963,0.2616226,-0.40880215,-0.0869457,0.010043874,0.22727409,-0.9889488,-0.04685108,0.25565925,-0.36064485,-0.1355157,-0.14934754,0.061384127,-0.094492,-0.33181018,0.00039921975,0.0,-0.08355971,-0.0073330607,0.0014537601,-0.0009190807,-0.06574053,0.13846159,-0.06898368,0.012111269,-0.028061433,0.034130294,-0.14273866
-0.17624076,-0.17007428,0.026244938,-0.026101705,-0.42393485,0.06371044,0.1606185,-0.5834804,0.18618348,-0.12575759,-0.20691964,0.16659737,-0.21390218,-1.1839815,0.1342218,0.4485016,-0.027234305,-0.1383947,-0.510616,-0.013953516,0.015963154,0.24693389,0.54611087,0.31707633,-0.114910446,-0.3795579,0.06471771,0.007579464,-0.07129291,-0.21134324,-0.0021354223,0.0012404791,0.0,-0.16782904,0.07072605,-0.0032165642,-0.0012861483,-0.026441133,0.017838676,-0.06845333,0.00579208,-0.006779758,-0.22604407,-0.2523035
-0.18149556,-0.14606036,0.04140995,0.0019876463,0.35719898,0.06970851,-0.07169826,-0.40956837,-0.07263283,0.097341746,-0.2248972,-0.20411642,0.1868883,-0.8295131,0.083966695,-0.38316357,0.14681534,0.062103108,-0.24806263,-0.012039608,0.014798434,0.38843307,-0.7882513,0.011056303,-0.10573085,0.6906716,-0.10844135,-0.07419781,-0.15326701,-0.07860823,-0.30203688,0.00039921975,0.0,-0.12998879,0.014764362,0.004541411,-0.0096115805,-0.054569338,-0.2779659,-0.1419285,-0.04021388,-0.07449562,-8.1362785e-05,-0.17299977
0.19366136,-0.20465319,0.14951967,0.0046715643,-0.83032155,0.055087067,-0.041205414,-0.57738554,-0.0750054,-0.06518824,-0.22784019,0.15566236,-0.45396388,-0.07327699,0.029781703,0.6325475,-0.22390151,-0.16176642,-0.58292836,-0.07715376,-0.11401276,-0.379449,-0.87163436,0.14992638,0.1029796,-0.31323877,0.104785755,0.14922054,0.03208115,0.28034014,-0.63195413,0.00039921975,0.0,-0.103545725,-0.017695704,0.0024867032,-0.0009190807,-0.032209422,0.31407058,-0.19914167,-0.24322695,-0.02873169,0.08632647,-0.38306785
-0.22367834,0.5086994,0.15009753,0.001806619,0.5119568,0.08401583,0.14146125,-0.6348371,-0.06475374,-0.044101454,-0.23816948,0.24658218,0.33983514,0.058193877,0.07790663,-0.11448407,-0.057423066,0.087535895,0.757935,-0.009982085,-0.11810381,-0.34784943,-0.89769864,-0.27424535,0.29330462,0.757524,0.11217595,0.14859924,0.028367598,0.30438703,-0.13662311,0.00039921975,0.0,-0.042811595,-0.016170071,0.0030594545,-0.00063061854,0.0074010757,0.13602108,-0.23446396,-0.05577456,0.02021249,-0.088174224,0.28953594
0.15340368,-0.27249777,-0.05718805,0.0073191854,0.29854667,-0.17955188,-0.2565479,-0.8181091,0.17155407,-0.1296891,0.14934537,0.28647727,-0.24773325,0.5075812,-0.13404772,-0.10260393,0.008228603,-0.24444975,-0.36319298,-0.21308723,0.008733625,0.1989176,0.7034907,0.04569101,-0.17987195,0.63072926,-0.16469146,-0.14496194,0.00568723,-0.19495994,-0.35485065,0.0012404791,0.0,-0.7586296,-0.12767564,0.017215192,-0.000873172,-0.008026384,0.0689518,-0.39959785,0.18203585,-0.03260415,0.09815894,-0.12602107
-0.02520364,-0.17798962,-0.14486128,0.0036571505,-0.675311,0.09238037,-0.2349982,-0.7618188,-0.06519734,0.09711799,0.20639756,-0.19989733,0.008532043,-0.01929646,0.18930303,-0.23167846,-0.2107492,-0.3255132,0.57222617,-0.13984293,0.012422293,-0.48572627,0.54799217,-0.023884261,-0.23090443,-0.4177074,-0.033310756,-0.46918327,0.11928037,0.028312884,0.57708865,0.00039921975,0.0,-0.080955364,-0.020155996,-0.0016684672,0.00044075493,0.09581761,0.04857157,0.17266911,-0.21411501,-0.030002521,0.0146328155,-0.06819126
-0.18818785,-0.4798004,-0.186613,0.0017546609,0.44618413,-0.42592072,0.104886316,0.110739246,0.17114386,-0.06606849,-0.23032363,-0.2630955,0.19355568,0.23487361,0.07004166,-0.30424264,0.15246591,0.32296547,-0.22944039,0.021601504,0.0140636265,-0.16203803,-0.99285334,-0.0499303,-0.17056575,-0.30629107,-0.042136516,-0.23804088,0.007465603,-0.3377119,-0.3275659,0.0012404791,0.0,-0.61452943,-0.035103273,-0.016258532,-0.0005774253,-0.052135315,0.03942359,-0.23083934,-0.07448819,-0.071604826,0.09130408,-0.18240465
-0.16277073,-0.36109513,0.011923587,0.0061204415,-0.11706886,0.07512887,-0.3255876,-0.6997384,-0.048826274,-0.02299585,0.14140926,-0.2702198,-0.24727711,0.17007203,0.06672657,-0.4110253,0.07209529,-0.2653343,0.41686746,-0.07346325,0.011568438,-0.1409271,-0.9416841,-0.23418161,-0.23684949,-0.25737718,-0.09771644,-0.27428246,0.06436994,0.28586268,-0.37718213,0.00039921975,0.0,-0.12024648,-0.0009009205,-0.007961677,0.0020016644,0.021711301,-0.19466299,0.311291,-0.08671775,-0.032395568,-0.18681079,0.19035847
-0.33245924,-0.3934882,0.11269753,0.008424685,0.2743797,0.12258915,0.07846254,0.1386498,-0.054202493,-0.09919069,-0.34531757,-0.29886988,0.015492051,0.41400424,-0.005510859,-0.51511735,-0.1801225,0.46812814,-0.36565334,-0.15490599,-0.13609675,-0.082084686,-0.75346833,-0.38147357,-0.25137028,-0.220062,0.003073814,0.10776804,-0.092534736,0.18977338,-0.50419414,0.00039921975,0.0,-0.013769747,0.008771459,0.0011861813,-0.0003834354,0.038331006,-0.52376294,0.047969863,0.039027695,-0.04968557,0.022980493,0.08815741
0.02430911,0.33266667,-0.51723385,-0.0030178295,-0.377837,0.112458095,0.102247305,-0.7128268,0.16241743,-0.036873713,-0.17285536,-0.32031202,-0.21093561,0.007989463,-0.21981287,-0.27949795,-0.23308519,0.24178597,0.64240426,-0.15798768,0.005516474,-0.61748785,0.5613118,-0.03824791,0.084914,-0.28833097,-0.12250939,-0.11628549,-0.010596906,-0.1423674,-0.24169521,0.0012404791,0.0,-0.5640427,-0.06490113,-0.011981836,-0.0013767437,-0.054787256,0.057775736,-0.36697498,-0.44473454,-0.027972892,0.030883495,0.025447471
-0.050600257,0.41361308,-0.45080346,0.00802797,0.11295516,-0.31517947,0.112793185,-0.5483667,-0.06911155,-0.017480092,-0.19356446,-0.26031464,-0.12938222,-1.3440441,-0.27382097,-0.23884803,0.0690811,0.35641918,-0.28179622,-0.09490622,0.014536042,-0.099175654,0.5116268,0.04460849,0.092391066,-0.37822995,0.0936416,0.0663822,-0.019247187,0.24954528,0.37849978,0.00039921975,0.0,-0.023544045,0.013384285,0.002104776,-0.00075354637,-0.10611765,0.081077546,-0.37125167,-0.32736397,-0.018667566,0.10344859,0.26661766
0.16212463,-0.23388317,-0.038985327,0.01733065,0.3920119,0.032756645,-0.15116693,-0.124748,0.1902706,0.070903525,-0.33790156,-0.24930504,-0.10599922,-1.2751575,-0.22538635,-0.25790355,0.11822338,-0.20920555,-0.42573848,-0.02258649,-0.089726135,0.10412426,0.4251156,0.01576734,-0.30218947,0.3118942,-0.18542607,-0.12571457,-0.13674982,-0.119149804,-0.0685568,0.0012404791,0.0,0.144422,-0.028431375,-0.025033496,-0.0027182482,-0.09105482,-0.06733434,-0.10702985,-0.099641256,-0.08272407,-0.23061767,-0.12404397
-0.15909357,-0.1990824,0.12749395,-0.0053528775,0.4295131,0.07691549,-0.074349865,0.463354,-0.08968701,-0.059005644,-0.39883578,-0.20645523,-0.35312995,-1.2574457,0.22886997,-0.14117858,0.11137821,-0.20090033,-0.34181947,0.0651384,0.009773122,0.38382316,0.5694539,-0.037032466,0.114491306,-0.29993057,-0.10202223,-0.29212326,0.08033486,-0.05084656,-0.5275119,0.00039921975,0.0,-0.14278084,-0.015584523,0.0050189835,-0.0012861483,-0.08861573,-0.08856184,0.102930464,0.003367263,-0.03421516,0.017439587,-0.06368899
-0.24085765,-0.30361077,0.009893729,0.0029598111,-0.32621184,0.1489635,-0.33170372,0.13441497,-0.08485121,-0.23157814,0.9036369,-0.37046152,-0.06793317,-0.05003057,-0.2803823,-0.17275685,-0.16865551,-0.7836495,-0.30756778,-0.086982004,0.013190505,0.38468087,0.44919592,-0.007555141,-0.2282947,-0.39290294,-0.10367804,-0.19386785,0.10391693,0.19491342,0.47875047,0.00039921975,0.0,-0.102440305,0.0013060174,0.010447217,-0.010329577,-0.07969416,-0.06819734,0.2927701,-0.04936613,-0.004527839,0.013004961,0.18672983
0.055230074,-0.20053399,-0.28325942,0.002627978,-1.0277921,-0.3809528,-0.21028775,-0.1638344,-0.07449418,0.22017412,0.25253642,0.3924639,-0.33762047,0.398316,-0.12594737,-0.04814376,-0.14160587,-0.02358966,0.7197449,0.048680842,0.009828435,0.23525675,0.78729427,0.070113584,0.21382107,-0.26441717,0.021003833,0.033490732,0.036475927,-0.17132528,-0.42457193,0.00039921975,0.0,-0.011060148,-0.03811876,0.019207105,-0.0013767437,0.018950053,-0.05661134,-0.31700638,0.18018453,-0.06915255,0.07171323,-0.24705626
0.18287423,-0.28947845,-0.0068354635,0.00484957,-0.1244954,0.08976077,-0.17513172,0.5629318,0.15378776,0.038825255,-1.2304183,0.21855184,0.32046902,-0.13588822,0.08484756,-0.07364415,-0.17673035,0.26249063,-0.48945698,-0.00032594893,0.011259306,0.103897996,-1.0367905,0.075844675,0.3200789,0.28489465,0.02620863,0.023945184,-0.07789354,-0.16623521,-0.3098457,0.0012404791,0.0,-0.8322303,-0.017970959,0.012348965,0.0025389954,-0.026565803,0.029882966,0.038752966,-0.05816759,-0.014905938,0.12501627,-0.2925871
0.21666333,-0.35433763,0.12531361,-0.0022878558,0.2505629,0.03893692,-0.13811998,0.648862,-0.05999584,-0.13251798,-0.36040887,-0.23905186,-0.23174487,-0.124283165,0.08120751,-0.24889943,-0.22106688,0.39398694,-0.32717043,-0.0324119,0.013324966,0.27649322,-0.8587177,-0.0006538406,-0.26120454,-0.23465398,0.15039104,0.1100037,0.02844204,0.3198201,0.33354527,0.00039921975,0.0,-0.027423026,0.006713498,0.0024342085,-0.00030861713,-0.060174406,-0.04241856,-0.25816846,0.019192602,-0.039129905,-0.29904136,0.20485209
-0.19487798,-0.46615696,-0.013314303,0.010137453,0.27312985,0.14543575,0.07076093,0.19016534,-0.06917622,-0.12279646,0.43692526,-0.32750037,-0.07150059,0.30965692,-0.2868646,-0.023296962,-0.3256384,0.35977495,-0.39566004,-0.033763077,0.014557196,-0.046355594,0.5317165,0.04528414,-0.21585448,-0.40969872,0.019430298,0.036669984,-0.10612889,-0.11369629,0.39788172,0.00039921975,0.0,-0.012551574,0.0066599315,0.001897177,-0.0028510902,-0.09881419,-0.09866456,0.02077396,-0.20144533,-0.0054511563,-0.10149821,-0.5572744
0.099118225,-0.18359709,0.30397013,-0.0013778602,0.5036113,0.04334595,0.096401885,-0.5480246,0.15688005,0.14668505,0.3432045,-0.16007455,-0.1123923,0.31432533,0.03932081,-0.08035936,0.18275471,-0.13726933,-0.221497,-0.066659644,0.012862366,0.26109815,-0.90137243,0.02025941,-0.19495685,0.8796438,-0.04147098,-0.27327046,0.03232973,-0.4492909,0.08951697,0.0012404791,0.0,0.3999377,0.08302625,0.026822843,0.0018750757,0.25905657,0.17547923,0.039964177,-0.038683157,0.19643721,0.01345267,-0.15699561
0.22360462,-0.2155086,0.13608824,0.0033084555,0.30298582,0.030795587,-0.02273657,-0.124996595,-0.07179249,0.022500526,-0.32522887,0.21780582,-0.405218,-0.76284766,-0.13155057,0.6988221,-0.232168,-0.14592643,-0.4611383,-0.13251741,0.012912559,-0.5515288,0.47645006,0.3049041,-0.42503634,-0.33734375,0.16214849,0.13464393,0.030557312,0.40615308,-0.5072512,0.00039921975,0.0,-0.08613147,-0.016655792,0.0017760375,-0.00075447164,-0.020083167,0.338475,-0.1591081,-0.25903663,-0.010028663,0.021301396,0.3450236
-0.046885185,-0.043250147,0.53298455,-0.01108073,-0.13360164,0.14169997,0.23429868,0.66714776,0.14634149,0.2362359,1.0680833,-0.13834064,0.1856472,-0.6421225,0.06012875,-0.27984965,0.08857469,-0.10992567,-0.15789792,0.011664771,0.020095479,-0.052001383,-0.42705902,-0.23297651,-0.14779706,-0.16054104,-0.0061005354,-0.15284505,0.047131352,-0.37876368,-0.055345856,0.0012404791,0.0,0.18491933,0.039741833,0.022744928,0.0020016644,0.051917687,-0.34091038,0.0932447,0.36276594,0.19078997,0.15343076,0.20703864
-0.2361608,-0.20423944,0.028869867,0.0060947775,-0.91542405,0.063054256,-0.2700343,-0.20333992,0.15378422,-0.19345562,0.3447014,0.15311164,-0.21901298,0.44317093,0.031014347,-0.16766608,-0.094950885,-0.023949314,-0.30162188,-0.09828511,0.013579177,0.4720133,-1.3969356,-0.18769099,0.08025237,0.123160094,-0.008580985,0.089589454,0.031692557,-0.16368023,-0.4679999,0.0012404791,0.0,-0.7261782,-0.08865682,0.002974198,-0.0006994693,-0.030479329,0.036076114,-0.3162607,-0.0805534,-0.02971189,-0.2621726,-0.37986043
-0.13114952,-0.29481295,0.06061478,0.0034729086,0.059115943,0.09699359,-0.1645861,0.43251267,-0.08445548,-0.1642809,-0.27355,-0.25326127,0.17050022,0.39376372,0.029131647,-0.21380225,-0.17168452,-0.28941983,-0.27112925,-0.054115783,-0.111276194,-0.4971507,-0.8562006,-0.04131418,-0.25009158,-0.35220626,-0.07607276,0.13725239,0.044940628,-0.6921151,-0.37711754,0.00039921975,0.0,-0.092520855,-0.011424757,0.00078051066,-0.0009190807,-0.06538619,0.18163279,0.07808806,-0.021503683,-0.053973738,0.0077845505,-0.25094202
0.36575136,-0.21809436,-0.29728046,-0.01045776,0.19675824,0.055365335,-0.14786543,-0.2651533,0.14477167,-0.21539685,-0.8326962,0.19832212,-0.30302453,-0.8549517,-0.025957786,0.16658883,-0.18103123,0.201172,-0.38302043,-0.10476678,0.01594936,0.16545385,-0.9724557,0.08672106,-0.12551743,-0.23177369,0.17027907,0.10112313,0.044545885,0.3137736,-0.11114594,0.0012404791,0.0,-0.22200343,-0.017419392,-0.009150101,-0.0006832065,-0.042182896,0.046370406,-0.20582645,0.045990244,-0.04569818,0.14599606,0.1822596
-0.23401,-0.21013449,-0.5584693,-0.0056234547,0.3444631,0.057248704,0.04710281,-0.22230375,-0.074453354,0.015608857,-0.22866985,-0.22514611,-0.18508065,-0.78341115,0.059462223,-0.35680628,0.10369559,-0.6327032,0.5693173,-0.02703871,0.0062679797,0.44449422,-1.0538746,-0.24577953,0.084295675,0.24459311,-0.13951781,-0.27767554,0.028825149,-0.40245456,-0.49783966,0.00039921975,0.0,-0.15775034,0.015197691,-0.0075930906,-0.0096115805,-0.050354052,-0.1811304,-0.04078251,0.035185497,-0.054922037,-0.04792228,0.016928429
-0.14661647,-0.23516421,0.041919336,0.001204412,0.30646393,-0.24794465,-0.2592503,-0.09341592,0.16517931,-0.37752312,-0.29567534,-0.30716214,0.07716022,0.506245,0.14606139,-0.289346,0.15010205,-0.20871617,-0.2954805,-0.19929013,0.011039155,-0.09121564,0.7675481,-0.24875742,0.2207991,0.4183994,-0.09858468,-0.53362453,0.10604486,-0.46844748,-0.40902305,0.0012404791,0.0,-0.62242305,-0.028190577,-0.013333045,-0.009785283,-0.054630116,-0.17287302,0.26343912,-0.029972572,-0.060095515,0.055167418,-0.048377905
-0.15653196,-0.6778198,0.34233493,0.003220113,0.48445067,0.020208951,0.13491695,-0.5982217,-0.060086023,-0.13804406,-0.14893904,-0.26364014,0.2601456,0.278298,0.069553405,-0.3007477,-0.0035559554,-0.22405009,0.6920138,-0.03465579,0.010090439,-0.07348867,-0.9882865,0.03386826,0.14910136,-0.3406203,-0.070366435,-0.37175566,0.039511856,-0.37828743,-0.210825,0.00039921975,0.0,-0.1813469,-0.0053902417,-0.017376194,-0.0009190807,-0.080355324,0.057470366,-0.29324782,-0.036292598,-0.038174156,-0.17498705,-0.3879802
-0.13909858,-0.19564389,-0.0633636,0.0009334674,0.33454266,0.11043027,-0.22426407,-0.9789033,0.14144379,-0.042059336,0.20475678,-0.4393986,0.026512895,0.3095238,-0.23021239,-0.58629686,-0.1904092,-0.20551217,-0.2570893,0.049907174,0.012672802,-0.13025399,0.4571202,-0.39304176,0.24282399,-0.31851193,-0.039481565,-0.038109966,0.147602,0.052246116,-0.48715883,0.0012404791,0.0,-0.7090359,-0.014351094,-0.005697397,0.003261875,0.01793105,-0.4575983,0.37022308,0.11850827,-0.037261218,0.10023254,0.05661525
-0.09450954,0.60925883,0.13463347,0.0031063335,0.06440515,-0.2514839,-0.13679211,-0.57593495,-0.05572178,-0.05604627,-0.21315771,0.19471154,-0.36391926,0.05334005,0.0424801,-0.28925216,-0.16590242,-0.17312354,0.59924614,0.06840095,0.010094775,-0.5676161,-0.8930745,0.14019443,-0.085086375,-0.36673108,-0.076549485,0.03403255,-0.06396088,0.2665347,-0.33906814,0.00039921975,0.0,-0.05005961,-0.054820146,0.010742905,-0.0012248707,-0.015616796,0.049341097,0.2397549,-0.39544272,0.01032217,-0.009553995,0.15317792
-0.090202086,-0.24051914,0.05842051,-0.0037735454,0.32995465,0.056753937,-0.36577794,-0.9421284,0.13770649,-0.117737636,0.119689345,-0.2525986,0.11188692,0.24865018,0.2694126,-0.3476071,0.09428125,-0.6313072,0.5988738,0.012358755,0.006727132,-0.4473391,0.75765586,0.08662891,0.2142496,-0.3444469,0.031241506,-0.0057252683,-0.009909861,-0.16375522,-0.38456723,0.0012404791,0.0,-0.72658056,-0.030418498,-0.015278976,-0.0012861483,-0.09572723,0.033806648,-0.27623376,-0.32971457,-0.051771995,-0.052862808,-0.29063517
-0.05151409,-0.29106832,-0.28324193,-0.020975104,-0.38332415,0.13011737,0.08214303,0.2759659,-0.0899942,-0.1323204,-0.34149206,0.107364304,-0.020598857,-0.10855953,0.0011237843,-0.13121629,-0.09657595,-0.2391173,-0.3616543,-0.024723828,0.016913336,-0.3131902,-0.76853746,0.056183327,0.10157793,-0.2460931,-0.09800222,0.0020221323,-0.08769113,-0.11309054,0.36910057,0.00039921975,0.0,-0.3322337,-0.01720536,0.00216847,-0.0009190807,-0.014819625,0.107828006,-0.023424655,0.18702993,-0.069362946,0.06437747,-0.38003922
0.031915005,-0.025850108,-0.10207342,0.017713068,-0.089177914,-0.17151566,-0.11473168,-0.52641034,-0.059931148,-0.008460128,0.96298337,-0.100783475,0.018522495,-0.7466713,0.3366278,-0.052441202,0.073807895,-0.2633806,-0.22756404,0.15448621,0.01902802,-0.055975493,0.7263674,-0.06712627,0.13225082,0.64405566,-0.049791675,-0.21252537,0.121603034,-0.20077811,0.7108022,0.00039921975,0.0,-0.050269566,0.00598574,0.00015525374,0.008011065,0.14251645,-0.0045983703,0.5745755,-0.009085698,-0.018194966,0.13828829,-0.0014976615
0.07655115,-0.14562528,0.12604709,-0.010963881,0.2926221,-0.28115302,0.098611966,-0.19831102,-0.07084477,-0.26996616,-0.32982558,-0.10035642,-0.10569386,-0.6681286,0.092167,-0.20650852,0.033855043,0.45088223,-0.32539758,-0.047039013,-0.14833677,-0.22688153,-1.1238464,-0.019552816,0.105603874,0.49087954,-0.095992126,-0.046153825,0.11205909,-0.09937508,0.35366857,0.00039921975,0.0,-0.048427377,0.021626748,0.0014950878,0.0025389954,-0.07826752,0.1281896,0.28669697,0.010782741,-0.021100936,-0.11971512,-0.20388335
-0.07001655,-0.18106635,-0.26680872,0.00060048467,0.0719653,0.05212365,-0.18481092,-0.9131699,0.18045652,-0.012214652,0.14102599,-0.41306806,-0.31647208,0.24235132,-0.29167023,-0.06321058,-0.26836154,-0.1976959,-0.30295324,-0.21655571,0.010896141,0.16204497,0.4994958,-0.020423317,-0.2919897,-0.44277176,-0.11342776,-0.031631116,0.111064546,-0.0909999,-0.31826037,0.0012404791,0.0,-0.5486484,0.009972479,-0.0007766947,-0.010288855,0.08537431,-0.12329153,0.046931054,-0.04141112,0.11062553,0.0526009,0.06199986
0.23028407,-0.27697176,-0.0017027876,-0.0007361893,-0.38417283,0.01312585,-0.17690769,-0.28368858,-0.07089066,-0.07389858,-0.29797232,0.26380146,-0.22011112,0.4173048,0.054411553,0.47510844,-0.07867969,0.088389754,-0.45574227,-0.06831821,0.019742148,-0.040618148,-0.9155607,0.03961415,-0.23271923,-0.29948658,0.13811256,0.12213577,0.025651425,0.378794,0.493094,0.00039921975,0.0,-0.05976813,-0.03223727,0.0014223962,-0.0012248707,-0.02888609,-0.035816893,-0.2279326,-0.06560658,-0.0059119575,0.15561722,0.28927177
-0.18360186,-0.1838032,0.22981861,0.012063333,0.4143505,-0.36488348,0.14205176,-0.18696895,-0.07671579,-0.0921536,-0.31987572,-0.2369592,-0.07508344,-0.99388987,-0.21587673,-0.26417404,-0.13649459,-0.87923133,0.620191,-0.047241505,-0.09233913,-0.4351224,0.4583405,-0.13183168,0.09222751,0.58815634,-0.067497574,-0.060658008,-0.13555498,0.17994821,0.30882725,0.00039921975,0.0,-0.080644846,0.005153601,0.00017941164,-0.0012066694,-0.074492276,0.079218246,-0.17677395,-0.12095572,-0.035498526,0.103043154,0.12637556
0.2141976,0.6206698,0.097354405,0.002643966,-1.2288686,-0.19475602,-0.21178894,-0.5455125,-0.07081287,-0.14481314,-0.23483323,0.32592613,0.18703039,0.07515908,-0.17699228,0.49630964,-0.19582552,-0.72978973,0.8330402,0.06157969,0.007666935,-0.14704399,0.40604374,0.12185544,0.04305905,0.34143895,-0.009906582,0.042353828,0.03544665,-0.23079756,-0.28847507,0.00039921975,0.0,-0.066090435,-0.034232788,0.011110503,-0.000873172,0.025446774,-0.07349816,-0.23780632,-0.20838007,-0.047650374,0.14650397,-0.010356756
0.09767883,-0.18548556,0.29765797,-0.00039989932,0.38298002,0.050596535,-0.22224438,-0.56271887,0.16099747,-0.06672177,-0.18390487,-0.19990608,-0.12446444,-0.6203499,0.06635652,-0.41075563,-0.16685261,-0.7670894,0.507796,0.089006245,0.0063059963,-0.19087173,-0.9003862,-0.034226593,0.11813816,0.56923485,-0.040528968,0.018834913,0.082844794,0.015757006,-0.42743662,0.0012404791,0.0,-0.4804962,-0.020108253,-0.01690351,0.0018750757,-0.08272963,0.026616296,0.21027428,-0.10892076,-0.10195491,-0.05648334,-0.31779966
0.11713639,-0.21935329,0.16663969,0.0028951257,-0.80641603,0.11313447,0.108537406,-0.18483312,0.18797475,0.014137257,-0.36323687,-0.29483494,0.074691296,0.37006596,0.25003034,-0.15288776,-0.06837713,-0.16695182,-0.30753666,0.07993032,0.015085003,-0.6492424,0.5099221,0.014688862,-0.25970355,-0.32950175,0.004795003,-0.025407804,-0.0052119996,0.049687285,-0.2613429,0.0012404791,0.0,-0.55502325,0.0066947695,-0.0041783513,-0.0012861483,0.044724032,0.08802417,-0.2916044,-0.14993119,0.07262297,-0.0056798737,0.047794115
0.22888866,-0.15437844,-0.29608878,-0.023148328,-0.033664692,0.12021429,-0.17789747,0.3119498,-0.07469948,0.076143466,0.27928194,0.07926225,-0.03983178,-0.9466858,0.1419067,-0.25791815,-0.16173814,-0.2904728,-0.2594417,-0.031689636,0.014305476,-0.36108485,-0.68533504,0.05136567,-0.32985896,-0.24875781,-0.11787274,0.055137772,-0.012991659,-0.05944499,0.44073683,0.00039921975,0.0,-0.33290476,-0.023714965,0.0017101928,-0.0030864212,-0.019201275,-0.11509145,-0.37286976,-0.13026568,-0.009039543,0.12535295,-0.44498104
-0.11942651,-0.71601313,0.11754363,-0.00089819886,-0.50691974,-0.48402768,0.057830058,-0.2156981,0.17057353,0.08837937,-0.2636418,-0.2199443,-0.14727192,-0.1220901,0.04068135,-0.19158374,-0.24983889,0.17780104,-0.2781309,-0.05161155,-0.135978,0.09472597,-1.1085894,-0.014837625,-0.15635113,-0.3723238,-0.06825073,-0.12767817,0.074924,-0.08647031,-0.13763261,0.0012404791,0.0,-0.12739357,-0.10216214,-0.029916223,-0.0009190807,-0.0740367,0.14061004,0.16852774,0.1333575,-0.090990655,-0.08525717,-0.09158429
-0.2038697,-0.5472681,0.0872449,0.0025750166,-0.8491526,0.07986205,0.074657485,-0.52097,-0.06104701,-0.15407595,-0.14909886,-0.16461413,0.21061961,-0.65661895,0.06365013,-0.35732198,0.02669575,-0.2653932,0.6005515,-0.07615983,0.011102253,-0.19127941,-0.78182745,0.041896522,0.087230615,-0.30037898,-0.064472556,-0.18194123,0.107993044,-0.32118523,-0.37517354,0.00039921975,0.0,-0.09995437,-0.024680294,-0.0057990663,-0.009831192,-0.030911226,-0.08337541,0.41217947,-0.304785,-0.047713805,-0.07339924,-0.17319202
-0.43923524,0.3947369,-0.43923682,0.001709302,-0.5046177,0.081483416,-0.08709995,0.09340457,-0.06813584,-0.05605729,-0.26028508,0.14054784,-0.33547315,-1.3501537,-0.17110479,0.15793337,-0.09498363,0.40275523,0.86737233,-0.10901522,0.0090030655,-0.48613334,0.34835732,0.011005756,0.07116369,-0.35555896,0.053126063,0.059949826,-0.10788563,-0.21200144,-0.278443,0.00039921975,0.0,-0.056905583,-0.03967364,0.0024362928,-0.000712824,-0.013702409,-0.088662885,0.10082765,-0.2801991,-0.00672584,-0.24796018,-0.21835741
-0.03238294,0.5839273,0.064344674,0.014216927,0.123023525,0.12244181,0.19827788,0.092433035,-0.06320461,-0.12758528,0.4206113,-0.26070705,-0.13839743,-1.4489349,-0.31840646,-0.2010343,-0.16253255,0.057561174,-0.2822541,-0.12442868,0.01745013,-0.063216016,0.3088458,-0.019408576,-0.35459316,0.38136667,-0.1380335,-0.12447806,0.004962953,0.1110497,0.37514666,0.00039921975,0.0,-0.0733466,0.0034720353,0.0010342682,-0.00059073936,-0.08775057,0.025937876,-0.48397315,-0.11518227,-0.014331477,0.035099022,0.172002
-0.13131446,-0.1859327,0.22499627,0.00015432539,-0.33020875,0.123397596,-0.23866923,0.4391275,0.17586315,-0.21227406,0.32178074,-0.19037725,-0.10704786,-0.90751094,-0.004580841,-0.01719215,-0.11959021,-0.6193949,-0.21878982,-0.13318217,0.016237043,-0.092224434,-0.7840124,-0.0019799997,0.11683015,-0.21706444,-0.061786458,0.01927659,0.0407317,-0.036139857,-0.1658862,0.0012404791,0.0,-0.15129372,0.017528158,0.021853238,-0.0009190807,0.28689125,0.19374833,0.0575369,-0.08344044,0.24783042,-0.07087374,0.04222693
-0.24216788,-0.125707,0.28661525,0.0020753336,-0.3985777,-0.5248017,0.18370922,0.06829452,0.15197589,-0.32380772,0.73388433,-0.20609647,-0.18454632,-0.85872334,0.013284604,-0.31570175,-0.1475548,-0.119028896,0.6698424,-0.13717069,-0.08095565,0.22019492,-1.0644392,-0.4129366,-0.114523515,0.29865864,0.0024918434,0.00050067576,0.025481503,-0.10128177,-0.18485509,0.0012404791,0.0,-0.15663277,-0.036452282,-0.036860965,0.0018750757,-0.06132487,0.14579341,-0.25261503,0.11833705,-0.10284197,-0.066045694,-0.06218143
-0.3514744,-0.12394996,0.20331754,-0.011090122,-0.28670767,0.102528594,0.10057366,-0.13997082,0.12969008,-0.05702308,0.3360644,-0.38056985,0.0014394969,-1.1082004,-0.20254621,-0.502053,0.08119886,-0.051795952,0.8094114,-0.024502404,0.005962113,0.2736236,0.45025128,-0.47519767,-0.19063824,-0.32700157,-0.05281852,-0.067960456,0.17808382,-0.08753415,-0.5021392,0.0012404791,0.0,-0.6014332,0.0047889575,-0.016079606,0.0024026225,0.053965148,-0.25684744,-0.0024318115,-0.15496111,-0.04641916,-0.27245134,-0.28770855
0.0033341944,-0.16934115,-0.31549996,-0.010289962,0.3156793,0.08261155,0.16635191,-0.8256952,-0.079472885,-0.14065214,-0.20585452,-0.12440491,-0.13550268,-0.8367096,0.1115522,-0.26549494,0.006418065,-0.06270484,-0.24640112,-0.14397423,0.013773492,-0.28025892,-0.7547754,-0.07036421,0.12368332,-0.23000893,-0.0090368865,0.023943,-0.019511046,-0.11825493,0.5394943,0.00039921975,0.0,-0.08229474,0.010827995,-0.0003197592,-0.010153457,-0.07205318,-0.19904989,-0.41678873,-0.22850895,-0.034584153,-0.1992403,-0.19266322
-0.05888159,0.42667973,-0.1447503,-0.00051058363,-0.31914213,0.08698124,0.018155044,0.19635168,-0.05785927,-0.06378287,-0.26232967,-0.2813335,0.022757586,-1.080488,0.17878404,-0.4397744,-0.12713431,-0.02703742,-0.33370268,-0.044899642,0.018479422,-0.29167062,0.31554165,-0.32599595,-0.17704296,-0.29562503,-0.110750586,-0.021094454,0.16734031,-0.030852681,-0.5486709,0.00039921975,0.0,-0.080343656,-0.0014820471,0.007990684,0.0029954156,0.04540546,-0.2954988,0.028252244,0.020231042,0.13179511,0.04079692,-0.28119674
-0.11251274,-0.5860341,-0.009173257,-0.008826762,-0.5137904,0.067936406,0.11807869,-0.6344451,0.17221346,0.10719601,-0.13982223,-0.22070628,-0.067263,-0.12751475,0.046930965,-0.23636886,-0.09422546,-0.3165294,-0.3562631,-0.029748732,0.010034142,0.20048328,-0.91603804,-0.22928639,-0.11162621,-0.26161587,-0.031384483,-0.17574719,0.020287525,-0.5643068,-0.05496955,0.0012404791,0.0,0.010472,-0.09412893,-0.03219557,-0.009831192,-0.057306122,-0.10586281,-0.052730493,-0.09982761,-0.07053963,-0.10902402,-0.2586439
0.11223282,-0.40767533,-0.12491639,-0.011589416,-0.6864177,0.11225307,0.22083516,-0.42534947,-0.07229238,-0.08716871,-0.25398943,-0.19273706,-0.027149722,0.2502362,0.06548,-0.35475898,0.1439606,-0.6715664,0.6489264,-0.04887926,0.008049561,-0.32018897,-1.1406504,0.08065718,0.28013346,-0.19269697,-0.037282363,0.0032061916,-0.08515165,-0.028063074,0.27701518,0.00039921975,0.0,-0.08585389,-0.013353353,-0.0010373623,-0.009831192,-0.035419222,-0.06592237,-0.0651855,-0.04107363,-0.0048605087,-0.12772109,-0.36919942
-0.25809076,-0.730883,0.29687533,0.004405907,0.13902643,-0.25351137,-0.07681466,-0.15948851,-0.07564107,-0.03691409,-0.3539618,0.17834376,-0.33156782,-0.13407001,0.020292845,-0.096143685,-0.035279624,0.077429436,-0.34062573,-0.09077132,-0.16169298,0.109961994,-1.164375,-0.06274528,0.16644572,0.56027347,-0.07077335,0.0013286546,0.04117517,-0.07047077,-0.42353192,0.00039921975,0.0,-0.04400404,-0.032320708,0.004539163,0.0018750757,-0.04346715,-0.060097113,0.30311704,-0.12207796,-0.03748242,-0.22424762,0.0017919802
-0.17475104,-0.37817103,0.061521076,0.0047682915,0.36610916,0.043198217,0.0027722265,0.053497728,-0.06689805,-0.09207118,-0.41060928,0.20169419,-0.46880725,0.35536167,0.04519504,-0.13631792,0.03172036,0.14658397,-0.47799775,-0.037814934,-0.15087043,0.3011074,0.7763667,0.014460721,0.28037834,-0.39758262,0.083064795,0.12938747,0.011099353,0.2521121,-0.59738153,0.00039921975,0.0,-0.051277187,-0.024088245,-5.7986937e-05,-0.0013704017,-0.029338492,0.0076014847,-0.26910847,0.10436411,-0.048667558,-0.45141038,0.17132887
-0.16456427,0.5879884,0.09869923,0.002662858,-0.261885,0.08343983,-0.19571061,-0.09747978,-0.07335204,-0.059165616,-0.40893027,0.18623318,-0.334675,0.39221394,0.10234855,-0.14359221,-0.028091494,-0.2545105,-0.37016624,-0.004363809,0.016127698,-0.011166274,0.6788293,-0.03467485,0.0987144,0.38546592,-0.110330135,-0.66158295,0.018430747,-0.16624285,-0.49837866,0.00039921975,0.0,-0.10789402,-0.030239742,0.008528175,-0.000873172,-0.026156237,0.10390923,-0.42449278,-0.100084476,-0.0642881,-0.24200477,-0.09025515
-0.25285637,-0.13790765,-0.040288255,0.0009314003,-0.41326618,0.12467986,-0.18314025,0.5896682,0.1724206,0.097800836,-0.32753196,-0.19310477,0.067998536,-1.0317883,0.15254463,-0.30267307,0.014468382,0.38860047,-0.26801297,-0.05971036,0.011395227,-0.17964463,-0.6748281,-0.36714512,0.10342503,-0.20372823,-0.08875611,0.020482924,-0.015992329,0.07092556,-0.4538939,0.0012404791,0.0,-0.7728153,-0.044895083,-0.0074179694,-0.0005774253,-0.05252284,0.048591297,-0.2208851,-0.14329153,-0.045830246,0.02444227,-0.16105747
-0.19166538,-0.30738342,-0.15656984,-0.0076242443,0.27482742,-0.39467722,0.14831474,0.06333655,-0.06696002,-0.109463796,-0.2657772,-0.4785592,-0.024681306,0.29535118,-0.12367635,-0.36289653,-0.07748234,-0.54597247,-0.36805233,0.04474817,0.012710039,0.15560602,0.53284556,-0.3755678,-0.30168366,-0.37105417,-0.12788469,-0.27934146,0.08986351,-0.5361169,0.4403324,0.00039921975,0.0,-0.1125066,0.0068869498,-0.0017141344,0.0024026225,0.10754661,-0.09078669,0.2999229,-0.080546685,0.006248075,0.031480487,0.11789713
-0.28331393,-0.7008918,0.11889451,-0.023514412,-0.14651765,0.13183436,0.06937539,-0.4355831,-0.065196775,0.052081704,0.81342643,-0.22986169,-0.20264325,0.26073685,0.079584956,-0.2580697,-0.18113156,0.42538917,-0.30625996,-0.13637799,0.02072006,0.1412807,-1.1842097,-0.044720177,-0.19478077,-0.30306265,0.0031954823,0.06478875,-0.10035587,-0.1276944,0.73185736,0.00039921975,0.0,-0.31380284,0.019330494,0.012227894,-0.0024840226,-0.04874049,-0.09916713,0.031998467,-0.045567,-0.018435743,-0.043874577,-0.3393284
0.29947475,0.64237875,0.21634673,-0.014232777,0.49548745,0.08666183,-0.20954122,-0.10211542,0.16279899,-0.040924054,-0.13977508,-0.31221485,-0.07646391,-0.9009059,-0.24917118,-0.14482899,0.21746242,-0.3672064,0.9857229,-0.019177364,0.0035126186,0.51355946,0.51196206,0.060723245,0.28601578,-0.23054802,-0.08932258,0.060337592,0.12169733,-0.0593066,-0.2556184,0.0012404791,0.0,-0.44064346,0.043102585,-0.013823652,-0.0012861483,0.110289,0.14005761,0.10760762,-0.029443936,0.12404437,0.090834364,0.025855593
-0.30211443,-0.20078467,0.09206214,-0.0056183613,-0.17940718,-0.38515535,-0.22194767,-0.48473617,0.15209602,0.074731424,-0.23140123,-0.41827,-0.17575334,-0.030804787,-0.21280679,-0.28846526,-0.12785639,-0.017782625,0.6289073,0.016583636,-0.08530806,0.18561025,0.63471955,-0.29076385,0.14035553,-0.40070224,0.020966519,-0.01158314,-0.09654305,-0.20185088,-0.43373716,0.0012404791,0.0,-0.69379336,-0.04820367,-0.019211052,-0.0012861483,-0.07787637,-0.07052459,0.2924104,-0.20715392,-0.049252227,-0.050993968,-0.31811562
0.03361318,-0.17583527,-0.008515432,0.0057401243,-0.43762463,0.109730415,-0.2623261,-0.16244167,0.17967765,-0.21722995,-0.21444064,0.24872962,0.24137999,0.28752992,0.053334236,0.52847606,0.096277386,-0.18191966,-0.43790558,-0.07826812,0.014163978,-0.15024513,-0.973553,-0.0032161097,-0.17037472,-0.31461838,-0.11523673,0.052992888,0.012279518,-0.06976964,-0.3378582,0.0012404791,0.0,-0.5716653,-0.06602683,0.00417272,-0.001241345,-0.009856689,0.020107683,-0.24867687,-0.104181916,-0.02972417,0.012770361,-0.04294956
0.22825626,0.7010685,-0.0762159,0.0068805534,-0.66281235,-0.36186647,0.1280427,-0.11611498,0.17709793,0.12384632,-0.5388158,-0.4329332,0.09287795,0.45092067,-0.16467942,-0.054343846,0.14335386,-0.11482455,-0.28724918,0.19417913,0.013587559,0.5827026,0.6825292,0.022031285,0.13312063,-0.23002568,0.026872411,-0.28705114,0.11334502,-0.09996544,-0.22703713,0.0012404791,0.0,-0.4644553,0.045203544,-0.0026394608,-0.0013767437,0.06129022,0.15537043,0.32883963,0.20591435,0.12530373,0.062342755,0.08654725
0.2147032,-0.23986362,0.020861188,-0.008041199,-0.07987875,0.037959024,-0.018422727,-0.09424117,-0.08573183,-0.1071693,-0.34164205,0.20252247,-0.28550708,-1.3588141,-0.14243893,-0.13911095,-0.016383681,-0.23128936,-0.46891057,-0.032829024,0.014483679,-0.06286782,0.5836693,0.18150933,0.101720646,-0.3566604,0.049307622,-0.0047514914,-0.109762914,-0.23278187,-0.40881926,0.00039921975,0.0,-0.08295214,-0.031513724,0.0073260693,-0.0012861483,-0.002319571,0.04443211,0.052334964,-0.052249912,-0.0638317,-0.034893736,-0.42354357
-0.3011543,0.5146205,0.32328022,0.0015604096,-0.84372485,0.09642618,0.019381506,-0.79392284,0.15141167,-0.07317236,-0.19752407,-0.15950063,-0.19322503,-0.9392218,0.096036606,-0.31802875,0.08324942,0.20898587,-0.20306747,-0.073983476,0.016041152,0.023822,-0.7772673,-0.063389674,0.08958538,0.42237952,-0.088263504,-0.0033721079,-0.08855717,-0.17642388,-0.48839968,0.0012404791,0.0,-0.7585757,-0.041609783,-0.0127586685,0.0018750757,-0.053079065,0.08621566,0.25331533,0.1306966,-0.043374065,-0.03280024,0.08372897
-0.3425233,-0.22621189,-0.54195815,0.0056001716,-0.021524377,0.05679014,-0.22985609,-0.52157325,0.13066034,-0.10477552,-0.20266475,0.15444666,0.25796384,-0.014928424,0.038784493,-0.21322261,-0.069588475,0.25779808,-0.35398048,-0.050620675,0.015345676,-0.40559113,-1.1609511,0.055077318,-0.3107196,0.32942402,0.07418672,0.09341521,0.016236134,0.20391135,-0.51651424,0.0012404791,0.0,-0.76058984,-0.076399714,0.0023610315,-0.00022530451,-0.015477067,0.08229707,-0.2955822,-0.057001337,-0.038546123,-0.3617263,0.22525437
-0.19522558,-0.1739277,0.11909369,0.003828219,0.404071,-0.34997544,0.0063425046,-0.6389744,0.14805964,0.029017156,0.2757025,-0.26355982,-0.0020815672,0.33871162,0.07015099,-0.4558056,-0.018145349,0.37825873,-0.2624314,0.04260808,0.0065442985,-0.09580839,-0.8035556,-0.1798533,-0.23403077,-0.3481085,-0.0007715812,-0.28593013,-0.12387973,-0.483005,-0.41397542,0.0012404791,0.0,-0.74866307,0.02803364,-0.0023020217,-0.0010954709,0.07290724,-0.4062607,-0.043268323,-0.038654633,0.14600748,0.0399872,0.04669241
-0.008330824,-0.17876902,-0.43845662,0.0042705834,0.04048496,0.050881036,0.025927266,-0.30883422,-0.073189735,-0.0587013,-0.2316568,-0.21363135,0.08724945,0.1919694,0.07577408,-0.18710823,-0.2347459,-0.24446087,-0.2721002,-0.095479175,-0.11019896,-0.4342058,-0.85413545,-0.07822982,-0.44442654,-0.25070876,-0.049717396,-0.2576475,0.020476693,-0.3591947,-0.53330004,0.00039921975,0.0,-0.19398709,-0.009257818,-0.004907941,0.0013284419,0.09074489,-0.20037755,-0.28999123,-0.11227887,-0.05831822,0.06354271,-0.09260811
-0.011201165,-0.1348939,0.3026116,0.021714848,0.48611605,0.11681288,0.12684317,-0.15175502,-0.07232878,-0.0038113808,-0.2771196,-0.16483015,-0.057033293,-0.756697,-0.24470448,-0.19007392,0.038406387,-0.1904129,0.8925674,0.03121021,0.008513144,-0.3639157,0.59842736,-0.04054064,0.17930713,-0.27169564,0.021962978,-0.00045113242,0.1708921,0.07155597,0.6477719,0.00039921975,0.0,-0.08262668,-0.0043454506,-0.0010687967,-0.0012861483,-0.072587505,0.20880252,0.49097875,-0.1548575,-0.017233036,0.03089544,0.01973583
-0.20873065,-0.17134589,-0.521041,-0.009118328,0.15802658,-0.25144064,0.09946448,-0.17104074,-0.059889425,-0.07395889,-0.33480746,-0.4535935,0.20090944,0.29230595,-0.28113857,-0.24245614,-0.1440052,-0.0661942,0.6426429,-0.019789673,0.0068551535,-0.6064658,0.7572826,-0.27939725,0.18679874,0.50767636,0.15879783,0.2027384,0.03241996,0.097620316,-0.32920724,0.00039921975,0.0,-0.09883145,-0.009270636,-0.0030024168,-0.0012244108,-0.09183472,-0.012672314,-0.3091308,-0.12175301,-0.028064309,-0.057163384,-0.35408062
0.276037,-0.26535812,-0.18335158,-0.007991206,-0.17531255,-0.5030792,0.20016156,0.11764053,0.2191855,0.14635842,-0.23107077,-0.2931471,-0.24840881,0.31373796,0.045115504,-0.27062562,-0.041519452,-0.15419841,-0.26485056,0.045293685,0.010691872,0.33502957,-0.98782635,0.03679294,-0.15843229,-0.26971605,-0.13087718,-0.13003455,0.0071859877,-0.09750098,-0.089987606,0.0012404791,0.0,-0.033367924,-0.08158962,-0.04176118,-0.010153457,-0.063796185,-0.06578522,-0.23039924,0.0102649685,-0.07514188,-0.278842,0.024624512
-0.18076605,-0.1906564,-0.4841073,0.0014225235,-0.20310834,-0.364875,0.040543966,-0.18099265,-0.05113974,-0.03056518,0.35413286,-0.48918787,-0.39543718,-0.021552706,-0.25428325,-0.3101154,0.004825837,0.4872538,-0.33842635,-0.14260629,0.0141114965,0.09398128,0.6132054,-0.29204363,-0.2381039,-0.427448,-0.06940411,-0.41730124,0.06695464,-0.2760288,-0.48818237,0.00039921975,0.0,-0.08012927,0.012923032,0.002027864,0.0019451083,0.024791796,-0.23934059,0.03977256,-0.14205961,-0.059208617,0.14643094,-0.26281038
-0.37000522,0.34487128,-0.7925908,0.0009747923,-0.06162006,0.09888177,-0.25735286,-0.66670877,0.1746861,0.094981134,0.1340532,-0.26829252,-0.21657719,0.20546351,0.049724516,0.5796345,-0.098767325,-0.18941347,0.38255608,0.07164302,0.010630911,-0.1543644,-0.9321174,-0.48271886,-0.20645727,-0.21623102,-0.12323103,-0.41256383,0.014070758,-0.21905024,-0.4504645,0.0012404791,0.0,-0.52933794,-0.034528278,-0.022353327,-0.001241345,-0.06455508,0.27684623,-0.22661665,-0.048470642,-0.10056837,-0.06212462,0.007322734
-0.19244775,-0.3872456,-0.03347319,0.0016490095,-0.9101242,-0.312684,-0.13741706,-0.87559,0.16202936,-0.14608882,0.19523756,-0.29871163,0.09193066,0.0074238516,0.2721386,-0.1443474,-0.18537508,-0.62473124,-0.24090038,-0.013670268,0.012159895,-0.1821002,0.6876338,0.043809745,-0.31907687,-0.40705854,0.016606858,0.0031084311,-0.079068296,-0.2201011,-0.49227786,0.0012404791,0.0,-0.6924767,-0.047198866,-0.012853738,-0.0006702183,-0.041000962,-0.032248333,0.022730097,-0.29435697,-0.06743769,0.06758806,-0.39367342
0.14172575,-0.3937206,-0.3114358,0.003789405,0.22011903,0.035381496,-0.030404476,0.056381706,-0.09471237,0.015725061,-0.37662193,0.2888201,0.26636466,0.49296904,0.06161797,0.23974185,0.0357253,-0.589498,-0.47870147,-0.16458544,0.012599305,0.2802062,0.60666263,0.038220543,-0.2749096,-0.3440331,-0.18473762,0.18335326,-0.090241134,-0.19077125,-0.5590333,0.00039921975,0.0,-0.04884263,-0.045066297,-0.0002962856,-0.0013767437,0.005449894,-0.22024986,-0.05035656,0.07442169,-0.097942695,0.09883222,-0.2037087
-0.025050044,-0.61109227,-0.06243511,0.0049627037,0.40730268,-0.005394537,-0.28871727,0.5864366,0.16195709,-0.07532047,0.29350364,0.20157817,-0.30980986,-0.14912811,0.10368463,0.364842,0.003747697,-0.13842312,-0.47961247,-0.085571475,-0.18304974,-0.14960238,-1.1692002,0.08067423,0.12435413,-0.20880061,-0.13553081,-0.065767854,0.029061671,0.33222327,-0.4420942,0.0012404791,0.0,-0.63383067,-0.073013574,0.011616828,-0.0013471262,-0.044705015,0.03412344,-0.14576781,-0.110964105,-0.04834028,-0.22343752,0.29741955
-0.12961417,0.37303734,-0.12988941,-0.0043854676,-0.3164264,0.06891511,-0.26750734,-0.4910329,0.12492144,0.1223526,-0.17359461,-0.21130088,-0.10040372,-0.026074821,0.035552736,-0.37804136,0.09437002,0.38480675,0.47012898,0.014535851,0.011762551,-0.23449086,-0.952939,-0.45112184,0.078886375,0.33659905,-0.10224401,0.04062665,0.08139119,-0.4620238,-0.18044223,0.0012404791,0.0,-0.080013506,0.036613937,0.019282104,-0.02066733,0.1056806,-0.14665997,0.28539452,-0.18602966,-0.020586777,-0.05269528,-0.06387372
-0.40251637,-0.19516005,0.055503495,-0.005520891,0.3089182,0.06377601,-0.21260013,-0.53664356,0.13778915,-0.17915976,-0.14050937,0.22773346,0.1971277,0.35535303,0.10186568,0.08543823,-0.31641617,0.19794713,0.83785063,0.026286183,0.007443726,0.05049117,-1.2788072,-0.35371912,0.1546738,0.30520582,0.032693267,0.023698155,-0.08079326,-0.21312502,-0.40734655,0.0012404791,0.0,-0.7081741,-0.045769427,0.014975017,0.0018750757,-0.009782482,0.035223164,0.022927733,0.07609445,-0.040969037,-0.23547572,-0.31832445
-0.28944027,-0.168188,0.2757527,-0.0002545268,0.4061515,0.08979332,0.13211171,-0.5993646,0.13424394,-0.11833743,-0.2550597,-0.26541218,0.10565591,-0.9653612,0.02820216,-0.6816263,-0.084345065,0.14845382,0.519596,-0.011006208,0.0060403612,-0.09284038,-0.77912784,-0.46313205,0.13018657,0.26822782,0.12400055,0.12363746,-0.0002535861,0.121875174,-0.09487408,0.0012404791,0.0,0.07534742,0.052487228,0.017408358,-0.0018867082,0.05319778,-0.5178209,-0.3225022,-0.34471714,-0.035310805,-0.24987866,0.1215294
0.34337988,-0.2708499,-0.13949461,-0.0076341634,-0.608917,0.07663032,-0.24073865,0.5127546,0.18148799,0.058054704,-0.20852934,0.3635486,-0.09082637,0.33815926,-0.093909234,-0.05358466,0.047216892,-0.18132126,0.9857859,0.06436247,0.006224806,0.27057627,0.70468897,0.08253032,-0.16027619,-0.15061152,-0.11181793,-0.0017103599,-0.09643964,-0.08268135,0.10977817,0.0012404791,0.0,0.071544,0.12384518,0.01531636,-0.0013767437,-0.0041647786,0.14354593,0.039915573,0.16476077,0.030305633,0.20790492,-0.13814487
0.088501744,0.83214515,0.15768607,0.0061174417,-0.41922,0.045586497,0.0801106,-0.85238385,0.15637097,0.01323873,-0.12715268,0.2174146,0.19623749,0.320542,0.052503116,-0.120937474,-0.050237294,-0.45412418,-0.36161473,-0.061294213,0.013843671,-0.21881062,-1.0886999,0.09818379,-0.117649786,-0.23447973,-0.00036506169,0.05026457,0.027348645,-0.17925784,-0.40279424,0.0012404791,0.0,-0.7004501,-0.049360856,0.008182488,-0.0009190807,-0.008731484,0.0737586,-0.1464905,-0.118466586,-0.0037132828,0.08767277,-0.38005877
-0.06982511,-0.14773574,-0.050573625,-0.010972422,-0.11444262,-0.4065793,0.041859847,0.05963606,-0.07577381,-0.06251502,1.0586358,-0.32788444,-0.19550827,-1.026601,-0.22774461,-0.24501999,-0.19969039,-0.25692716,-0.35010824,-0.0698814,0.014581956,0.15711772,0.45820674,-0.22948146,-0.19563709,-0.44972157,-0.09905556,-0.3436047,0.051201828,-0.34579253,-0.5785462,0.00039921975,0.0,-0.096224196,-0.011052589,-0.0028843475,-0.010288855,-0.086906865,-0.13472348,0.22229452,-0.13538909,-0.02636223,-0.011325406,0.040228833
0.13350981,-0.26137608,0.020553285,0.003862592,-0.030723793,0.070265636,-0.27696708,-0.022488346,0.16319527,-0.008244702,0.35571656,0.28184035,-0.23500545,0.24646749,0.15497658,0.22265674,-0.20546484,-0.23177987,-0.5024374,-0.07767365,0.017816951,-0.09686057,0.7517313,0.004096763,-0.25033674,0.5254485,-0.16589966,-0.105842404,0.062668145,-0.18956484,-0.40501148,0.0012404791,0.0,-0.6017664,-0.10297387,0.0098550245,-0.000873172,-0.03258816,-0.0507218,0.1119465,-0.16126746,-0.02320656,0.10345812,-0.41584754
-0.077954195,-0.04383681,0.43183005,-0.0032592858,-0.16359809,-0.26432288,0.12258266,-0.36766028,-0.040155556,0.0010143009,-0.12804027,-0.29498833,0.060552318,0.30748993,-0.21260265,-0.24248084,0.36396962,0.62558913,0.94122714,0.07144792,0.009477437,0.021625744,0.6328851,-0.21378596,0.2475078,-0.33163223,-0.027652908,-0.23533322,0.14365844,-0.11223223,-0.20676994,0.00039921975,0.0,-0.046830267,-9.629689e-05,0.0053107142,0.0005688177,0.023089668,-0.21230365,0.2981826,0.033257112,0.15106979,0.21129537,0.12394237
-0.42506847,0.76596314,0.17387645,-0.00267241,0.38095585,0.1205351,-0.33629334,0.12098784,0.13996933,-0.08087657,-0.25642404,-0.5367776,0.09446989,0.32117847,-0.18466341,-0.6113837,-0.10549894,-0.0132168345,-0.31093606,-0.015046915,-0.12011173,-0.07476811,0.35746083,-0.55958235,-0.24321727,-0.2226287,0.07180742,0.094333895,-0.010373978,0.106698066,-0.38655508,0.0012404791,0.0,-0.8139821,0.0122417435,1.38047035e-05,0.0029539175,-0.020148525,-0.5582119,-0.1700388,-0.14472015,0.020248096,-0.005887018,0.09375962
-0.220477,-0.24745166,0.0111808395,0.0032718058,0.27520958,0.13353579,0.17983228,0.5629746,0.15164427,-0.06359171,0.34527406,-0.24165483,-0.06501227,0.29212156,0.02737252,-0.40950003,-0.30338725,-0.03139406,-0.22653893,0.0048142727,0.011216567,-0.096672624,-1.0836751,-0.22632052,0.16862065,-0.18908386,-0.061319,-0.2181361,0.014135858,0.1125044,-0.5173159,0.0012404791,0.0,-0.65489936,0.023377843,-0.004226293,-0.0101369815,0.071972616,-0.5765075,-0.2520101,-0.06394823,0.12287237,-0.22922365,0.1761884
0.2522285,-0.28232852,0.27501443,0.00500794,0.19785333,0.09617325,-0.23181398,0.43272153,0.17848454,-0.00013117277,-0.27977803,0.22286306,-0.3965904,0.2661633,0.0045179063,0.25022325,-0.30224597,-0.12706137,-0.45678225,-0.039638996,0.008668011,-0.45083904,-1.0073985,0.16944331,0.3752965,-0.30110395,0.06558972,0.13307603,-0.0754663,-0.1436087,-0.2792768,0.0012404791,0.0,-0.67837524,-0.05866105,0.0042584,-0.0009190807,-0.04790111,-0.13278952,0.060238205,-0.17884694,-0.019778892,0.0005267024,-0.3465838
0.14143424,-0.1865889,0.041941818,-0.00022440642,0.5197396,0.06312622,-0.09197646,0.52423745,-0.05689106,0.10465806,0.36903867,0.33158934,-0.38905227,0.32206902,-0.07615764,0.2148155,0.07678343,0.3453387,0.8616141,-0.020981807,-0.09538718,0.23646031,0.8417645,0.099204235,0.32318863,-0.3562718,0.108524024,0.046478525,-0.08644145,-0.19776289,-0.3469893,0.00039921975,0.0,-0.029847953,-0.027188832,0.016728187,-0.0013767437,0.030566823,-0.05665511,-0.04830384,0.17023766,-0.086806916,0.08635395,-0.17130812
0.07360812,-0.39797276,-0.47771722,0.0009338922,0.49964046,-0.2131127,-0.25582173,-0.15469116,0.16580006,-0.035337046,-0.22845528,-0.29852605,-0.09845233,0.34121254,0.1807566,-0.11367651,-0.15431932,-0.55594057,-0.28166586,-0.0065749763,0.015583558,-0.10644948,0.6663049,5.4607634e-05,-0.26308545,-0.4290717,-0.10483078,-0.24852586,0.038975853,-0.37290466,-0.04072032,0.0012404791,0.0,-0.04094382,0.02077087,0.021885972,-0.010288855,0.14828627,-0.14823924,0.1338178,-0.06059827,0.10946817,0.11177004,-0.12080789
-0.15069894,-0.35258022,0.2128734,-0.012457899,0.011571794,0.12044947,0.18175334,0.25568688,-0.07350585,-0.03484823,0.44810584,0.08548093,-0.17564674,0.20561676,-0.0019762507,-0.088838816,-0.19171907,-0.66698766,-0.33996323,-0.099950284,0.0146535095,-0.51168317,-0.9136701,0.09857228,-0.18417238,-0.3658092,0.04703825,0.06226554,-0.06000018,-0.12003799,0.34773505,0.00039921975,0.0,-0.037897803,-0.015814818,0.002574575,-0.0009190807,-0.053391185,-0.099122286,0.11990033,-0.073945954,-0.031923484,-0.22272256,-0.58198
-0.16083163,0.4663023,0.22101603,0.003741413,-0.10489093,-0.29202393,-0.04712941,-0.67945147,-0.0703248,-0.022398148,0.19824284,0.14280467,0.26152876,-0.9575591,0.050138324,0.48413655,-0.27338567,-0.20455204,-0.49307257,-0.047568046,0.013716353,0.13285328,-0.79459506,0.21908332,0.08639152,-0.5003614,0.038523786,0.011603471,-0.08196224,-0.18162084,-0.27885607,0.00039921975,0.0,-0.049734466,-0.035273086,0.003916855,-0.0009190807,-0.017280856,0.040953606,-0.036234953,-0.21585034,-0.038318217,-0.28146875,-0.40356603
0.19307245,-0.24984446,-0.25758305,0.0055373507,-0.12450813,0.121322125,-0.20159294,0.49536186,0.16168967,-0.028181162,0.29064208,-0.23434915,0.29745793,-0.8475497,0.07327974,-0.18356742,-0.2985715,-0.6240092,-0.31193152,-0.06529097,0.010762602,0.47111425,-0.8633359,-0.058845334,-0.31452447,-0.25999355,-0.057332203,-0.033811692,0.08827536,-0.097796835,-0.31475937,0.0012404791,0.0,-0.5024451,-0.03280728,-0.021411138,-0.000625415,-0.062812,0.053540677,0.13903327,-0.025585998,-0.08042228,-0.17868796,-0.13586943
0.3532803,0.5143919,-0.315495,0.0031282827,-0.26000983,0.048903886,-0.18827172,-0.66620046,0.16299391,-0.16254207,-0.6119338,-0.21957588,-0.2166858,-0.9392267,0.0117087085,-0.38308537,-0.07359181,-0.19785896,0.492177,-0.048891302,-0.06989264,0.1583552,-0.896239,0.08427293,-0.14419986,-0.14961442,-0.1275324,-0.0747613,0.033314466,-0.02239074,-0.1825431,0.0012404791,0.0,-0.060914963,-0.07116734,-0.037035894,-0.001241345,-0.07461589,0.06467931,-0.3059245,-0.39134222,-0.1202469,-0.35079962,-0.09240788
0.17688668,-0.24573609,-0.036691852,0.0048825657,0.35784677,0.029674826,-0.000757276,-0.7068412,-0.08133005,-0.007726454,-0.26287544,0.19347201,0.28595924,-1.1601667,-0.17737098,0.019670207,-0.050046865,-0.2437792,-0.50136113,-0.075607136,0.0087494925,-0.042726297,0.3589294,0.05504283,-0.38074103,-0.28300577,-0.133472,0.01255428,-0.099102244,-0.19136448,-0.28617772,0.00039921975,0.0,-0.10718906,-0.028603308,0.0069768187,-0.0006702183,-3.0216645e-05,-0.019548818,-0.028603839,-0.2351243,-0.032752655,0.04762294,-0.29626358
-0.253765,-0.12031174,0.24596459,-0.00019007764,-0.2738519,-0.37500316,-0.108459696,-0.2431759,-0.051153574,0.003723109,-0.22191946,-0.17896456,-0.04930753,-0.7165841,0.08085499,-0.4442807,-0.090304054,0.57826835,0.7552568,-0.053356312,0.007373827,-0.12181809,-0.7127168,-0.35960075,-0.15435283,-0.3142412,0.015075475,0.012435606,-0.11389635,-0.17265572,-0.30825388,0.00039921975,0.0,-0.10045533,-0.0035561542,0.0025758836,-0.002384313,0.05230521,-0.2866633,0.12552127,-0.2051238,0.15490802,0.13972552,-0.16494964
0.19044541,-0.17661539,-0.024830662,-0.0021331348,-0.07610145,0.067732185,-0.2375505,-0.8499229,0.15462895,0.06433837,0.20168366,-0.3505467,-0.36297756,0.44679207,-0.28220403,-0.28453866,-0.199143,0.35318086,-0.31710958,-0.0031424228,0.009763361,0.33950612,0.682868,0.018894978,0.1254647,0.68121487,-0.098646745,-0.13697264,-0.0119801,-0.08448379,-0.28128105,0.0012404791,0.0,-0.6359795,-0.02291808,-0.018987825,-0.0027893528,-0.06281251,-0.22650932,-0.38660938,0.024642434,-0.047584787,-0.2300293,-0.2347088
0.12617251,-0.13956217,0.18671228,0.0031129555,0.22337939,0.10327281,-0.036810037,0.8491787,-0.05745638,0.06539838,1.2005695,0.1598198,0.41255167,-0.94391453,0.14434937,0.022244617,0.20813473,0.5357015,-0.3450926,0.0065234867,0.012243654,0.32629222,-0.6381616,0.020757258,0.1372883,-0.23255335,0.03999748,-0.02586171,-0.07622373,-0.023599913,-0.27554366,0.00039921975,0.0,0.036718614,-0.025755743,-0.0006081469,-0.00025516097,-0.009996261,0.18363163,0.08145765,0.04289017,-0.031330097,0.108338356,0.021405416
-0.041311733,-0.23758544,0.09973491,-0.0014461431,0.39066437,-0.43177718,0.07134077,-0.16848141,0.16634691,-0.3318215,-0.2790626,-0.19389278,-0.12796809,-0.12703265,0.044333894,-0.22888763,0.08879449,0.21688202,-0.2926332,-0.19148299,0.0166123,-0.012608452,-1.0988878,-0.27542436,0.18067147,-0.3592948,-0.06525799,-0.06421271,0.082753554,-0.023590162,-0.08018965,0.0012404791,0.0,-0.13938913,-0.06504359,-0.025833273,-0.0024840226,-0.075716645,-0.080442436,-0.042322826,0.16591564,-0.05357468,0.010734522,-0.09650145
-0.35747942,-0.19624482,0.051876497,-0.0019469614,0.30684748,0.1315135,-0.29555994,0.17851296,-0.048068088,0.056142986,0.8451632,-0.23479593,-0.2648014,-1.0038031,-0.01145164,-0.4951903,-0.18111579,-0.031795762,0.28983152,0.07026443,0.009489387,-0.14028032,-0.9239965,-0.22478543,0.14728183,-0.30513546,0.12287523,0.078905895,-0.066541195,0.2315163,-0.4715086,0.00039921975,0.0,-0.07632226,0.003049068,-0.000694938,-0.0012248707,-0.07294969,0.044203028,0.27654368,-0.015148406,-0.04053648,-0.07178959,0.16768907
-0.073241934,0.67380476,0.21433608,0.0023305647,0.41977593,-0.2924723,0.054804627,-0.1226076,0.16770373,-0.029264584,0.34633607,0.20975925,-0.22333144,-1.5720083,-0.17608635,0.2503857,-0.102219306,-0.16421573,-0.3882043,0.040897034,0.013934255,-0.06455534,0.5272703,0.03236256,-0.1802166,-0.25704083,-0.16193934,0.016512651,-0.10528577,-0.22925533,-0.41917333,0.0012404791,0.0,-0.6200507,0.0007273278,0.008250656,-0.0012861483,-0.007902609,0.10905485,-0.034974612,-0.3707438,-0.025419679,-0.05147581,-0.3892847
0.1581016,0.72302496,-0.027948748,-0.008109311,-0.022932502,0.08731432,0.17786019,-0.3201965,-0.07044859,0.043080173,-0.27797672,-0.19520675,-0.14291765,-1.0853637,0.0883848,-0.2513231,0.03366318,-0.58231866,-0.20012054,-0.0824878,0.019172676,0.21121407,-0.9188829,0.11594449,-0.11759254,-0.2258998,0.012797074,0.033928808,-0.061204974,0.23174258,0.5442023,0.00039921975,0.0,-0.0368105,0.01707283,0.0028719448,-0.0012248707,-0.06119807,-0.064919576,0.025605304,0.09163223,-0.015039299,-0.27080566,0.34402362
0.16448139,0.78276676,-0.17627753,0.0059082066,-0.20747289,0.098245986,-0.24743421,-0.26361597,0.15716946,-0.13870093,-0.20250362,0.24767563,-0.32927158,-0.073019445,0.03453768,0.6163582,0.1408268,-0.08282773,-0.44746286,-0.040897157,-0.18893716,-0.068661176,-1.2429277,0.21801649,0.09266401,-0.28715527,0.108417295,0.14182656,0.0126476465,0.28004774,-0.34881604,0.0012404791,0.0,-0.6115932,-0.027794879,0.0028295917,-0.0012248707,-0.04279674,-0.058015186,-0.15961382,0.05993679,-0.027328346,0.049198493,0.26440576
-0.020008298,-0.48550117,0.18094184,0.0041522267,0.5184556,0.10146866,0.14511396,-0.41030815,0.15625419,0.020428028,-0.22353794,-0.15934657,-0.14940743,-1.0529716,0.05289344,-0.3294711,-0.066322684,-0.13368846,0.54266566,-0.012196273,-0.0753398,-0.1079751,-0.9535281,0.08288303,0.1060233,-0.22853453,-0.10255363,-0.083706394,-0.09343373,-0.111426435,-0.11832754,0.0012404791,0.0,0.13272934,-0.04706999,-0.030358773,-0.0012248707,-0.08651489,0.11793666,-0.08593139,-0.40295565,-0.07000328,0.03561797,0.09969854
0.30218923,0.6894606,0.050995797,0.0051170383,-0.9772863,0.13917595,-0.11113177,0.75516814,-0.05595321,0.015311202,0.32627994,0.24614345,0.3785799,0.34816435,0.08912363,0.1890253,0.018739931,-0.1959449,-0.30812708,0.046867087,0.01893193,0.46494606,-0.8873866,0.16489324,0.12568681,-0.13102528,0.16072819,0.16721393,0.032675825,0.43096292,-0.29993188,0.00039921975,0.0,-0.06062048,-0.037357062,0.0097905435,-0.0013471262,-0.0023519052,0.16872685,-0.1475007,-0.04589816,-0.011412656,0.26681682,0.27119923
0.24604398,0.6706352,0.12323224,-0.008116635,0.12069395,0.07890981,0.21232216,-0.44439253,-0.067646354,-0.0653754,-0.1757638,0.26422724,-0.15746322,0.40648326,0.03945735,0.62520725,-0.23547098,-0.15393573,-0.4079861,0.0023632743,0.021261798,0.27885863,-1.034705,0.21243134,-0.11105942,0.36971146,0.15565649,0.265234,-0.05267734,0.47064853,0.4981717,0.00039921975,0.0,-0.057066906,-0.020794693,-0.0009994386,-0.00063061854,-0.037105918,0.27462405,0.27748123,-0.014947713,-0.028456505,0.13503985,0.3752331
-0.22818515,0.4691611,-0.5135118,-0.006146269,0.4624688,-0.34185836,-0.2260432,-0.17155439,-0.070951775,0.06153994,-0.76101685,-0.34662098,0.16241916,0.0068537733,0.10666238,-0.3328679,-0.13357121,-0.19870532,0.31529963,-0.030372228,0.009016522,-0.15429084,0.67299503,-0.53462327,-0.17528492,-0.32130474,-0.10425854,-0.52932024,-0.09353187,-0.13859367,-0.34252775,0.00039921975,0.0,-0.118938416,-0.0118630305,-0.008614835,-0.0013767437,-0.06274656,0.13845634,-0.10795548,-0.30016395,-0.03747106,0.061577782,-0.07138843
-0.120708324,-0.20242326,0.1758316,0.003767915,0.06592322,-0.26605293,-0.0015242576,-0.4504647,-0.07217204,0.0476249,-0.23395668,0.13901529,0.23803417,-0.7790296,0.039467793,0.6455948,-0.19989374,0.018172257,-0.5106653,-0.12917,-0.105114214,0.073348776,-0.7713335,-0.05312377,-0.10266665,-0.41778812,-0.029983815,0.034295756,0.04513643,-0.11687962,-0.43289453,0.00039921975,0.0,-0.040480886,-0.03372562,0.003567604,-0.0009190807,-0.038192865,-0.1482482,-0.14307496,-0.19429971,-0.00042277272,-0.18392308,-0.25393617
-0.09912034,-0.2527587,0.06537474,0.0035526399,0.35283178,0.07988861,0.04969113,0.14964093,-0.082407854,-0.028470939,-1.0490173,-0.24924606,0.25367516,-0.073176466,0.037796468,-0.11950192,-0.3944396,-0.22651221,-0.4417441,0.07415527,0.012735873,-0.31691682,-0.91219443,-0.0206772,-0.21194218,0.399891,-0.044045866,-0.42106077,0.046651237,-0.32520998,-0.44098967,0.00039921975,0.0,-0.17318802,0.028220098,-0.0059068906,0.0018750757,-0.074531645,-0.21732433,0.26197642,-0.0945385,-0.046143442,-0.012139121,-0.13297175
0.22695851,-0.25463364,0.055537265,0.004432355,-0.081691846,0.10162497,-0.20689702,-0.558637,0.16379826,0.07285797,-0.077139534,0.43952703,-0.22822434,0.4893346,-0.12721057,0.056360994,0.042647082,0.5534266,1.1245049,0.05444669,0.007307185,-0.096614294,0.7273277,0.05778993,-0.31423506,-0.26407352,-0.086226426,0.04382186,0.046143375,-0.08968752,-0.25479802,0.0012404791,0.0,-0.61593574,0.023675915,0.018620176,-0.00046049018,0.02087493,0.009760137,-0.22486688,-0.04500055,-0.00057483744,0.21271415,-0.11628088
-0.1944001,0.80934656,0.1405571,0.0014616089,0.33401155,0.13122714,0.042186633,0.5996038,-0.058691062,-0.079379424,0.33700237,-0.22271296,-0.340328,0.4009754,0.11240427,-0.3112446,-0.063235305,-0.14968388,-0.20631954,0.005563932,0.018793797,-0.10354464,-1.0684509,-0.0778318,-0.19225702,0.20630415,-0.0017530639,-0.02384832,-0.16143647,-0.11154995,-0.55994344,0.00039921975,0.0,-0.10146937,0.022684434,-0.01354606,-0.007037035,-0.053677864,-0.19085532,-0.010593031,-0.19033615,-0.05916315,-0.056182593,-0.052853644
0.29860976,-0.31048003,0.28163666,0.004102844,-0.11139517,0.15020806,-0.042181037,0.67556256,-0.07047072,0.05702292,-0.30643126,0.24298698,0.3731208,0.5672937,-0.00498903,-0.037070356,0.1319089,0.5923188,-0.43030012,0.011244038,0.013661535,-0.023055648,-0.8516092,0.08393445,-0.25431505,-0.18100718,0.12381762,0.07232737,0.05980464,-0.15905966,-0.32060543,0.00039921975,0.0,0.049616154,-0.022091327,0.015073584,-2.827146e-06,-0.014030391,0.07892193,-0.1248112,0.08250437,-0.046104483,0.14517553,-0.15763724
-0.18004206,-0.08527469,-0.050409447,0.02538203,-0.20404807,0.07187066,0.11495456,-0.54902214,0.1883986,-0.032715995,-0.1523238,-0.2486029,-0.17818159,-1.2561902,-0.16425987,-0.24629353,-0.10487699,-0.13414295,0.7410682,0.09530615,0.0053332574,-0.087641336,0.5363004,0.027670573,0.33541715,-0.30858237,-0.04477057,0.102814555,0.015272215,-0.02015858,-0.07007535,0.0012404791,0.0,-0.074572265,-0.049475156,-0.015832543,-0.0013767437,-0.07203349,-0.054111212,-0.28721878,-0.4150584,-0.039670587,0.06843723,0.07304373
-0.02956101,-0.18593538,-0.29941252,0.0029881694,0.1054389,0.053539958,0.04447734,-0.7396472,-0.042902198,-0.09750278,0.24616173,-0.32206416,0.06673952,0.1894804,0.14363319,-0.38403,-0.14935298,0.3619144,-0.33875695,0.06119614,0.016241722,-0.3255956,0.50121003,-0.31689078,-0.33552605,-0.41298407,-0.014877265,-0.32699722,0.07156859,-0.6620398,-0.45958206,0.00039921975,0.0,-0.040475715,0.0063942997,0.008786884,0.0029954156,0.046644382,-0.36785254,0.35762638,-0.028747477,0.107614696,0.040008493,-0.05162077
-0.04936156,-0.1953721,0.1100978,0.0071127163,0.3374724,0.039601106,-0.13504046,-0.7937434,-0.057603206,-0.109198965,0.27609208,-0.29415622,0.09571943,0.34472814,0.22023791,-0.28469744,0.001942432,-0.020149304,-0.35969478,0.0039817947,0.015073158,0.2952585,0.64619935,-0.21980181,0.25853482,-0.39584234,-0.08017509,-0.6459265,0.08151157,-0.44216692,-0.44744802,0.00039921975,0.0,-0.07573049,-0.030415729,-0.004510037,0.008415032,0.02195855,-0.3017929,0.26116958,-0.043811683,-0.031769548,-0.11587361,-0.094286665
0.28220785,0.799344,0.25884372,0.0056804754,0.43157515,-0.23615907,0.10496736,0.29576096,0.34400406,0.011314221,-0.20298134,0.27635795,0.25786078,0.06246932,0.10000271,0.07156127,0.106409304,-0.42729628,0.98908883,0.037854925,0.011754654,0.21787685,-0.9546568,0.084475525,0.11572372,0.1917492,-0.0710375,-0.22754598,-0.121594585,0.4134567,-0.2495241,-0.011950837,0.0,-0.05762987,0.02817852,0.019809458,-0.00063061854,-0.004440754,0.090104036,-0.09136182,0.1036736,-0.027302423,0.16204882,0.33706123
0.044943757,-0.10912053,-0.10093352,-0.0046253796,-0.19964269,0.110017575,0.015939059,-0.12930752,0.15824685,-0.00183603,-0.2559833,-0.19106756,0.0027297626,-0.86093575,-0.27502745,-0.33060467,-0.41025132,-0.016952256,-0.41267323,-0.011985121,0.009563408,-0.41743714,0.3950392,-0.060535565,-0.40960705,-0.33273125,-0.07341329,0.06812333,0.21171916,0.02798161,-0.32850724,0.0012404791,0.0,-0.59830076,0.01183521,-0.0032658943,-0.0032218199,0.046865,-0.23592699,0.17159398,-0.06701447,0.088520154,0.0241372,-0.15313284
-0.09751252,-0.27820444,0.00019748084,-0.02383036,-0.005897317,-0.23625942,-0.17588347,-0.09889622,-0.090868585,-0.198022,-0.35308915,0.23631603,-0.14394566,-0.17349423,-0.17730889,-0.12893915,0.05604018,-0.27795637,-0.42374077,0.016532945,0.013786775,0.15711333,0.6766528,0.029679317,0.08821747,0.7043952,-0.14534011,-0.07852526,-0.14466038,-0.15017794,0.1541037,0.00039921975,0.0,-0.21263435,-0.0206488,-0.001668961,-0.009785283,0.021269722,-0.10613407,-0.087207906,0.06373288,-0.039130364,-0.19601594,-0.27972588
-0.29507694,-0.48588297,0.2366566,-0.008257826,-0.32936326,0.1571411,0.23665878,0.66327953,0.13021116,0.08229874,0.37306264,0.32318845,0.23166135,0.5262483,-0.111862205,-0.13333681,-0.014444031,-0.033351343,0.83505344,0.011989133,-0.11030192,0.25807083,0.8093308,-0.0764648,0.13469423,-0.14424235,0.13462053,0.10384769,0.007657269,0.4453192,-0.29511747,0.0012404791,0.0,-0.55129033,0.03889929,0.0037961625,-0.0013704017,0.029263692,0.1074097,-0.1568122,0.24541968,-0.0008886371,-0.32615837,0.29105702
-0.20234464,0.46923992,0.14060971,0.0038555458,-0.519766,0.11037229,-0.27464512,-0.23643543,0.19732408,-0.04733873,-0.7903463,-0.22356169,-0.04733898,0.25423086,0.046391893,-0.24347593,0.14005558,-0.17729184,-0.18583871,0.033126757,-0.1544636,-0.38748538,-0.8643363,0.012612597,0.13724719,-0.19778065,-0.05677908,-0.09105142,0.067566864,-0.08071152,-0.31705448,0.0012404791,0.0,-0.41111946,-0.036259215,-0.014010195,-0.0009190807,-0.048223224,-0.10658063,0.20377755,0.116281345,-0.051228262,-0.03288796,0.10175949
0.033440523,-0.17680342,-0.38081273,-0.0017720275,-0.79060626,0.083809465,-0.08494659,-0.5204456,-0.07582699,-0.06360261,-0.16643488,0.21682777,-0.38982928,0.23078318,0.027901173,-0.17321382,0.033086404,-0.6306329,0.8770455,-0.07944899,-0.08348613,0.44475806,-1.1325852,-0.08796012,0.09527455,-0.19393675,-0.12262911,-0.44129664,0.054877933,-0.14303698,-0.479931,0.00039921975,0.0,-0.11144541,-0.045512956,0.02320198,-0.001241345,-0.026146213,0.11071159,0.26232913,0.0016275495,-0.111843236,0.14566879,-0.032283016
-0.22675344,-0.2855412,-0.3006143,-0.0071833716,0.056507625,0.14618407,-0.26894224,0.3248016,0.14582157,-0.17677538,0.33185828,-0.23897532,-0.16127594,0.34098065,0.09596813,-0.13371418,-0.0084988875,0.35874736,-0.27188691,0.018731253,0.017180787,0.058976118,-1.0121793,0.08138404,0.19353603,-0.28008792,-0.07392053,0.13207732,-0.079666674,-0.004566628,-0.19707708,0.0012404791,0.0,-0.21833266,-0.067596555,-0.018944284,-0.0024840226,-0.080304064,-0.09493764,0.012235616,-0.059915025,-0.0681515,-0.004730177,-0.3328922
0.14566487,-0.24953525,-0.5327591,0.0051133065,-0.9706208,0.12711488,-0.09334865,0.6846151,-0.06859403,-0.020909186,0.3553417,0.19949082,0.25218135,0.45974106,-0.0059075076,-0.054225378,0.022280343,-0.28892726,-0.37016684,0.023221763,0.01716647,0.24137375,-1.0806493,0.012550579,0.13506451,-0.15473351,-0.10924985,-0.009656994,-0.08467689,-0.10770849,-0.40742502,0.00039921975,0.0,-0.057317343,-0.02020787,0.019724457,-0.0009190807,-0.022195464,0.038046926,0.039900705,-0.16127546,-0.08080081,0.11603349,-0.3743206
0.09947797,-0.6248652,-0.0046708235,0.0036837077,0.14808048,0.036302872,-0.12866758,0.41150707,-0.09134508,-0.11386232,-0.39027512,0.18134548,-0.18649718,-1.327828,-0.1746246,-0.005204495,-0.0033921013,-0.2725954,-0.39366034,-0.03772617,-0.17874682,-0.029728273,0.4555102,0.13101083,-0.09469093,0.28257155,0.031218728,-0.015040744,-0.088752165,-0.22855034,0.46195182,0.00039921975,0.0,-0.054215077,-0.025000341,0.0022257855,-0.000873172,0.0048404695,-0.044189185,0.30647996,-0.102540836,-0.06463024,-0.043035004,-0.3308405
-0.18574993,-0.22689669,0.011781976,-0.007092386,0.04072104,0.112236924,-0.2878422,0.37709615,-0.05553308,-0.04478162,0.37253264,-0.280348,0.088854544,0.31754044,0.14479595,-0.31717405,0.045338973,-0.18022992,0.5040044,0.102028556,0.009316802,-0.1525877,-0.9762631,-0.12527595,0.2194616,-0.25597128,0.06221491,0.04560618,-0.012985799,-0.077503525,-0.45809323,0.00039921975,0.0,-0.053114064,-0.0072029075,-0.016204175,-0.009831192,-0.08504987,-0.29353124,-0.33866125,0.05040669,-0.077261455,-0.073360234,-0.28484336
0.14197329,-0.8365825,-0.09150436,0.003495852,0.43158183,0.05774336,-0.058129158,-0.09530436,-0.08565225,-0.037998024,-0.38899615,0.2822949,-0.34892866,-0.066752195,-0.1401427,0.26558205,0.0432577,-0.26316696,-0.45817295,-0.11504737,0.011266073,-0.033654187,0.69501513,0.053062018,-0.11255132,0.38828942,-0.17908297,-0.021853661,-0.14278467,-0.19294885,-0.40258738,0.00039921975,0.0,-0.092651114,-0.026544223,0.0095267035,-0.0012244108,0.0074214633,-0.14683373,-0.09178424,-0.10824938,-0.08255286,0.034070123,-0.31064627
0.23677751,0.61346936,0.27182302,0.007245063,-0.43810567,0.044309333,-0.19370818,-0.12161403,-0.04148505,-0.064488895,0.44908088,0.3680271,0.30174947,0.46846664,-0.15358432,0.12287772,0.025700629,0.45473382,-0.27229995,0.019483367,0.016477037,0.014008114,0.7408728,0.020664427,0.098080955,0.38790873,0.15522383,0.20530738,0.033845954,0.32741916,-0.27168676,0.00039921975,0.0,-0.010422026,-0.010466836,0.001375909,-0.00054274965,0.042421594,0.10718518,-0.3051441,0.1317322,-0.005597333,0.18925433,0.16751507
0.20103751,-0.37697753,0.049354333,-0.010708725,-0.0038601593,0.08287411,0.23230281,0.13593724,-0.066171534,-0.057165936,-0.32322338,0.40466207,-0.24055918,0.33400023,-0.09745322,-0.018859811,0.06581151,-0.1536338,-0.4021357,-0.11416059,0.015318415,0.341594,0.64125997,0.20489496,-0.20725806,-0.3895087,0.16916226,0.18934341,-0.071198255,0.43521032,0.33588165,0.00039921975,0.0,-0.072538145,-0.032923296,-0.0027315244,-0.0013704017,0.024538634,-0.028273024,0.3164146,0.100030705,-0.04103605,0.10039752,0.20692538
-0.44707933,-0.24092473,0.13040242,0.0027447268,-0.282763,0.13635801,-0.34788072,0.257157,0.138298,-0.15864351,0.43714082,-0.23522311,0.2812286,-0.08191277,-0.002434835,-0.12958014,-0.0044527925,0.32340398,-0.33302426,-0.1170327,-0.18919338,0.07662926,-0.99534374,-0.35445994,-0.2174475,-0.25124726,0.09659143,0.078385055,0.014157124,0.305809,-0.4405878,0.0012404791,0.0,-0.7439284,-0.033170406,-0.010532718,-0.00056095095,-0.059775546,-0.022875013,-0.14835912,-0.08704139,-0.0887029,0.03708436,0.22481439
-0.0020832124,0.84652364,-0.12054345,-0.00050130294,-0.21289347,0.08988881,0.06992181,-0.84593225,0.18503284,-0.044634797,-0.13585906,-0.25915083,-0.23049685,0.33194327,0.043378357,-0.21260624,0.016741218,-0.56125176,-0.22878551,0.09972781,0.013299763,-0.10084695,-0.9975101,0.10429363,-0.15921581,-0.28272843,0.0022169715,0.081097364,0.041751117,-0.067590326,-0.042960644,0.0012404791,0.0,0.034760125,-0.07273384,-0.03116775,-0.001241345,-0.06651511,-0.04344544,-0.095868334,-0.06414166,-0.09235373,0.03654437,-0.3856021
-0.30370894,-0.28635162,-0.12513494,0.0074257725,0.030271921,0.060278364,0.052988578,-0.7010084,-0.05663996,0.08764187,-0.26535815,0.2597995,0.29661694,0.027047046,-0.2138411,-0.11994917,-0.060544487,0.22998221,-0.3933946,-0.05194676,0.016035607,-0.6778512,0.4994092,-0.039031778,-0.18378602,-0.47029406,0.058811028,0.0780492,0.020202741,0.23892528,-0.30082735,0.00039921975,0.0,-0.023832534,-0.03168987,0.00063547096,-0.0014174661,0.022836898,0.020523302,-0.25233564,-0.30500862,-0.0031212168,-0.31225592,0.26553708
-0.13976753,0.4383133,-0.033787917,-0.011525235,0.44897482,0.09536022,0.15784058,-0.18213698,0.14178613,-0.19321986,-0.2706109,-0.17179103,-0.106438115,-1.3159999,-0.2209468,-0.1113728,-0.23492804,0.19122626,-0.24182402,0.10657391,0.015766662,-0.4754672,0.30205926,-0.3866391,-0.19374736,-0.37271637,0.07676313,0.0021486157,-0.075013764,0.020834805,-0.12838435,0.0012404791,0.0,-0.08032791,0.024218034,0.02016775,-0.01019826,0.09918367,-0.13306059,0.048433606,-0.22124857,0.10472176,0.07513814,0.0015131173
-0.19348839,-0.2584007,0.27808806,0.009553932,-0.74895346,-0.4015879,-0.13618293,-0.6164615,-0.06185448,0.112943076,-0.15899102,-0.23187847,-0.369977,0.3952843,0.09401822,-0.17473161,-0.13467178,0.5352858,-0.25514203,-0.00901962,0.012941804,-0.07831801,-0.8576902,-0.2187562,-0.20004638,-0.2658471,-0.04355405,0.04510041,0.01708858,-0.058349617,-0.37613708,0.00039921975,0.0,-0.047161847,0.0042568794,0.0013409914,-0.0010495204,0.10809676,-0.13226856,-0.19190575,-0.06847099,-0.07644984,0.12073546,-0.119967714
0.42684144,-0.16467011,-0.2915966,0.0015495233,0.13760367,0.027967779,-0.12156526,-0.341413,-0.0718528,-0.036661483,-0.106719084,0.31394058,-0.28495106,0.0992543,-0.09675886,0.56901205,0.19376977,-0.13648288,1.0740687,0.066350676,0.00472939,-0.5591327,0.59176064,0.29793495,-0.3543763,-0.3017108,0.18825346,0.1742437,-0.069382206,0.2668517,-0.39184478,0.00039921975,0.0,-0.076362126,-0.029149365,0.004582996,-0.0007608137,0.020044975,0.29189762,0.349599,-0.124873646,-0.04053052,-0.024812005,-0.2431103
-0.21666697,-0.3303083,0.17492531,0.0021752473,0.34614292,0.09019063,0.072141446,-0.70165694,0.15606523,0.03989857,-0.24717261,-0.37787524,-0.14326611,0.0057492047,-0.20725755,-0.19733053,0.14473005,0.18682627,-0.32135215,0.03004191,0.012795815,-0.05842649,0.5657591,-0.010871825,-0.21914782,-0.46484745,-0.12807204,0.0024150936,-0.0002053876,0.10064868,-0.07833877,0.0012404791,0.0,0.22006214,-0.055000234,-0.01876919,-0.0007064819,-0.09971468,0.12550905,-0.24012046,-0.17565954,-0.06630056,-0.023567919,0.14620093
0.20193478,-0.22185802,0.15543379,-0.006818036,0.30979297,0.09098587,0.08245137,0.51187974,-0.049065884,0.092722245,0.43946505,0.2053154,0.10191078,0.3754471,0.05383902,0.45868433,-0.019880867,0.3134552,0.8831094,0.015152355,0.013521773,-0.45876354,-0.7488615,0.07302169,-0.16899191,-0.30495575,0.07604866,0.0492825,-0.05311534,0.33299473,0.4327473,0.00039921975,0.0,-0.24209248,-0.010762783,0.004882585,-0.0012248707,0.0057759252,0.043490693,-0.09845964,0.056354433,-0.043399327,0.17848454,0.27643389
0.0701858,-0.11642111,-0.064755395,-0.014136279,-0.4968784,-0.29939666,-0.16984838,0.3966029,0.19383922,-0.17812942,-0.9646818,-0.25185838,-0.25952792,-1.2370269,-0.1777394,-0.1750146,0.074243024,0.4962959,-0.36585718,0.091817915,0.009874342,-0.064401716,0.518909,-0.040001746,0.29261762,0.34916455,-0.09640123,-0.048003796,-0.013676481,-0.017768996,-0.31639045,0.0012404791,0.0,-0.6879868,-0.049383126,-0.010090474,-0.0005604911,-0.08453479,0.08265031,-0.3293318,-0.14553834,-0.0361493,0.10445928,-0.25121737
-0.04536148,-0.1884719,0.17126387,-0.010115069,-0.62186986,0.09346193,0.16261452,0.09930177,-0.08746256,-0.13823724,-0.44013166,-0.26235884,-0.033242054,-0.17572224,0.16750266,-0.16218165,-0.18129604,0.45878768,-0.4174798,0.031469174,0.017801492,-0.0040498124,0.5464563,-0.18519467,0.140791,-0.44440368,-0.0907446,-0.5477362,0.082267806,-0.7976056,0.3418572,0.00039921975,0.0,-0.02074301,-0.011640424,0.0009283465,-0.0006222286,-0.07136321,-0.0012405678,0.27198938,-0.17814936,-0.007239136,-0.0034312552,-0.3947825
-0.26923147,-0.18237068,0.24602647,0.002104776,-0.3696864,-0.46602032,0.082786314,-0.22471333,0.17956632,-0.06083221,-0.22749561,-0.17661989,-0.053432766,-0.8565017,0.08237265,-0.16952804,-0.10601717,-0.13741209,-0.17866793,-0.100702465,0.016812,0.04369982,-0.71853876,-0.07739837,-0.14778575,-0.29489967,0.029678192,-0.009258171,-0.08858223,-0.19889991,-0.4976342,0.0012404791,0.0,-0.59406656,-0.04326973,-0.017474195,-0.0012248707,-0.05365193,0.07961159,0.022313947,0.100450434,-0.08993458,0.0135949515,0.10846014
-0.14952181,0.9318654,0.19272044,0.0077137602,0.2001043,0.15769756,-0.18264394,0.76685333,-0.04848406,0.043239012,-0.22948925,-0.22390173,0.059654884,0.0469426,0.15679123,-0.09250185,0.13619179,0.48757386,-0.19673733,0.12183856,0.015494851,0.16532849,-0.8190362,-0.1559755,-0.22947897,-0.17182519,0.13835454,0.16452295,0.01473131,0.28226283,-0.36688495,0.00039921975,0.0,0.00066472625,0.020369392,0.0032504,-0.000464587,0.16198738,-0.047058266,-0.1888411,0.089396484,-0.027871268,-0.074407354,0.2850195
-0.31917354,-0.31877565,0.14724588,0.0018981083,0.29207534,0.113562584,0.10889081,0.08516791,0.18309548,-0.041581105,-0.29710868,-0.31177023,-0.065538295,0.3940535,0.070132956,-0.17026994,0.21786307,-0.06122222,-0.30620384,-0.075502716,0.013664633,0.064679205,-1.0471289,-0.13106798,-0.26892537,-0.28363514,-0.063866794,-0.04605426,0.099750295,-0.12455431,-0.32428944,0.0012404791,0.0,-0.6178397,-0.02780594,-0.0276744,-0.0009190807,-0.06946945,-0.06837334,0.0153533,-0.057724513,-0.079448655,-0.01757647,-0.17105207
-0.08131353,-0.19567183,-0.117836475,0.0025753004,0.47746912,0.086965255,0.050903816,0.6435761,-0.06336267,0.026557252,-0.37186065,0.21189281,0.35034162,-0.9014421,-0.19502342,0.22058034,0.23003535,-0.109457485,-0.31523556,0.04982896,0.019220013,-0.4696179,0.42875186,0.080195755,-0.16588603,-0.25134298,0.003431324,0.0262659,-0.061434183,0.41349408,-0.27913302,0.00039921975,0.0,-0.050855894,-0.021694168,0.0073383823,-0.0014174661,0.003985578,0.15388624,0.09693494,0.27794236,-0.0019330154,-0.063860096,0.3441569
-0.06799927,0.38537115,-0.09931298,0.0027455236,-0.4808816,0.044132266,0.051885583,-0.7909335,-0.08645216,-0.08044622,0.35102722,-0.2144082,0.10689054,-0.014040109,0.21985568,-0.07110238,-0.06412802,-0.27921394,-0.28480616,0.015722625,0.013083557,-0.07935266,0.6269775,-0.010901972,0.07929701,0.5083704,-0.06100242,-0.6001976,-0.17415532,-0.7320019,-0.42072377,0.00039921975,0.0,-0.15745397,0.0017317953,-0.0043275408,-0.010136522,-0.062179707,-0.47598648,-0.12368668,0.0421535,-0.026763227,0.011941444,-0.3195596
0.15227218,-0.2286539,0.02267232,0.0019356948,-0.054329682,0.061450444,-0.2887555,0.055753227,0.17446949,0.09941691,-0.33645502,-0.30275628,0.17680335,0.35690713,0.034876946,-0.1788047,0.19167751,-0.20048113,-0.1644406,-0.029112618,0.015048912,0.115651846,-1.062471,-0.06679823,-0.3291503,0.6705507,-0.12717026,-0.42025992,0.053025138,-0.48741415,-0.3672873,0.0012404791,0.0,-0.5447037,-0.032092527,-0.024785388,0.0024910057,-0.052996103,-0.07858763,0.04129005,-0.15209657,-0.11370297,0.030370625,-0.13075228
-0.26285076,0.51020724,-0.51920485,0.002376344,-0.7157181,0.13188,0.13440093,0.3658994,-0.064847425,-0.013169138,-0.27898592,-0.2929561,0.17114684,0.045127742,0.11148351,-0.29162756,-0.1685396,-0.2619462,0.60761,-0.09982752,0.0091340095,-0.17330404,-0.6449879,-0.47146657,-0.12686197,-0.111191474,-0.11378235,-0.3538104,-0.11100554,0.12509719,-0.35891405,0.00039921975,0.0,-0.09431847,0.009764148,-0.0062289834,0.0028016195,0.028315336,-0.401829,-0.049205627,-0.082162805,0.17104334,0.0415668,0.06873566
-0.09234762,-0.1973061,0.03109308,-0.0063940105,-0.096053414,-0.23245521,-0.11838267,0.35379395,-0.06525093,-0.08065083,-0.35496688,0.26343057,-0.50575316,-1.2511779,-0.16044946,-0.11200672,0.047128957,-0.19354619,-0.42686692,-0.084045604,0.012172815,-0.02529229,0.54356766,0.2416565,-0.14745855,0.739855,0.20896448,0.15922134,0.035244036,0.31303257,-0.40197888,0.00039921975,0.0,-0.07666318,-0.04666738,0.0021105336,-0.0012066694,0.0038433524,-0.040518336,-0.2966467,-0.040805884,0.024665585,-0.16724604,0.25806084
0.09987946,-0.310283,-0.10710365,0.006685773,-0.1275968,0.07070224,0.17007045,0.18588945,0.1540455,-0.11728308,-0.92738897,-0.28251523,-0.07780294,0.26455158,0.0480961,-0.31795597,-0.20859681,-0.6181266,0.7457843,-0.013700985,0.0061439034,-0.13359934,-1.1588491,0.037158664,-0.2288427,0.1887738,-0.106750816,-0.08760728,-0.127655,-0.031686172,-0.29645756,0.0012404791,0.0,-0.6544185,0.035203353,-0.019079646,-0.007037035,0.057351377,-0.23652808,-0.14636806,0.022703033,0.11319559,0.018203557,-0.024340698
-0.27334,0.65969366,0.24419375,0.005848836,0.3685162,0.036488257,-0.32583216,-0.5553356,0.13542978,0.038856417,-0.78099924,-0.32787418,0.016925199,0.06792497,0.026165541,-0.515875,-0.012399419,-0.12664333,0.42849043,0.09863637,0.006216631,0.02538173,-0.88471,-0.5873781,-0.17168656,0.16536343,-0.058049016,-0.00972116,-0.019787494,-0.15367103,-0.52393234,0.0012404791,0.0,-0.8013831,0.03235546,-0.0174795,-0.018282231,0.07182957,-0.30102286,-0.37199682,-0.04542658,-0.055304013,-0.29512635,-0.04295248
-0.190117,-0.14836384,0.13220817,0.0096859895,-0.1719363,0.07712832,-0.110298,-0.17779924,-0.071338914,-0.03679886,-0.26156327,-0.20395042,0.107292086,-0.13425186,0.0774695,-0.08393292,0.114511676,-0.2462788,-0.22914392,-0.012212448,0.018954614,-0.06653485,-0.98864555,-0.036409885,0.14891933,-0.3681226,-0.0036271093,-0.079951406,0.12708853,-0.31175607,-0.41878778,0.00039921975,0.0,-0.14075619,-0.0060914047,-0.0035864853,0.0060131964,0.09204357,-0.039502777,0.269685,0.13113576,-0.057222933,-0.16159031,0.057891957
0.074182086,-0.33691207,0.21220917,0.004326446,-0.13246201,0.089662604,-0.18508086,-0.22066413,0.15885021,-0.09481343,-1.1060843,-0.27043802,-0.22039711,-0.088459864,0.033894166,-0.19673474,0.117177166,0.42364654,-0.3440704,0.009394067,0.016178131,-0.077545166,-1.1378886,0.03599116,-0.19721255,0.26707774,-0.11697134,-0.03292838,-0.12757076,-0.086670935,-0.5215824,0.0012404791,0.0,-0.90682393,-0.05563929,-0.010406369,0.0025389954,-0.06685201,0.08774204,-0.050716564,-0.059210777,-0.08757228,0.06991319,-0.3746418
-0.06753357,-0.19300765,0.17008793,0.0019599246,-0.34758085,-0.36134613,-0.11630087,-0.5226465,-0.0766848,-0.013589004,-0.20900181,-0.14170948,-0.10350743,-0.7748324,0.103149064,-0.32459024,-0.13892029,-0.31610706,-0.23782884,-0.12766331,0.013321571,-0.10459417,-0.7217331,0.054877516,-0.16592765,-0.29833242,-0.10229784,0.030043537,0.0035205423,-0.06470816,0.45759326,0.00039921975,0.0,-0.056591704,0.0052685724,0.0017063951,-0.00030315068,-0.053929444,0.11085782,-0.3508816,-0.18114598,-0.023036823,0.023554688,-0.041241013
0.20215686,-0.35424533,0.22275092,0.004594282,0.060644507,0.05339621,-0.14867452,-0.12603228,-0.07570036,0.023035683,-0.25656676,0.32030278,0.35672417,-0.022299703,-0.1510429,0.59458303,-0.0031937598,-0.13247664,-0.34519783,0.028661128,0.019303586,-0.5931538,0.66485137,0.29855794,0.3869229,-0.317481,0.16414075,0.17296904,0.008790946,0.36688974,-0.31628177,0.00039921975,0.0,-0.05615957,-0.02427196,0.0022441123,-0.0013704017,0.010507924,0.27109388,-0.17675127,-0.18003552,-0.017792631,0.17586054,0.43350637
0.14685045,-0.19528145,0.03151341,0.003975244,-0.28268462,0.10991141,0.12218699,0.60602695,0.17531778,0.0111428965,-0.31881204,0.30922872,0.25370157,0.6128798,0.10810205,0.05813331,-0.069125526,0.34603295,-0.396184,0.030164879,-0.12409455,0.44397876,0.7716897,-0.030788256,-0.25540683,-0.24163555,-0.032470502,-0.026961925,-0.0911466,-0.056754284,-0.07322389,0.0012404791,0.0,-0.4208853,0.056937054,0.011789748,-0.0006222286,0.0033732571,0.054162156,0.012342304,-0.016653657,0.019274408,0.14289208,0.009489612
-0.026322562,-0.63753045,-0.6418117,0.0043630516,-1.0314347,0.046598904,-0.21967432,0.22656122,-0.06423474,-0.033190835,0.30665877,0.24621335,0.3073045,-0.053159226,0.13250577,0.3655685,-0.115993865,-0.19003613,-0.40929368,0.028727356,0.021056749,-0.08908038,-1.1517011,0.1551947,0.097712606,0.23366924,0.14534573,0.1828189,0.044930153,0.39946032,-0.42149955,0.00039921975,0.0,-0.044242673,-0.02675364,0.0040620193,-0.001141558,-0.01729114,0.07067251,-0.26653934,-0.044331074,-0.031431627,-0.1337571,0.33311304
0.18320662,0.62599987,-0.055267703,0.0023030594,-0.12797897,-0.38539073,-0.0024488554,0.19343117,-0.06183726,-0.18440095,0.39930144,0.16149577,-0.43143275,-1.2829137,0.08929372,-0.14543615,-0.12707897,0.4541297,-0.40453306,0.011940835,0.016738242,0.15428478,-0.93585134,-0.00060438085,-0.048296694,0.35256663,-0.1264334,-0.07543999,0.025244948,-0.11953086,-0.50485504,0.00039921975,0.0,0.06400405,-0.033072017,0.0010281277,-3.5549572e-05,-0.036185704,0.09790404,-0.34738192,-0.03345115,-0.050881952,0.0704417,-0.3579302
-0.13124698,-0.19747664,-0.5076897,-0.0017849654,-0.32674634,0.12577616,-0.33030054,0.21756232,-0.07689686,0.114718966,0.4984537,-0.1727504,-0.05510401,-0.06774782,0.025246574,-0.15690193,-0.26369303,-0.26203197,-0.24666515,-0.08003865,0.020085646,0.097933136,-0.90002036,-0.013633932,0.08238809,-0.34646997,-0.07166744,-0.47642612,0.060984213,0.25228506,0.60945094,0.00039921975,0.0,-0.08536954,0.015867526,-0.00092404016,-0.0005529964,0.1677941,0.047838777,0.08597551,-0.09339552,-0.031018838,-0.13043489,0.14626041
-0.3125283,0.5624413,0.18382597,0.009658566,0.24778667,0.09220321,-0.21366529,-0.74605715,0.16451108,-0.11094421,-0.11189903,-0.23476988,0.19768749,0.008839117,0.05973436,-0.31056163,-0.23048113,-0.16656296,-0.26618493,0.1396406,0.015840903,0.29477125,-0.9548458,-0.053167798,0.11524923,-0.30337468,-1.7958926e-05,-0.48501223,0.07661844,0.007943478,-0.46374917,0.0012404791,0.0,-0.5568677,-0.048314698,-0.013966234,-0.009831192,-0.06390801,-0.06507777,-0.0016107713,0.116275504,-0.04573636,-0.055576853,0.0905447
0.1258049,-0.83953995,0.16082643,0.004311544,0.044480994,0.058890313,-0.020316094,-0.4572688,-0.07101373,-0.008583019,-0.2677282,0.17322615,-0.40495223,0.24932033,0.057185326,0.45899993,0.01461063,0.47526538,-0.47079793,-0.03437604,0.015056945,-0.49165347,-1.0234421,0.053882908,0.1365722,0.94755805,0.054837096,0.052073877,-0.071755216,-0.18075025,-0.42962706,0.00039921975,0.0,-0.027747616,-0.021278705,0.003895487,0.0025389954,-0.03381126,-0.04626145,0.048822466,-0.036778174,-0.08781318,-0.035023026,-0.3013961
-0.21222088,-0.16517203,0.16717456,-0.009219563,-0.7451405,0.069002196,0.047078703,-0.7919642,-0.043555707,-0.18967134,0.34438834,-0.29849324,0.010890904,-0.9695516,-0.17807357,-0.57007617,-0.1900195,0.47273475,-0.4046255,0.037195843,0.010140741,-0.06789023,0.28843996,-0.36541438,-0.14446294,-0.30543244,0.037448376,0.063441165,-0.027752709,0.27619457,-0.3763345,0.00039921975,0.0,-0.045321595,0.011493558,0.0036012582,0.0005688177,0.013531681,-0.4510717,-0.3214632,-0.28491804,0.07276059,0.03759313,0.09842973
-0.14231715,-0.29066968,0.10596288,-0.011937335,0.029371608,0.15886526,0.22809832,0.2178932,-0.08546615,-0.13860315,0.4564802,-0.24037158,-0.21797554,0.28689623,0.0070057493,-0.17468128,-0.09526614,-0.30950123,-0.30712628,-0.12065621,0.015518239,0.33018026,-1.0175036,0.04707773,0.15247647,-0.27337077,-0.12691005,0.07416916,-0.0054974924,-0.03049709,0.45525092,0.00039921975,0.0,-0.060482852,0.00071886135,0.007583506,-0.0009190807,-0.06476452,-0.10503129,-0.36961517,-0.091842264,-0.009905438,0.01242108,-0.2331572
-0.03562518,-0.2081753,0.19840384,0.005093482,-0.9995425,0.06873508,-0.15198117,-0.23714766,-0.06570172,-0.16686396,0.4498213,0.13121712,0.22934912,-0.020091988,0.05328636,-0.18025124,-0.13759238,-0.07127379,-0.25820425,0.028274706,0.02044491,-0.22447672,-1.0809203,0.10278874,0.02856508,0.41205865,-0.0052872463,0.04146577,0.03954132,-0.17004102,-0.31194633,0.00039921975,0.0,0.012942645,-0.008833124,0.007166298,0.0018750757,-0.013436042,0.060297742,-0.28904286,0.24580495,-0.013501367,-0.10014455,-0.3838461
0.35742804,-0.13461868,-0.029913716,0.0041318303,-0.005528228,0.11044469,0.08926713,-0.35552147,0.15406172,-0.12548208,-0.19434035,0.23774095,0.31930882,-1.0167879,0.04963572,0.07803336,-0.12505779,-0.13302338,0.98227465,-0.04317043,0.008624012,-0.18518987,-0.99787474,0.12615371,0.12067479,-0.23316571,-0.0033475452,-0.008287151,0.016081065,-0.15611273,-0.3519496,0.0012404791,0.0,-0.523946,0.035536606,0.020562356,-0.001241345,0.015307853,0.07001399,-0.2331785,-0.5290398,-0.041226692,0.15212896,-0.35590413
-0.36190018,-0.35291362,-0.37303844,0.0053380663,-0.5758754,-0.4902735,0.09985031,0.12269618,0.16196659,0.09766223,-0.2686302,0.19420265,0.12021948,0.433335,0.108954884,0.15079366,-0.145931,0.024103338,-0.43331558,0.03948903,0.01515713,0.08042874,-1.0751642,-0.0016880166,-0.3617344,-0.20699711,-0.08299242,0.013513022,-0.0986368,-0.17235304,-0.4266387,0.0012404791,0.0,-0.6856154,-0.04381813,0.020463837,-0.00030315068,-0.021304924,0.10246477,0.008601321,0.059767384,-0.022954129,-0.27931717,0.071449354
0.1107669,-0.17734498,-0.038896352,-0.008941257,-0.39270043,0.07319582,-0.08648858,-0.572228,-0.08102493,-0.0040300963,-0.86851346,-0.19220676,0.20363258,-1.1141107,0.20837463,-0.39671445,-0.1521026,-0.24772325,-0.2892343,-0.028508602,0.01602489,0.12747286,0.42263308,-0.058455165,0.071397565,-0.25362203,-0.13905883,-0.07900129,-0.11489642,-0.17145362,-0.43480906,0.00039921975,0.0,-0.11721835,-0.008401009,-0.0026947926,-0.0013767437,-0.0612829,0.15404299,-0.11344634,-0.19566758,-0.031588092,-0.28022674,0.024017446
0.3492104,-0.12195481,-0.2398753,0.0039531924,-0.06527889,0.06017767,-0.035825156,-0.6983815,-0.05929776,0.028025925,0.18786436,0.1772471,-0.33424884,-0.86437905,0.043675754,-0.09747695,-0.09485432,-0.17154734,-0.35396048,0.09795387,0.01593494,-0.1288119,-1.0388721,0.1611577,0.090372175,-0.36447027,0.07900591,-0.009544617,-0.07109021,0.23860638,-0.5584837,0.00039921975,0.0,-0.043224413,-0.03506855,0.015382659,-0.001241345,-0.036934078,-0.05423192,0.1211767,-0.17565182,-0.04753032,0.076018415,0.10480532
-0.25090224,0.91121584,0.17787734,0.0057032416,0.024589568,0.19130215,-0.23727094,0.2845208,-0.06631814,0.07048706,-0.25051466,-0.21284525,-0.04707985,0.092963606,-0.005198667,-0.16694972,-0.08674434,0.032068055,0.8420877,-0.09798834,0.012251944,0.38791,-0.80837125,-0.18145865,-0.16893208,-0.17252915,0.038137,0.07836265,-0.09356818,0.08427889,0.7349708,0.00039921975,0.0,-0.033130024,0.005583238,0.0073409993,-0.009831192,-0.050577346,-0.037787475,0.10750947,0.09568873,0.0023502305,0.17939448,-0.03178298
-0.38259262,0.47948307,-0.5611404,0.0037510544,0.035668552,-0.28986087,-0.19256222,-0.65396065,-0.044631995,-0.06927554,-0.13685931,0.1846932,-0.3487888,0.25954327,0.058574177,-0.310971,-0.045683168,0.30810392,0.6850756,-0.113061436,0.010169245,-0.43213218,-1.1560363,0.14952564,0.11505655,-0.31478643,0.06156387,0.10212155,0.011589075,0.22814263,-0.30098322,0.00039921975,0.0,-0.026717294,-0.043247443,0.0033923492,-0.0006832065,-0.0151017625,0.051524255,-0.32238,-0.23557192,-0.009806881,-0.27521107,0.2315981
-0.23317575,-0.033025578,-0.058079846,-0.038895626,-0.060646888,0.10002394,-0.23165913,-0.12699294,-0.06202711,-0.027357196,-0.2575924,-0.23492673,0.06673248,-0.8793073,-0.17195347,-0.4295007,-0.2329308,-0.27041313,0.60161036,-0.08507139,-0.08246944,-0.2794776,0.42932597,-0.3062866,0.16593109,-0.1843202,-0.069760956,0.012516642,0.15191077,0.032071307,0.5352467,0.00039921975,0.0,-0.3088992,-0.005717994,-0.0009686905,0.0029539175,0.032684445,-0.2910662,0.2505586,-0.14755456,-0.021805687,0.016405076,0.010216432
-0.33692864,0.2942177,-0.37096205,-0.003943406,-0.96619844,-0.32451716,-0.21344283,0.44311842,0.17715047,-0.040946886,0.2535194,-0.36818177,-0.31538466,0.3152039,-0.18977325,-0.1244785,-0.34675875,-0.025416685,-0.20209078,-0.033084884,-0.084218115,-0.12847076,0.6989723,-0.41888303,0.231871,0.3895578,-0.09810049,-0.33177936,0.066946134,-0.32132998,-0.35956404,0.0012404791,0.0,-0.49626505,0.04212553,-0.014696343,-0.0012244108,0.074212685,0.08300149,0.12066483,-0.06054068,0.1084682,-0.011210693,-0.09443906
0.20504916,-0.14575717,0.2935756,0.0015539502,-0.57470864,0.11483529,0.11513993,0.49700028,0.14716955,0.12678689,1.0518903,0.34461808,-0.27621996,0.24758132,-0.1593808,0.29630336,0.02749836,0.41902697,1.0081464,-0.0025364081,0.008865683,-0.6013834,0.53219724,0.008615073,-0.17793873,-0.32384354,-0.04393046,-0.07597091,0.086569056,-0.022526106,-0.17632593,0.0012404791,0.0,-0.41748047,0.011644289,0.01851817,-0.0006222286,-0.008437945,-0.10801145,0.14103329,0.02185835,0.023843762,0.21830618,-0.12102305
-0.40804493,0.576591,-0.3935398,-0.0010236681,-0.40994528,-0.48305982,-0.219682,0.211323,-0.055329002,-0.025731495,-0.2417088,-0.20935151,-0.15171915,0.21501915,0.016933234,-0.25934246,-0.12550615,0.33387887,-0.24771483,0.006535493,0.020774959,-0.49216545,-0.87171054,0.121781155,0.11374404,-0.23990694,0.07268363,0.115519434,0.0132963145,0.31394345,0.53830105,0.00039921975,0.0,-0.016385768,0.023343686,-0.0040835463,-0.0006832065,-0.055691157,-0.05003568,-0.32080036,-0.15771624,-0.02566958,-0.027084595,0.3217624
-0.28567174,-0.13112451,0.020589426,-0.003126074,-0.06146232,-0.45207852,0.09548001,-0.68056655,0.1541711,-0.19686833,0.18337218,-0.32812908,-0.22237381,0.35043442,0.044733204,-0.28968504,-0.1157674,0.25056833,0.4599653,-0.016194949,-0.08973594,0.4102728,-1.2515275,-0.24150434,0.15877378,-0.2804091,-0.052114338,-0.35586473,-0.08916058,-0.12596801,-0.42762592,0.0012404791,0.0,-0.58775216,-0.042817343,-0.028712988,-0.0005774253,-0.06825335,0.106714234,-0.028582767,0.118367836,-0.049727406,-0.063709505,0.00964303
-0.13851233,-0.17699419,0.07649776,-0.009782029,-0.32789534,0.03686118,0.016606724,-0.13542068,-0.078007616,-0.022527097,-0.3122616,-0.21895795,-0.26396918,-0.9566177,-0.23981504,-0.16758811,0.026357638,-0.2509221,-0.39308113,-0.058556832,0.012110062,-0.06493136,0.4353515,0.027929394,-0.1555069,-0.40345728,-0.03736457,-0.17355332,0.11083171,-0.32192326,-0.5209686,0.00039921975,0.0,-0.14241125,-0.023964806,-0.0029100329,-0.0012861483,-0.08597231,0.023703428,0.15961064,-0.04753315,-0.022849761,-0.04246609,-0.26047903
0.052141353,-0.23026387,-0.03815842,-0.0055568586,-0.7380572,0.13280044,0.07588298,0.19068235,0.18234992,-0.116973996,0.30198297,-0.30710068,-0.2558198,-1.3289324,-0.30566967,-0.25547686,-0.17412812,-0.577083,-0.4867844,-0.16310313,0.010940231,0.4954692,0.2750571,-0.016853625,-0.14932615,-0.27061918,-0.12751058,0.1020363,-0.1323411,-0.09815814,-0.24563031,0.0012404791,0.0,-0.56193686,-0.04123687,-0.01131326,-0.010288855,-0.06907435,-0.19310279,-0.09644674,-0.10069831,-0.03907012,0.045618642,-0.20810008
-0.18699634,-0.09906085,-0.4619079,0.015098541,-0.31438145,-0.58521634,0.0805364,0.43939057,0.15595505,-0.12525856,0.29010627,-0.39081764,0.10233348,-1.0272429,0.1892331,-0.5793703,0.19973092,-0.084738635,-0.22293606,0.059880443,0.014342653,-0.109896265,0.49260518,-0.345619,-0.17223074,-0.27415496,-0.03631965,-0.11999629,0.058843065,-0.009427735,-0.19965997,0.0012404791,0.0,-0.111892074,-0.008238532,0.0077583604,0.003261875,0.047685437,-0.421306,-0.028914023,-0.13956988,-0.05596255,-0.20231451,0.11889542
0.10292804,-0.32686216,-0.5350425,-0.008104347,-0.47367027,0.027455175,-0.22140773,-0.22792256,-0.070228755,-0.104542196,-0.21508458,0.26922435,-0.2570051,0.21415113,0.037837338,0.35026747,-0.12709492,-0.17787002,-0.44728872,-0.03317724,0.017588502,0.27296942,-1.0397352,0.17661725,-0.23877348,-0.25861552,0.13554004,0.15026122,0.03226305,0.38200182,0.44262314,0.00039921975,0.0,-0.09135407,-0.036327764,0.00014244439,-0.0012248707,-0.03796385,-0.037418626,-0.2332095,0.086598724,-0.025045414,0.0961775,0.34737656
-0.2803376,-0.3651,-0.43386248,0.0016963851,0.02402179,0.08853094,-0.23502997,0.46447662,-0.07844556,-0.17226127,-0.42336488,-0.26925942,-0.11243875,0.2918793,0.20725217,-0.2461428,-0.17688887,-0.79979086,-0.29051933,-0.036875546,0.017197516,-0.791122,0.5020918,-0.014568674,-0.44631577,-0.42502248,-0.1355733,-0.015391837,0.039803818,0.17639661,0.52449346,0.00039921975,0.0,-0.057816826,-0.0040166983,8.395867e-05,-0.00080153614,-0.07367931,0.10829532,-0.016321894,-0.1287833,-0.02728306,0.01260448,0.15330061
-0.20292644,0.43104815,0.14398286,-0.00096595136,-0.51146257,-0.32022783,-0.20068717,-0.17221057,0.1730159,0.13430822,-0.2547977,-0.3377531,-0.15956247,-0.05709478,-0.26084703,-0.24360612,-0.1383018,-0.62902445,-0.21218763,-0.09210164,-0.16213119,-0.42013,0.458386,-0.4353895,0.35935923,-0.3262946,-0.037797846,-0.05479712,0.173707,-0.30521017,-0.36023206,0.0012404791,0.0,-0.5763402,0.0022659127,-0.0028911019,-0.01019826,0.034163803,-0.2948063,0.2864614,-0.103216134,0.11301271,-0.22347449,-0.08028844
0.08293303,-0.30716744,-0.20132087,0.0076239156,-0.76859933,0.031121468,-0.10617339,-0.1391419,-0.07839407,0.098030426,-0.40165636,0.28641334,0.15172869,0.3738008,-0.22267851,-0.06895095,-0.3680581,-0.7767315,-0.51405483,-0.08109401,0.011818053,-0.58615667,0.5460587,-0.006754443,-0.39593384,0.3718473,-0.087064594,-0.16094837,0.029764196,-0.032992076,-0.4203055,0.00039921975,0.0,-0.12739913,-0.02607966,0.008749833,-0.000257242,-0.008985802,-0.12552723,0.094179615,-0.11583839,-0.07005368,0.092179716,-0.088094905
-0.30586636,-0.14684777,-0.46744254,-0.0071864896,-0.37689182,0.06953852,0.048558865,-0.0732629,0.14306529,-0.14647734,0.39100832,0.18340832,0.1815638,-1.4664557,-0.22668724,-0.095731236,0.0154789565,0.25847116,-0.4019906,0.02976058,0.015696846,0.18306078,0.59454125,0.04238861,-0.14805387,0.47591072,0.0024081338,-0.030939424,-0.08725781,-0.29979837,-0.41725424,0.0012404791,0.0,-0.72835666,-0.063720465,0.0013678977,-0.0005604911,0.018710366,0.12771794,0.1144899,-0.18940313,-0.017064085,-0.28263673,-0.18493423
0.100411974,-0.7173952,0.14808466,0.008890884,0.073628195,0.0673095,-0.16145247,-0.27993518,0.15648866,-0.084928066,-0.21505181,-0.19947214,-0.03717648,-0.10948516,0.066936895,-0.26013887,-0.13421291,0.22687474,-0.30491364,-0.05257572,-0.10852423,-0.11912064,-1.1392577,-0.053906273,0.12045533,-0.34468347,-0.059719626,-0.040683005,0.12117251,-0.368977,-0.39135754,0.0012404791,0.0,-0.6579701,0.012249935,-0.0012957065,-0.009831192,0.09265007,-0.20344454,0.1845928,-0.09502808,0.12322712,0.20193334,-0.24003768
-0.20590702,-0.26156992,-0.56621295,0.003146611,0.3330442,0.077975005,-0.12830517,-0.23433015,-0.0713359,-0.21069612,-0.32996956,-0.27676252,-0.23451304,-0.12454069,0.06704088,-0.23743634,-0.2559863,0.4860729,-0.30352232,-0.04062222,0.014535284,0.07873372,-1.2723321,-0.23423328,-0.14982836,0.33140814,-0.12257569,-0.14451429,0.04312868,-0.10650239,-0.33296007,0.00039921975,0.0,-0.073456876,0.03024283,0.0037194006,-3.5549572e-05,-0.059124902,0.1573829,0.07944178,-0.13592416,-0.059748895,0.013261375,-0.25533625
-0.115883574,0.758052,0.18036903,0.0051537333,-0.16310927,0.07751716,-0.021356778,-0.85176706,-0.07984231,-0.07365475,-0.8237451,0.12759253,-0.4103872,-0.024960194,0.058699455,-0.0143978605,-0.18115734,-0.20136425,-0.45494485,0.1089457,0.011724474,-0.45592055,-0.86553377,0.08531712,0.09677053,-0.29917824,-0.006194274,0.080808386,0.03084249,-0.049337696,-0.5311903,0.00039921975,0.0,-0.09275753,-0.040249113,0.006698223,-0.0009190807,-0.04034543,-0.05361393,-0.23546496,-0.23356183,-0.042383138,-0.22813772,-0.20770049
-0.21269764,-0.42535457,0.18522453,0.00033509693,-0.35609794,0.04937263,0.12351214,-0.16937327,-0.051482227,-0.07576386,-0.37495536,-0.35928842,0.20545489,0.023628116,0.16821773,-0.36085474,0.17039558,-0.7019632,0.6921947,-0.03395901,0.010012266,-0.19035424,0.5904788,-0.35800588,-0.21753162,0.3160803,-0.11316652,-0.30084753,-0.15055016,-0.48822874,-0.40524593,0.00039921975,0.0,-0.109011434,-0.008752763,-0.0075943647,-0.0002996074,0.04538159,-0.3323379,-0.14420016,-0.0007549492,-0.004318167,0.2662093,-0.020293998
-0.21841332,-0.20939744,0.15044299,-0.021265252,-0.76152855,0.111354396,0.074026644,-0.28119227,-0.0692536,-0.118003786,-0.88715684,0.06388374,-0.057394557,-0.056744423,0.035832543,-0.116761364,-0.18361144,-0.17318262,-0.34276843,-0.07787017,0.02036187,-0.36859402,-0.7561674,0.01934363,0.08849246,-0.28232777,-0.051483516,-0.0408088,0.06518416,0.24197811,0.44097438,0.00039921975,0.0,-0.33133844,-0.030305985,0.0013125138,-0.0012248707,-0.0065809633,-0.055426277,0.27127525,-0.086150914,-0.009658455,-0.2837772,0.22799063
-0.1638373,-0.12092479,-0.5537935,-0.0019609963,-0.28033352,0.112690814,0.00020322087,-0.846806,0.34706023,-0.09871427,0.18983772,-0.1495561,0.10053139,-0.8671399,0.07444132,-0.28176934,-0.0030782388,0.46484604,-0.22874369,0.108860515,0.011967355,-0.17327525,-0.7536945,-0.08481022,0.09977967,-0.3008356,-0.09596856,-0.045885317,0.01384764,-0.04632319,-0.29483613,-0.011950837,0.0,0.0064729587,-0.044457413,-0.014270242,-0.0005774253,-0.05533571,0.11245841,-0.30380613,-0.21516256,-0.06891907,-0.020245047,-0.095932454
0.2857145,-0.23916341,0.26241654,0.006126242,0.030152978,0.040294133,0.0879279,-0.43149024,-0.055622503,-0.1028379,-0.15824857,0.42769292,-0.4043615,0.2541523,-0.052549623,0.35508043,0.1709695,-0.13165991,1.348985,-0.0053634113,-0.08106651,0.407043,0.6510901,0.3375032,0.23027,-0.31546232,0.16968875,0.21197255,0.036618184,0.47739366,-0.4991121,0.00039921975,0.0,-0.08503523,-0.0485108,0.0023389442,-0.0013704017,0.031183248,0.018956667,-0.20093648,0.014914385,-0.0458674,0.008862363,0.2579896
0.15940985,-0.18147856,0.22590078,-0.022085,0.387669,0.040207956,0.072772175,-0.75185615,-0.050424412,0.07810036,0.781358,0.19439994,0.06746863,-0.031268895,0.044931054,0.7671252,0.0254276,-0.093377404,-0.39374122,0.08964772,0.0197612,-0.029471235,-0.8883914,0.14905338,0.15052876,-0.31100544,0.0989255,0.1550915,0.011749258,0.5235778,0.59007233,0.00039921975,0.0,-0.29813746,0.0016619642,0.0016185006,-0.0012248707,-0.0126430625,0.30987385,-0.24336626,-0.2720523,-0.02525662,0.10274569,0.36731428
-0.26861086,-0.13416289,-0.12996632,0.0042864825,-0.2374936,0.07271973,-0.34879112,-0.24966711,0.1310224,0.050871447,-0.27526745,-0.24895377,0.09383066,-0.611094,0.046634644,-0.6440995,-0.14721042,-0.1778607,0.36764464,0.15335053,0.0076147686,-0.12690888,-0.76822615,-0.3429186,-0.18327294,0.15894537,-0.050744247,-0.24630749,0.011095822,0.11144166,-0.46834993,0.0012404791,0.0,-0.5637924,0.008571837,-0.009226147,-0.0018867082,0.03863434,-0.406965,-0.072431535,0.04021503,-0.0451,-0.084671475,0.08704005
-0.19637486,-0.24509919,0.17915253,0.0015980485,0.0035122018,0.04317467,0.07341988,0.057933323,-0.07956716,-0.05372883,-0.3761507,0.20684439,-0.47636703,0.39164492,0.12739828,-0.00020802673,-0.36340445,-0.1490123,0.94349813,-0.03522206,0.011450802,-0.6654824,0.61001176,0.043900345,0.43284944,-0.43157473,-0.11756107,-0.13750254,0.022825342,0.124684095,-0.48902172,0.00039921975,0.0,-0.09875628,-0.040138047,0.02231861,-0.0013704017,-0.0058343797,-0.041449167,-0.0078116786,-0.10430488,-0.06562204,-0.1295207,0.07166664
-0.076845355,-0.19648191,0.14152674,0.009808872,-0.061206196,0.09137548,-0.117743194,-0.64811593,-0.056961913,-0.113158114,-0.21628939,-0.21843801,0.09120653,-0.10287652,0.09404179,-0.31130415,-0.25203684,0.5297617,-0.3054678,-0.04517058,0.010094882,0.038756136,-0.89733756,-0.078537434,-0.18921739,-0.2655938,-0.07520442,-0.047750156,-0.006516781,-0.047553,-0.31468272,0.00039921975,0.0,-0.059444066,0.02184328,0.011690094,-0.0010495204,0.079332806,-0.2997182,-0.30537665,0.21440026,-0.061274935,0.069678865,-0.14392069
0.071995586,0.8105117,-0.048546903,-0.01089818,0.4863828,0.16964068,0.13985732,0.3848765,0.32196572,-0.06160496,-0.14569262,-0.21443841,0.123729885,0.48023933,0.13517125,-0.16026029,0.14741367,0.50746125,0.66742164,0.0028343396,0.010961247,-0.08021786,-0.83704674,-0.046433724,0.19388443,-0.17263177,0.05645124,0.10518409,0.045125756,-0.040157177,-0.24882995,-0.011950837,0.0,-0.014725285,0.025932968,-0.003783783,-0.0028062868,0.11118821,-0.11469103,-0.24151818,0.20293245,0.23063192,0.1304871,-0.2731553
-0.21364792,-0.00981262,-0.4012732,0.021463275,0.41773996,0.098022975,0.21582259,0.17757365,0.1376875,-0.07903216,-0.6977926,-0.3368253,-0.059624307,0.34173918,-0.061890118,-0.31458926,-0.054410953,0.24251452,0.8317278,0.04459762,0.008677702,-0.4123916,0.7096797,-0.4169211,0.16718084,0.28502843,0.16871874,0.20620112,0.03512115,0.19439825,0.005661758,0.0012404791,0.0,0.11084176,0.017927133,0.0013339793,0.008756465,0.053551033,-0.124776125,-0.2164195,0.023334611,-0.0024006218,0.15300027,0.18358351
0.05612816,-0.3341945,-0.394344,-0.0011869052,0.3867159,-0.36020532,-0.12343701,-0.31229353,-0.06276429,-0.10586248,-0.32749304,-0.26665127,-0.030447418,0.23168752,0.07872039,-0.17498602,-0.17860377,0.036933675,-0.26064983,0.019640658,0.016178882,0.17858449,-0.96377194,0.0034119943,-0.30140832,-0.28243664,0.06059385,0.06357058,-0.110754535,-0.04236561,0.5502135,0.00039921975,0.0,-0.07324615,-0.0069222953,0.0017222441,0.00812187,0.20988226,-0.1307737,0.10406097,-0.050150048,-0.03933365,-0.04328462,-0.032556918
-0.2507792,-0.21041626,0.09522654,0.0026566465,-0.04895883,0.11480959,-0.2631688,0.49945274,0.16225642,0.011424666,-0.36214468,-0.28436548,0.1936387,0.20649338,0.041221455,-0.12976134,0.06052163,0.24720089,-0.16643606,0.005465678,0.014177917,-0.13104519,-0.9653596,-0.3681774,-0.2654987,0.1921906,-0.09458238,-0.3272727,-0.11451258,-0.019100644,-0.49280402,0.0012404791,0.0,-0.69812214,0.04700373,-0.0130924955,-0.00063061854,0.103819765,0.08811202,-0.089386135,-0.18147264,0.10692094,0.09947706,0.15563029
-0.0919682,-0.13371353,0.22547151,-0.007980305,0.27853012,-0.36785632,0.13212371,-0.23382074,-0.0607106,0.11121519,0.30433786,-0.22825284,0.07234526,-0.7139443,0.06966753,-0.48948655,0.1210105,-0.19552134,-0.25640202,-0.16953377,-0.15362947,-0.078320384,-0.6808069,-0.31943247,-0.16877513,-0.23405804,0.009640703,-0.030413624,-0.09578027,-0.39455315,0.38153455,0.00039921975,0.0,-0.111079484,0.0068318206,0.003046002,7.869676e-07,0.066826545,-0.46521604,-0.13091153,-0.1359858,0.11885077,0.09528007,0.009484737
0.21782102,0.76082426,0.300148,-0.0038410043,0.39856067,-0.4230029,0.22450937,-0.14448549,0.14720972,0.13191049,0.31390598,-0.36530674,-0.07492342,0.5126126,-0.21788742,-0.23837069,0.105715714,0.3638405,-0.24176824,0.031016802,0.015961701,0.041811496,0.81106323,0.035607897,-0.27603385,0.46641317,-0.11975608,-0.028615933,0.01628581,0.11949992,-0.021774217,0.0012404791,0.0,0.15547703,-0.032283507,-0.01900636,-0.0012986396,-0.078268245,-0.08948324,-0.29488876,0.06294522,-0.03972678,-0.061014574,0.0936948
-0.39025986,0.52980566,-0.5145881,0.003919163,0.43675897,0.08396247,-0.23558672,0.092369415,0.18478468,0.06404952,-0.22243245,-0.23319241,-0.2475405,0.29702833,0.071456484,-0.24365431,0.03683222,-0.14885405,-0.21108735,0.012546552,0.009171737,0.4353004,-1.0441386,-0.4921252,0.12849684,-0.18464845,-0.06008946,-0.16951625,-0.09280704,-0.8220557,-0.43268278,0.0012404791,0.0,-0.6479852,-0.041035406,-0.03391444,-0.001241345,-0.060165253,0.14220731,-0.063357,-0.07140866,-0.06341994,-0.028582923,0.08705041
0.2938839,-0.7623275,-0.41984862,0.004314442,-0.2303682,0.0697635,-0.2230056,-0.32164857,-0.060213383,-0.108667575,0.23208761,0.20241523,-0.38966504,0.021826228,0.036936507,0.13018544,-0.05489511,-0.21242909,0.6690197,-0.015196571,0.011074708,-0.47565165,-1.2880532,0.178276,0.09818478,0.22557926,0.14674944,0.13075346,0.048015665,0.16282986,-0.49673453,0.00039921975,0.0,-0.057757102,-0.020645112,0.0113946395,-0.0006994693,-0.010554567,-0.008979627,-0.32993126,-0.019885283,0.010046011,0.048804037,-0.35826185
0.065996416,-0.29929107,0.093968116,0.0034363302,-0.7308194,0.11120864,0.058281023,0.1220598,-0.08826645,-0.009328997,-0.3229917,-0.22675289,-0.34498397,0.29336548,0.049319334,-0.22241375,0.12206019,-0.27887195,-0.32651135,0.016739877,0.010065985,0.17047888,-0.8174201,0.0026284438,-0.17183207,-0.29794434,-0.043628898,-0.0042510545,0.022863384,-0.6583958,-0.61547536,0.00039921975,0.0,-0.13221346,-0.0131041,0.004548775,-0.009831192,-0.052759584,-0.057763234,-0.2548057,0.026375074,-0.017203309,0.13873829,-0.22558391
-0.19519407,-0.1348005,0.3620887,-0.013443104,-0.19497557,0.15702245,0.20048209,0.5870152,0.14801788,-0.18296805,0.3366871,-0.1496907,-0.21965232,-0.9706161,0.013270848,-0.24007604,-0.07584079,0.44325814,0.54501957,-0.070334695,0.0068670404,-0.25422922,-0.7308875,-0.3965706,-0.18559755,-0.22681043,-0.06527003,0.0050677536,-0.00064457976,0.015305243,-0.10363626,0.0012404791,0.0,-0.107834,0.00816886,0.018217804,-0.0024840226,0.12095062,-0.25534186,-0.19927034,0.10240305,0.17920452,-0.03297329,-0.1539223
0.38106817,-0.2537495,-0.42665392,0.0038890897,-0.4285292,-0.2850275,-0.03540903,0.0344347,-0.078648254,-0.021793462,-0.34687233,0.22917873,-0.41388732,0.23992187,0.010203186,0.1979846,-0.02610366,-0.19716483,-0.39631578,0.105267264,0.013643028,-0.068908125,-0.962673,0.03089419,-0.19171506,0.30525133,-0.13682151,-0.033460397,-0.11639669,-0.23371689,-0.5580793,0.00039921975,0.0,-0.06268128,-0.029274505,0.016831474,-0.0006994693,-0.029863292,-0.13403615,-0.086565934,0.012436544,-0.05176129,0.103336416,0.056270085
0.038074452,-0.16554466,0.040490285,0.026287878,-0.3762058,0.09131995,0.12958972,0.13832343,-0.07819033,-0.100908026,-0.3227952,-0.22847442,-0.090404235,-1.2875011,-0.20204003,-0.27034357,-0.10892064,0.38846537,0.7900245,-0.108338684,0.0065917578,-0.109075174,0.43813863,-0.037023645,0.08483984,-0.26944613,-0.044274002,-0.061246622,-0.056174956,0.050193515,0.3760462,0.00039921975,0.0,-0.043941844,-0.013810549,0.0012706164,-0.01019826,-0.06715325,-0.02291703,-0.41721562,-0.42491123,-0.012770016,0.03530057,-0.172933
-0.1266614,-0.19903953,0.035860393,0.007565384,0.11915467,-0.36527094,-0.15263133,-0.5663508,0.20333992,0.18400206,-0.17741697,-0.29298994,-0.14966038,-0.19373289,0.25813583,-0.23239933,-0.07333599,0.018391445,-0.31418028,-0.04302461,0.010364714,0.30135146,0.6111919,-0.051934645,0.40332508,-0.40065962,-0.11978079,-0.04731894,-0.122822866,-0.032809578,-0.31420606,0.0012404791,0.0,-0.5609906,0.0046092365,-0.003560696,-0.0012861483,0.09346052,0.09395362,-0.12068052,-0.077916496,0.15110041,-0.11677883,-0.17295943
0.024754303,-0.10567255,0.31304497,0.002873899,0.4356275,0.11424089,-0.13576323,0.7617346,-0.05340987,0.09281274,1.1457051,-0.111464955,-0.10355401,-0.71553004,0.1606285,-0.21727371,0.13960636,0.60222393,0.65409595,-0.06588607,0.009452595,-0.32216588,-0.850207,0.112875,0.17883106,0.455707,0.050227474,0.026770674,-0.03176101,-0.04585882,0.67840445,0.00039921975,0.0,0.012337629,0.011322811,-0.001827992,0.0025389954,-0.06290985,0.15984711,0.24800813,0.029945806,-0.012931827,-0.028220521,-0.3458168
-0.31390193,-0.3077818,0.19929354,0.0008655463,0.35818905,-0.30392683,0.020496085,-0.48023108,-0.060586404,-0.042068984,-0.25528574,-0.23925412,-0.2719836,0.32001033,0.07146231,-0.3024838,0.07485307,0.45653528,0.6563115,0.053939767,0.010074302,-0.063328505,-1.1948854,0.012429785,-0.28160876,0.4226984,0.002505335,-0.010293461,-0.14997536,-0.18586607,-0.46687207,0.00039921975,0.0,-0.08451183,0.019280022,-0.01141246,0.0025389954,-0.087185636,0.12393924,-0.030532511,0.021352105,-0.060299005,-0.06360549,-0.038500875
-0.15803416,-0.188267,-0.021123152,-0.0011469828,-0.094494045,0.08029823,0.16298589,-0.7149637,-0.07757593,-0.12366407,-0.2864024,-0.37876737,-0.0051381327,-0.10570004,-0.2838605,-0.04523572,-0.29107648,-0.25554156,-0.34827915,0.0008164337,0.012248605,0.1422334,0.4871663,-0.0692206,-0.24150927,-0.4719333,-0.01145612,-0.2856883,0.1606904,-0.07881781,0.48908454,0.00039921975,0.0,-0.12798665,-0.015129054,0.003019245,0.008415032,0.14021252,-0.018686619,0.12850931,-0.0013648886,-0.03524302,-0.22687535,-0.14467403
-0.3374191,0.9317817,0.45162103,-0.0021222867,0.5569858,-0.3374682,0.16737837,0.6021991,0.13661626,-0.044129774,-0.18305229,-0.21891357,-0.243169,0.48367494,0.015145886,-0.11332581,-0.08457006,0.0044444227,-0.21106967,-0.11813372,0.015052416,-0.4449809,-0.78751594,0.13216342,-0.11761005,-0.24778755,0.16231218,0.16619752,0.053221427,0.22722672,-0.0060421433,0.0012404791,0.0,0.039089024,-0.032461833,-0.015025532,-0.0012248707,-0.05560299,0.10373466,-0.1253018,0.085296445,-0.03988828,0.03280669,0.16141231
-0.24619898,0.693599,0.02933261,-0.023783887,0.09099246,-0.58993965,0.069427215,-0.19535112,-0.07914293,-0.036091544,-0.3065538,-0.27648112,-0.2505547,-0.0057044043,0.28339815,-0.3425739,-0.066526435,0.026713965,-0.21557352,0.06767584,0.02415718,-0.040859353,0.6314475,-0.06899044,0.12969989,-0.37218612,-0.11611451,0.030985884,-0.11515716,-0.0864689,0.5307925,0.00039921975,0.0,-0.28065532,-0.0041854065,0.0016781483,-0.0013704017,-0.057010483,-0.08311756,-0.081110194,0.04971839,-0.018078763,-0.01233349,0.2609785
0.028580802,0.7355196,0.21797581,-0.00069899275,-0.10490516,0.18656425,0.13237873,0.29750055,-0.08001672,-0.1281555,-0.40126225,-0.22145957,-0.14341277,0.23613644,0.018688729,-0.24250191,-0.21403264,-0.28492257,-0.28394964,-0.12455573,0.021226227,-0.50797004,-0.737314,-0.038793348,-0.2242727,-0.2845055,-0.070225745,-0.4132379,0.07157212,0.03289,0.54027736,0.00039921975,0.0,-0.104410276,-0.0014442806,0.0011830102,-0.0101369815,-0.052666113,-0.0054843477,0.3573134,-0.109997205,-0.013315222,0.066237815,0.16472799
-0.30044377,-0.20050342,-0.21453457,0.0051895226,-0.027773427,0.105965674,-0.16164342,-0.89622086,0.1679216,-0.05541685,0.29709432,0.19260094,0.23863207,-0.03954165,0.051192995,-0.13010734,-0.19550064,-0.14761776,-0.38316712,0.0664473,0.013479916,0.18277676,-0.9982188,0.09875624,-0.17717128,-0.24688682,-0.09919044,-0.044922277,-0.00283776,-0.11183132,-0.3711739,0.0012404791,0.0,-0.6951667,0.02489489,0.006354763,-0.001241345,-0.0088395225,0.12292614,-0.26751995,0.06928754,-0.04813627,-0.3343408,-0.25461218
0.06522706,-0.28232282,-0.027157517,0.012943698,0.105350934,0.09205963,-0.10052399,-0.17764802,-0.09350206,-0.17364226,-0.3699313,-0.28281897,-0.15325567,-1.119058,-0.27321297,-0.17129222,-0.17359348,-0.27329528,-0.39207,-0.112737305,0.0139556555,0.31708926,0.37904835,0.04132494,-0.17100844,-0.32606664,-0.15111354,-0.0308498,-0.10177935,-0.18187968,0.33744946,0.00039921975,0.0,-0.09982689,-0.015923511,0.002396502,-0.0012861483,-0.102809876,0.059077397,-0.06612323,-0.108490564,-0.016280908,-0.2713084,0.11511311
-0.18355666,-0.12066237,-0.04125058,0.018680254,-0.5129977,0.10003912,0.16044211,0.15843776,0.17007633,0.16263938,-0.2289983,-0.24597013,-0.043578196,-1.1041758,-0.14677031,-0.15475903,-0.06788797,0.36653447,1.1687967,0.1361592,0.008152007,0.3289513,0.6681371,0.06326984,0.2349449,0.68804675,-0.04620596,-0.047353547,0.036137853,0.012943872,0.0056708413,0.0012404791,0.0,-0.09654385,-0.045329545,-0.03342196,-0.0005604911,-0.036698733,0.05243349,-0.17356628,0.27216762,-0.06470207,-0.047014415,0.016495584
-0.18036667,-0.21026896,0.20136337,-0.009969482,0.3669704,-0.46231458,0.14741696,-0.76607776,-0.06386401,0.18146886,0.31502765,-0.15800293,-0.1190608,-0.04225521,0.10325448,-0.36804336,-0.021031942,0.26412502,-0.2556915,-0.06432096,0.017795574,-0.26710883,-1.0012937,0.015693992,0.13524455,-0.37833986,0.056057587,0.082528286,-0.0377734,0.3101261,0.493088,0.00039921975,0.0,-0.039837256,0.014894379,0.003702283,-0.0101369815,-0.0761351,-0.0975658,-0.35329175,-0.15184282,-0.013578612,0.013783627,0.2675844
0.10911763,-0.2544064,0.11301773,-0.024367284,0.31198892,0.07193346,-0.3033428,0.06705847,-0.074350126,0.061445486,0.4108399,-0.31864992,-0.21444796,0.3620825,-0.17033978,-0.16112599,0.030741598,-0.29193053,-0.29346904,-0.070195265,0.010087339,0.2428589,0.4929437,-0.025498528,-0.19694115,0.5088983,-0.13821287,-0.5825604,-0.02071924,-0.5930019,0.3639417,0.00039921975,0.0,-0.43780047,0.021014113,-0.002671787,-0.002854268,0.057701837,-0.005050204,-0.4233065,-0.05160133,-0.045169275,-0.10733266,-0.3019997
-0.36774388,-0.0932781,-0.5273117,0.0056082984,-0.13996272,-0.38680562,-0.14122078,-0.4700238,-0.050824534,0.003024122,-0.1876461,-0.23272802,0.1688236,-0.8768137,0.04646582,-0.60512745,-0.13886382,0.15787596,0.5877498,0.039990082,0.005872758,0.3202749,-0.7244925,-0.3063855,0.10314324,-0.20512447,0.074805856,0.008164353,-0.014423318,-0.04414755,-0.2523318,0.00039921975,0.0,-0.06817595,-0.0007396452,0.0073640896,0.0021094605,0.04550986,-0.48974568,-0.3638449,-0.26082715,0.19786087,0.10186486,-0.07772145
0.22617283,-0.2876438,0.106128454,-0.012589724,0.5220707,-0.37931538,0.17121668,0.7701988,-0.07241795,0.025677273,-0.28226057,-0.25148714,-0.11757839,-0.06575495,0.030324202,-0.11257992,0.00056706346,0.022052027,-0.27064878,-0.057481885,0.015919104,0.33371216,-0.79144645,0.00093884114,0.17834839,-0.23433,0.15008253,0.13417035,-0.016896648,0.4008123,0.4905486,0.00039921975,0.0,-0.034067124,0.01548764,-0.004253543,0.0002469587,0.18683136,0.042010285,-0.18043852,0.052738845,-0.018704137,-0.00050746487,0.376682
-0.18037736,-0.19664608,0.4359533,-0.0042350865,-0.5745924,0.15590781,0.2001151,0.6636809,-0.051189747,0.13918485,0.52049327,-0.32832748,0.24448036,0.06004424,-0.2833019,-0.15866749,-0.08452498,0.47653753,0.859887,0.027062027,0.012293658,-0.47381008,0.40997833,-0.37800336,0.19474767,-0.26137188,0.097166754,0.13748161,0.033944223,0.27526933,-0.19092107,0.00039921975,0.0,-0.0225574,0.016193915,-0.0011384212,-0.00023895875,0.07677397,0.1365635,-0.11406776,-0.13266508,-0.017010132,0.10541315,0.258997
-0.03764987,-0.09970565,-0.020135086,-0.001623738,0.09504094,0.06208938,0.16052143,-0.66049916,-0.099211104,0.07495863,-0.24944218,-0.12978527,-0.10759168,-0.9422072,-0.32944483,-0.18291372,0.031503435,-0.28537807,-0.31323794,-0.094302416,0.010272738,-0.4032866,0.4228119,-0.07175662,0.085133284,0.45527923,-0.046955265,-0.107032776,-0.016084392,-0.19722445,0.26451916,0.00039921975,0.0,-0.13480091,0.008492488,0.0016781483,-0.000873172,-0.09291152,0.1579029,-0.47765926,-0.149132,-0.012455974,0.12162694,-0.33139384
-0.19226019,-0.5830256,0.12477518,0.008008442,-0.90732974,-0.25959593,0.017567253,-0.2541638,-0.088363834,0.002479225,-0.26827788,-0.22487514,-0.32477432,-0.11966174,0.06692624,-0.26742613,-0.3520497,-0.23893066,-0.40751907,-0.13752085,-0.09491662,0.2309967,-0.9352688,-0.0599515,0.08404413,0.26940852,-0.06044091,-0.43069634,-0.14394248,-0.51388526,-0.45954794,0.00039921975,0.0,-0.19675845,0.016467331,-0.0018412215,-0.007037035,-0.04326886,-0.169176,-0.08574591,-0.04996118,-0.036848087,0.024001919,-0.24660832
-0.17835416,-0.096694835,0.21067317,-0.0020186487,-0.8893899,0.099806346,-0.29423827,-0.29243666,0.1294065,-0.23594628,0.73587734,-0.23770714,-0.036395673,0.2689308,0.069014154,-0.24122937,-0.122606374,-0.1260935,0.48916405,-0.15303382,-0.11553037,-0.11611739,-1.2649896,-0.1948755,0.099973395,-0.31014904,-0.06081305,-0.036961123,0.12950441,0.055461887,-0.43801928,0.0012404791,0.0,-0.5356487,0.010177216,-0.015665652,-0.009831192,0.06083794,-0.17569178,0.03858896,0.013967442,0.10854592,-0.14536037,-0.06829849
0.31103134,-0.44348854,0.04122111,0.0014458036,0.14852038,0.10730247,-0.3566027,0.40513724,0.13742658,-0.11609263,0.27374482,0.44195446,-0.26363665,0.27496704,0.0012138106,0.5487065,-0.1606223,-0.14384086,0.81180894,-0.008077414,-0.09878875,0.2622947,0.8345225,0.20867908,0.12505174,-0.13349311,0.1815866,0.13984841,0.041724823,0.43554094,-0.23106435,0.0012404791,0.0,-0.5585481,0.009768806,0.0030194458,-0.0013704017,0.038011666,0.22917089,-0.12432541,0.12617548,-0.017368097,0.027591059,0.2392022
0.15735635,-0.27970898,0.0058961967,0.004436413,0.022129752,0.078681685,-0.037580147,-0.3141566,-0.09890723,-0.006245369,-0.890924,0.1466914,-0.36960295,-0.06697696,0.017844241,-0.22142208,-0.17072064,-0.26391137,-0.40620512,0.024062082,0.013205837,-0.43287042,-0.98036873,0.050875183,0.24219903,-0.25423998,-0.09962671,0.011302004,-0.014738385,-0.06425737,-0.42932525,0.00039921975,0.0,-0.12621637,-0.046768036,0.0066902237,-0.009831192,-0.050823957,-0.046699658,-0.2597655,-0.123037316,-0.05306437,0.066896066,-0.3042478
-0.10631866,-0.41502595,-0.25185198,0.010177785,-0.190066,-0.48909736,0.11054424,0.5496228,-0.09532058,-0.08941072,0.23542623,-0.35326007,-0.08001935,0.42593026,-0.20441826,-0.18878067,-0.01927721,-0.28989998,-0.24806286,-0.012354853,0.011183453,0.22653559,0.6742149,0.009892995,0.22618604,-0.3510361,-0.14586009,-0.21881126,-0.01305581,-0.7824773,0.26913974,0.00039921975,0.0,-0.12046727,-0.00018215599,-0.0009684475,0.00044075493,0.10107557,0.108135074,-0.3841588,0.005500667,-0.02285156,-0.066563934,-0.53843635
0.13433331,-0.41154134,-0.20598654,0.0022873366,0.3108869,0.0353073,0.043880314,0.39407125,-0.07587464,-0.13749772,-1.1613307,-0.25428176,-0.09643573,-0.10545092,0.07814349,-0.19159734,-0.13703933,-0.09622916,-0.44791314,0.13881533,0.01802455,0.1628449,0.6267226,0.077837944,-0.22465865,0.23569818,0.04232951,0.04792525,-0.14106569,-0.16739573,0.5466906,0.00039921975,0.0,-0.011758436,0.020456512,-0.0009684475,-0.010136522,-0.07089494,-0.0935545,0.010351894,-0.041162796,-0.009017261,-0.29647508,-0.23685426
0.15282393,-0.28918606,0.14549261,-0.021849252,-0.049705595,0.028598184,-0.21720196,-0.8919248,-0.057439122,-0.08872906,0.18637513,0.20734033,0.0024222815,0.14782786,0.15808465,-0.069310814,-0.22442871,-0.21100381,-0.32337537,0.014733674,0.02067114,-0.751549,0.57400876,0.21474859,-0.24737658,-0.42010602,0.11411573,0.12204398,0.030870583,0.41231173,0.40515423,0.00039921975,0.0,-0.20744005,-0.023956887,0.00014032912,-0.0013704017,0.0028264995,-0.01935144,-0.24808954,-0.28080934,-0.02026625,0.06918126,0.28455344
-0.26343828,-0.281949,-0.29451382,-0.007528111,-0.0817785,0.11204958,0.10426601,0.05159422,0.1381566,0.012860316,-1.0769837,0.2002294,0.24303873,-1.2647936,0.11457408,-0.13328414,0.13113107,0.028606117,-0.48230895,-0.040650986,0.018394731,0.113733545,0.54876614,0.05836694,-0.18917945,-0.29162723,0.08632377,0.061172523,0.0073258565,0.27805322,-0.37897104,0.0012404791,0.0,-0.69487816,0.06267848,0.002195163,-0.0013704017,-0.012513495,-0.011890076,-0.18106931,-0.12301679,-0.027754815,-0.42261294,0.3063197
0.03939505,-0.2096289,-0.08499152,-0.013079602,0.014585209,0.08250878,0.16577826,-0.6791911,-0.080269665,-0.00062758406,-0.15051486,0.16990617,-0.19268204,0.19857454,0.07634376,0.36747575,-0.24614775,-0.19489187,-0.45791677,-0.12064705,0.0149094835,-0.51330394,-0.9704217,0.20288152,0.12847239,-0.3852535,0.021733744,0.04372054,-0.08739752,-0.13604619,0.37065095,0.00039921975,0.0,-0.062017743,-0.02715951,0.0036314197,-0.001241345,-0.03469191,-0.1608248,-0.12053512,-0.16981502,-0.05857136,0.07312155,-0.5878539
0.42206845,-0.32237297,-0.30983514,-0.0029628864,-0.2814339,0.0867582,-0.16145344,0.5055926,0.2005016,0.08499419,-0.24382317,-0.23795712,-0.23727842,-0.086516224,-0.016121618,-0.14550263,-0.0043232054,-0.5262106,-0.38592806,-0.03963038,-0.11039675,0.3955331,-1.0524935,0.08028535,0.12169345,0.13846672,0.053737458,0.038828302,0.049151294,-0.10574438,-0.11987381,0.0012404791,0.0,0.0013682968,-0.07639592,-0.04176118,-0.0006994693,-0.06465889,0.164703,-0.12556161,-0.08226189,-0.08487413,-0.12677449,-0.35578683
0.099445246,-0.32607812,0.14060763,0.007774651,0.3661017,-0.41342953,0.10738817,-0.15203589,0.1365566,-0.09013855,0.31017792,0.4378286,0.20211017,0.26513997,-0.17379554,0.006975053,-0.18847004,-0.11714016,-0.43920678,-0.12869938,0.017168112,-0.08295566,0.7034433,-0.022145158,-0.35511744,-0.46917558,-0.1332248,-0.009617848,0.05200181,0.23416486,-0.42736614,0.0012404791,0.0,-0.66942143,-0.05331411,0.01002367,-0.0013704017,0.014118298,-0.0043624383,0.23898938,-0.14320901,-0.022798557,0.035984226,0.1522202
-0.15187092,-0.21951345,-0.030797947,-0.0097253565,0.05638337,0.056290478,0.04140121,-0.66871387,-0.055809446,-0.098760776,-0.22435908,-0.27253357,0.08299775,-1.1916771,-0.22731918,-0.59540427,-0.22285458,-0.14919783,-0.3478022,-0.043411095,0.01272064,-0.056135923,0.32807764,-0.39412084,-0.1291585,0.36598098,-0.09616162,0.12056593,-0.18355337,-0.08965757,-0.38576588,0.00039921975,0.0,-0.09156125,0.014034957,0.003034522,-0.0002996074,0.031860255,-0.54077667,-0.11418743,-0.2516831,0.1331746,0.14395523,-2.5094487e-06
-0.23450957,-0.19817592,-0.2987829,0.01963073,0.42509234,0.092559546,0.10404669,-0.7217787,-0.06503763,-0.033392698,-0.16738862,-0.27310818,-0.054925445,-0.0011039816,-0.26132888,-0.21299362,-0.0896235,-0.00838536,0.6238354,0.030103741,0.0064238138,-0.47180647,0.5799667,-0.42497268,0.20420621,-0.3315495,0.03121244,0.1217188,-0.040443145,-0.10732895,0.24175572,0.00039921975,0.0,-0.089353494,-0.012526339,-0.00058789016,0.00044075493,0.11300491,0.11947278,-0.35263616,-0.40961456,-0.019337665,-0.2947214,-0.33925742
-0.22226346,-0.25374362,-0.4089539,0.009212414,0.34435844,0.10468702,0.008509538,-0.65060544,-0.061820295,-0.006441338,-0.20657824,-0.25966552,0.043385718,0.29844987,0.057268806,-0.5458109,0.10468273,0.36929807,-0.36896667,0.12553963,0.009936653,0.24902987,-0.8102899,-0.37164664,0.19533274,-0.19789726,0.015168821,0.06370864,0.007323978,-0.022404443,-0.4181062,0.00039921975,0.0,-0.10796034,0.00029256893,0.0102136,-0.00027563912,0.068474874,-0.42805162,-0.3364784,-0.094857894,0.21407583,0.06903966,0.0024539111
0.13328429,-0.13976988,0.23551315,0.0013786661,0.040189862,-0.1920974,-0.22090349,0.047742907,-0.069628164,-0.070852414,0.9382458,0.30055216,0.35579455,0.27198792,0.1553762,0.4682728,0.02527238,-0.27538761,0.89249027,0.07023159,0.011383181,-0.39960063,0.7538005,0.10425943,-0.16485915,0.57953125,-0.06654562,-0.1893818,0.022983532,-0.065651104,-0.18604337,0.00039921975,0.0,-0.044791486,-0.017049678,0.022826744,-0.000873172,0.01155496,-0.13262923,-0.31173086,0.10323417,-0.0069806674,0.18768047,-0.22252136
0.24455085,0.8781224,0.1238241,0.002805243,0.4626633,0.11093984,0.073383376,0.61226124,-0.0640684,0.100539215,-0.28513446,-0.28897193,-0.16104396,0.07178404,0.18521686,-0.0974015,0.12919319,-0.052111905,-0.30496365,0.07120979,0.017165497,0.30737707,0.5892861,-0.051962417,0.14033182,-0.21333109,0.1821125,0.20362672,0.0015973242,0.32472602,-0.44721216,0.00039921975,0.0,-0.11000779,-0.005268799,-4.717597e-05,0.008966327,0.12934032,-0.14451529,-0.15821275,0.04226544,-0.0035644118,0.09824405,0.30863482
-0.20803817,-0.28133225,0.15213816,0.0026668077,0.3955297,0.079180315,-0.274326,-0.19264087,0.1530315,-0.16386943,-0.29633808,-0.26835832,-0.1459876,0.029925989,0.022234924,-0.36287266,-0.16455735,0.051723532,0.53439724,0.05017654,0.010061183,-0.069335125,-1.2006997,-0.09023682,-0.19729334,0.32037255,-0.09800331,-0.03248901,-0.09982298,-0.14138474,-0.16300656,0.0012404791,0.0,-0.061693497,-0.042497024,-0.040068742,0.0018750757,-0.08318963,0.021492556,-0.03605794,-0.03918305,-0.099146575,0.059810627,0.04019634
0.22710219,-0.22499965,0.08468477,0.003218235,-0.4133399,-0.19515032,-0.011385953,-0.10148654,-0.0706992,-0.027405413,-0.3988336,0.29547393,-0.25983688,0.10804639,-0.20921713,-0.10119134,-0.17016356,0.67146665,-0.28280818,0.08168657,0.01831196,-0.6707324,0.6904344,0.0997576,-0.118734926,0.7256894,0.07242925,0.045328807,-0.06193779,0.18582855,-0.43503487,0.00039921975,0.0,-0.019844426,-0.026090441,0.001577345,-0.0024381138,-0.012965061,-0.014109978,0.24518079,0.20434257,-0.02320398,0.18115151,0.19280586
-0.21289764,-0.6218933,0.025150051,0.0035768887,0.35106155,0.114704646,-0.16474126,0.13095503,-0.059791643,0.07711531,-0.3197968,-0.26935947,0.24129526,0.1998077,-0.010138551,0.28506505,-0.28346053,0.239041,-0.2972473,0.027226698,0.017095692,-0.07541322,-0.86413974,-0.18899706,-0.26252452,-0.28812125,0.0223039,0.075774066,-0.0719952,-0.10365164,-0.54450154,0.00039921975,0.0,-0.035206147,0.013864055,-0.00016171118,-0.0009190807,-0.059038553,0.08183578,0.009212464,-0.065916084,-0.03783872,-0.096037425,-0.40082315
-0.13362682,-0.09240411,-0.17615883,0.0010113503,0.007944631,0.06409496,-0.113922976,-0.43264163,-0.05234051,-0.008898767,-0.18718547,0.27431598,0.32157704,0.43809524,0.17739035,0.40852502,-0.04092137,0.45407504,1.0792394,-0.09337773,-0.14849502,-0.5041226,0.746112,0.040045112,0.13109793,0.99228024,0.07785324,0.05247301,-0.10649664,-0.17294036,-0.14643529,0.00039921975,0.0,0.033710238,-0.02220161,0.017574167,-0.0005604911,0.017108899,0.039105818,0.07390841,0.0074130157,-0.017821869,-0.15415357,-0.18914472
0.028702267,-0.5348971,-0.054134402,-0.001575408,-0.88205314,0.10598134,0.057796642,-0.17420158,-0.08457555,-0.05012651,0.33149266,-0.37138155,0.03555426,-0.062167484,-0.28856838,-0.052051343,-0.26572606,-0.2820563,-0.3050588,-0.14776075,-0.13894147,-0.08023559,0.6322243,-0.042400785,0.10450502,-0.37608543,-0.067874104,-0.32581285,0.07868263,-0.65143377,-0.5414595,0.00039921975,0.0,-0.15269883,-0.017350068,-0.004058135,0.008415032,0.049209453,-0.093431555,0.22122678,0.03231355,-0.025469497,0.029178848,-0.3191785
-0.32204616,-0.17801447,0.029257711,-0.02268326,-0.02882876,0.06463504,-0.2013622,0.07469692,-0.07426445,0.042934626,-0.43090278,0.14026174,-0.0236326,-0.12531224,0.14541729,0.19259383,-0.29163942,0.32705122,-0.4947633,0.036494892,0.015946493,-0.5017228,0.6468357,0.038201544,0.13558951,0.5729457,0.03268355,0.023723805,-0.073332004,-0.13611375,0.27245745,0.00039921975,0.0,-0.1791856,-0.013714943,0.0010989748,-0.00020925229,0.0067135063,-0.20164695,0.07841299,-0.20954318,-0.07663738,-0.2975759,-0.51194805
0.18287942,-0.3326049,0.02762774,0.0032520993,0.3735334,0.07198766,-0.04873122,0.44443777,-0.07811511,-0.002292251,-0.3829814,0.21337944,0.36380944,-0.008981736,0.11238418,0.18476735,0.0014165945,-0.21332945,-0.52266437,0.025939688,0.016761357,-0.46457592,-0.8141731,0.062009953,-0.4565809,0.31524545,0.004010653,0.04176955,-0.06948849,-0.1652493,-0.5638301,0.00039921975,0.0,-0.058446497,-0.008684994,0.009241171,0.0024910057,-0.017953055,-0.18695083,0.14497241,-0.13119335,-0.080999516,0.098151155,0.032891978
-0.10996077,-0.6384063,0.05825108,-0.0021423693,0.09194435,0.08713169,0.073494226,-0.23372751,-0.05793753,-0.025738059,-0.3651893,-0.36153856,0.16784891,0.40620992,-0.31429744,-0.22456662,-0.06416228,0.5034987,-0.3901315,-0.031434488,0.015644323,-0.051041204,0.61914283,0.0013418295,0.16761579,0.32710874,-0.13480859,-0.09725529,0.0070394427,-0.086627424,-0.4795072,0.00039921975,0.0,-0.025949523,0.00033747358,0.00086934114,-0.0024381138,-0.07344105,-0.1433257,-0.38861328,-0.14412042,-0.015303375,-0.017887976,-0.4606546
-0.08049283,-0.2262843,0.09516109,-0.010751596,-0.115031295,-0.40594137,0.14397283,-0.6040864,-0.06271144,0.035082977,-0.24062109,0.074311025,-0.15923126,0.19163404,0.04866147,-0.20269646,0.013365744,0.35391212,-0.31322616,0.0011071921,0.017413942,-0.36413303,-1.0242611,0.1187199,0.085896716,-0.46328056,-0.0094094,0.039787225,-0.08707598,-0.15819098,0.28303695,0.00039921975,0.0,-0.013764818,-0.023016762,0.0008241462,-0.00025516097,-0.029583018,0.09804251,0.018591894,-0.07252404,-0.056601577,-0.3069173,-0.455279
-0.2251408,-0.07800054,-0.44822946,0.0048905527,0.4872395,0.06467831,-0.17583512,-0.44274926,0.15053427,0.19431584,-0.5499619,-0.2029427,-0.053918086,-0.69085056,0.013475115,-0.3243683,-0.10215051,-0.03063263,0.50046575,-0.012521295,0.008836268,-0.09191892,-0.8163071,-0.36519969,0.11828453,-0.19769304,-0.05390995,-0.18396412,0.078750335,-0.38681096,-0.12808296,0.0012404791,0.0,0.17475641,0.011798502,0.013261217,0.0021094605,0.15792564,-0.14439867,0.22761711,-0.13500176,-0.044602744,0.081158414,-0.05575343
0.16527113,0.7290902,0.1535151,-0.0047800965,0.6683415,-0.21392335,-0.21080597,0.65759057,0.18728612,0.21496086,0.3395025,-0.45053566,-0.23604201,-0.037016653,-0.20081416,-0.12384627,0.13912755,-0.17058061,-0.21554537,0.07134808,-0.094887316,0.23806377,0.66768086,-0.062546216,-0.11470445,-0.34058833,-0.06640049,-0.11671957,0.11735102,-0.40254474,-0.3646004,0.0012404791,0.0,-0.5109964,-0.022852218,-0.01731969,-0.0012861483,-0.07976548,0.068335116,0.10042612,0.10077225,-0.04308411,0.08118539,3.6996207e-05
-0.27059534,-0.30407232,-0.24301378,-0.003980707,0.23356411,0.08702651,0.047818873,-0.14657982,0.16892968,0.117596164,-0.3390765,-0.5234617,0.13155025,0.32344955,-0.20780279,-0.5683143,-0.27240866,0.013453684,-0.39638838,0.01673797,0.009245798,0.1249774,0.505301,-0.3724456,-0.48510346,-0.3316871,-0.082969666,-0.03133314,0.16986324,0.040645074,-0.32606065,0.0012404791,0.0,-0.77156264,-0.013646524,-0.0018883958,0.0007309456,0.007186464,-0.39900774,-0.014505982,-0.21817385,0.07334395,0.017019292,-0.13806112
0.25652668,0.81611675,0.18581381,-0.012390261,-0.66396475,0.076044984,-0.24625544,-0.1368479,0.15560089,0.080713496,0.70623106,0.42221949,-0.07758234,0.43811557,-0.03362607,0.26434907,-0.0019853753,-0.31698674,-0.36973566,-0.06471406,-0.1555471,0.48480812,0.8363692,0.16893232,-0.2701536,-0.15190959,0.20211118,0.20076914,0.042267967,0.40613812,0.077285804,0.0012404791,0.0,0.03580545,0.036981355,-0.008120992,-0.00075447164,0.013700074,0.055556487,-0.03926858,0.10375837,0.0021970123,0.055833194,0.15963477
-0.23131172,-0.17830423,0.28295767,0.0031239027,0.4582005,0.067938045,-0.19786082,-0.35309327,-0.059285924,0.08572677,-0.23838584,-0.25422454,0.10760194,0.2271252,0.046461392,-0.33135092,0.041173927,-0.2688324,0.43644136,-0.02040522,-0.10587609,-0.3036637,-0.9751146,-0.010358641,-0.43357524,0.44125298,-0.0044025434,-0.44260392,0.06033055,-0.12701376,-0.29035905,0.00039921975,0.0,-0.15670522,-0.0021501086,-0.018290598,-0.021428974,0.054651055,0.10723511,0.2910497,-0.03055378,-0.06905816,-0.33529243,0.19163333
-0.17007142,-0.2237299,-0.42015284,-0.0020522452,0.30406654,0.10275835,0.106599145,-0.21248381,-0.07345842,-0.00067021046,-0.32740247,-0.1859707,-0.14934716,0.17410354,0.07492387,0.096103504,-0.14081116,-0.7454086,-0.22165713,0.10744203,0.015261283,-0.4371311,-0.916861,-0.014845945,-0.2227574,-0.27535427,0.008028617,-0.20731246,0.099266924,-0.046875924,0.52063113,0.00039921975,0.0,-0.10379298,0.012592632,0.0010038903,-0.010153457,-0.07321997,-0.16479215,0.118105605,0.0997415,-0.019189136,0.004414063,-0.18250038
-0.1233983,-0.10091251,-0.05894908,0.0009263415,-0.7774779,-0.27513525,-0.12376579,-0.4653926,0.15754645,-0.036774743,-0.186672,-0.15171997,0.06409129,-0.66590506,0.07930226,-0.49490967,-0.043143854,-0.001368336,-0.26162452,0.1251444,0.006801595,-0.10537219,-0.6685545,-0.3475067,-0.10852926,0.3029023,-0.07215889,0.05666886,-0.012178889,0.10601807,-0.06840809,0.0012404791,0.0,0.06806409,0.042990424,0.03055336,-0.018282231,0.061111517,-0.38794553,-0.3365686,-0.09733626,0.18890709,0.15861173,-0.047465745
0.1736972,-0.24753907,0.14318177,0.0047726845,0.09056558,0.036050305,-0.08609424,0.07910118,-0.071463384,0.016416095,-0.3606176,0.19135906,0.43260422,0.38682306,0.02576484,0.24291466,-0.13225621,-0.23831062,-0.49738988,-0.10142548,0.01916333,-0.5423155,-0.73625964,0.064527385,0.16068321,-0.25901133,-0.0067059956,-0.013007838,0.028638653,-0.1086469,-0.39137417,0.00039921975,0.0,-0.06769073,-0.019229056,0.009241171,-0.0009190807,0.0018261477,0.0028469884,-0.20308094,-0.07928298,-0.03963052,0.058805868,0.007449815
0.13347547,-0.33366996,-0.3468662,-0.0028984798,-0.21656191,0.08635582,-0.20540377,0.15697473,0.17865011,0.12465164,-0.32094195,-0.256431,-0.27071062,-0.0676732,0.014183618,-0.24282296,-0.14126518,-0.15752412,-0.3101174,-0.08481477,0.014188928,0.33496583,-1.1773329,0.050250277,-0.28569186,0.22243534,-0.16001824,0.19587882,-0.106799215,-0.1468546,-0.17212902,0.0012404791,0.0,-0.12755181,-0.082706295,-0.02902967,-0.00052562804,-0.05121807,0.09600949,-0.01364754,-0.100806825,-0.08933047,-0.23780791,0.08424099
0.048122667,-0.34603667,-0.20021889,-0.0009994919,-0.49132353,0.11702624,0.044172153,0.5550579,-0.098748766,0.018300798,-0.36356455,0.1828381,-0.2447788,-0.2251193,-0.00058971276,-0.040254466,-0.00079376606,-0.7924101,-0.37477705,-0.08636327,0.01573682,-0.0956841,-0.98459023,0.10982501,0.1461145,-0.23604514,0.060934965,0.03925105,-0.064536065,-0.14696932,0.4255791,0.00039921975,0.0,-0.05635304,-0.026474208,0.0042108493,-0.001241345,-0.033629082,0.077331685,0.12906174,-0.09127049,-0.11352413,0.13123004,-0.5089131
-0.088621676,-0.13912836,0.03407693,0.0034086723,-0.41839892,0.08689363,-0.1116713,-0.17051128,-0.05598484,-0.092616476,-0.34072432,0.22582726,0.34187046,-0.9894097,-0.18285954,0.31509984,-0.15790771,0.285689,-0.41188112,0.04761646,0.015445452,-0.5595877,0.31766182,0.0034671458,-0.17075393,-0.3712539,0.13254924,0.05383036,0.016249001,0.31937328,-0.3283734,0.00039921975,0.0,-0.043250713,-0.043145545,0.00026223017,-0.0013704017,0.013143321,0.03232981,-0.268176,-0.33345446,0.0016916001,-0.03446399,0.22925973
0.11768008,0.5256261,0.065796286,-0.008799279,0.40528348,0.025124468,-0.059196927,-0.6051762,-0.071703106,-0.048765954,-0.26310015,0.15147524,0.2435827,-1.1775751,0.13492525,-0.08257466,0.04124365,-0.21529993,-0.3661629,-0.11349907,0.013718475,0.16084813,0.4245757,-0.12567504,-0.14459354,-0.4233908,-0.055992544,-0.26823762,0.089139394,-0.6938434,-0.26445794,0.00039921975,0.0,-0.10578447,-0.048912607,0.0033023914,-0.0012861483,-0.01167854,0.124045275,0.02534074,-0.29310405,-0.060268592,0.08887672,-0.15591666
0.059105385,-0.2567661,0.040535793,0.00484279,0.07915291,0.101959094,-0.17071533,-0.17507052,-0.07803551,-0.20206514,0.49002647,-0.30644515,-0.069556005,-0.10710626,-0.31614342,-0.24641877,-0.025322255,0.42198047,-0.3744314,0.053442024,0.013855824,-0.0146623645,0.5809393,-0.016494853,0.2073452,-0.47722474,-0.09478438,0.04810603,-0.1105286,-0.03301523,0.29132745,0.00039921975,0.0,-0.0456869,-0.011379877,0.001466841,-0.0006222286,-0.110651195,0.05343856,-0.06980714,0.0984428,-0.004688452,-0.053523302,-0.41163257
-0.2111418,-0.18104039,-0.5251575,-0.0046233926,0.39004993,0.068957426,-0.089710504,-0.14000316,-0.076492645,0.016081955,-0.4013253,0.17381158,-0.32449654,-1.4592831,-0.2028124,-0.17376897,-0.04993215,0.43114796,-0.4068295,-0.037320264,0.013262566,0.1219317,0.5679545,-0.015296904,0.0820178,0.33745736,-0.15743709,-0.091479816,0.031674616,-0.08358047,-0.43771607,0.00039921975,0.0,0.023321519,-0.025303133,-0.00046561775,-0.0005604911,-0.011937991,0.1487609,-0.4057675,-0.12114619,-0.020942083,-0.22469401,0.021015761
-0.0932931,-0.18720089,0.277785,0.0073810467,-0.65408915,0.08278105,-0.16754603,-0.26051253,-0.068758145,-0.086108334,-0.68618304,-0.15236157,0.08727988,-0.7272078,0.057454996,-0.4279478,-0.19691911,-0.65422285,-0.20579793,0.24913046,0.016892962,-0.14152578,-0.55719984,-0.2983044,0.09047804,-0.1986739,-0.0008419403,0.03978103,-0.09339057,0.012801309,-0.33770218,0.00039921975,0.0,-0.08929594,0.01875302,0.003506172,0.0020016644,0.07798677,-0.39745364,-0.051353157,-0.17170607,0.13558951,0.08106193,0.13896437
-0.3333433,0.71461564,-0.5882697,0.0012468762,-0.17118123,-0.59940785,0.12870634,0.5299451,-0.06837833,0.00067138195,-0.74188805,-0.29423845,0.28754464,0.31543022,-0.027112577,-0.3179372,-0.16674347,-0.03590428,0.5809941,-0.033154726,0.010525867,-0.47284788,-0.90018094,0.05311638,-0.24702351,-0.187199,0.055768944,0.0706335,0.05650745,-0.10478543,-0.41953373,0.00039921975,0.0,-0.029104332,0.013192411,-0.023063168,-0.001241345,-0.064159565,0.09800869,-0.17798634,0.15101063,-0.0629435,-0.09387124,-0.31489533
-0.21445568,-0.18429016,-0.32284197,0.0035192447,-0.99474794,-0.56993246,0.0126106255,0.50335306,-0.08687041,-0.055649042,0.35543945,-0.24347846,0.09656704,-0.14907315,0.09287786,-0.29421812,-0.0320906,-0.22431292,-0.29488108,-0.056164835,0.017218485,-0.16930626,-1.0374625,0.054573774,0.050212074,-0.30131862,-0.10017093,-0.008464349,-0.003617065,-0.14696647,-0.4015907,0.00039921975,0.0,-0.10728141,0.0013005931,-0.010928669,-0.001241345,-0.042591024,-0.015193874,-0.26892248,-0.11947469,-0.045234274,-0.022651704,-0.3075687
0.10106417,-0.19266376,-0.22047389,0.009437494,-0.48454472,-0.2625399,0.08090165,-0.44067228,-0.058997482,0.068966016,-0.15790588,0.42726982,0.30135572,0.27661693,-0.12018819,0.5329105,-0.11365907,-0.12394934,-0.50297385,0.020849422,0.016787149,0.4002178,0.6818947,0.31233263,0.1870684,-0.26680583,0.18692979,0.18193182,0.040144045,0.5199517,-0.45559713,0.00039921975,0.0,-0.066032805,-0.028797224,-0.0009119669,-0.0014174661,0.038205422,0.30261344,-0.14534932,-0.04425756,-0.046031825,-0.01145526,0.3238797
0.3092803,0.7139642,0.15358414,0.001136012,0.15910982,0.08876446,-0.28681207,0.09821291,-0.04775646,0.07166397,-0.23903239,0.4098302,0.27419212,0.42960066,-0.10670194,-0.025640294,-0.04990892,-0.06475718,0.7960242,0.04637585,0.011809527,0.013089683,0.6604254,0.14858782,0.11618832,0.24879378,0.17468192,0.21399654,0.051193386,0.34890366,-0.30103818,0.00039921975,0.0,-0.00501469,-0.03304433,0.006850892,-0.0012066694,0.042996828,0.13470973,-0.24822392,0.14287601,0.009241268,0.16624321,0.23523891
0.16117963,-0.19070521,-0.06968607,0.0012981568,0.01047801,0.05444697,-0.007338474,-0.6784926,0.18018019,0.113060646,-0.15004644,0.17953512,-0.29411224,-1.2191774,-0.18940258,-0.21672352,-0.13949826,-0.14076231,-0.4604897,-0.00093034515,-0.1144232,-0.6086072,0.40918416,0.053032182,-0.15072252,-0.27263305,-0.17240421,-0.05914317,-0.01958606,-0.2396413,-0.35945362,0.0012404791,0.0,-0.6192943,0.048454665,0.009617027,-0.0013767437,-0.013095727,0.08148187,-0.2771495,-0.30692738,-0.010470775,0.15997502,-0.021566516
0.021444747,-0.5360568,0.040204283,0.0025820336,0.54875344,-0.16650651,-0.18254493,-0.42052078,-0.05077591,-0.02871672,0.7104924,0.2865785,-0.32149407,0.42365557,0.018269539,0.60301584,0.024569742,-0.16804081,1.0227046,-0.04891488,-0.09160672,0.20149021,-1.0067221,0.1619579,0.19909844,-0.2949589,-0.06541767,0.067195415,-0.015944239,0.4814451,-0.31548032,0.00039921975,0.0,-0.003013228,-0.025051417,0.019010074,-0.0013471262,-0.021667251,0.038184043,0.2634433,0.088117905,0.011361217,-0.0696241,0.31388295
0.1654612,-0.3266845,0.15967184,0.009812411,0.0506803,0.061427448,-0.003983398,-0.1786634,-0.0644482,-0.022936013,-1.1050073,0.24614796,-0.4639991,-0.1260785,0.0027880142,0.34151942,0.1028176,0.32084218,-0.5714201,-0.06381652,0.016837483,0.29563543,-1.1207365,0.06936967,0.10012064,0.27131763,0.12910354,0.19117549,0.051225316,0.3524222,-0.56251836,0.00039921975,0.0,-0.031548794,-0.03930414,-0.0025013804,3.3301185e-05,-0.05663431,0.0065230276,-0.20049302,-0.009725284,-0.03159024,0.022124903,0.34157103
-0.22096936,-0.28558415,0.10140686,-0.022751912,0.48428684,-0.30919954,-0.1923532,-2.0312902e-05,-0.08648129,-0.15724087,-0.31179917,0.25277066,-0.017255135,0.306624,-0.13933733,0.2959719,-0.0042309086,-0.2214981,-0.45257866,0.07650862,0.011200872,0.28198478,0.60747343,0.0191565,-0.25263682,-0.34428546,-0.14354108,0.007663176,0.013246439,-0.17102121,0.24361609,0.00039921975,0.0,-0.262523,-0.010068861,0.0011949043,-0.0012861483,0.028443165,-0.18551822,-0.24667951,0.059395585,-0.043410454,-0.33259094,-0.12477802
0.1493572,-0.6302865,0.012253718,-0.00887838,0.08143183,0.10577851,-0.2766375,-0.21938981,0.1558832,-0.07503136,-0.32378343,-0.44915977,0.12541696,-0.0005851472,-0.23891903,-0.24691784,-0.15239109,0.4125453,0.5571094,0.04050684,0.009251718,-0.078425124,0.6924723,-0.05320778,-0.20955323,-0.31638348,-0.122762494,-0.059444036,-0.10710726,-0.1710551,-0.3335118,0.0012404791,0.0,-0.72658944,-0.054747682,-0.01053516,-0.0006222286,-0.08126428,0.052066196,-0.057844445,-0.11464959,-0.074254885,-0.19101141,-0.07204084
0.46256274,-0.17630464,0.18445468,0.0069350204,-0.7428264,0.06080619,-0.06524512,0.053840227,-0.05793895,-0.034700163,-0.2702114,0.23569216,-0.41085535,-0.6602353,0.027218862,0.5786433,-0.026041424,-0.023196978,1.2013575,0.07338505,0.009919039,0.39341053,-0.794161,0.08423434,0.05011709,0.3368563,0.0812576,0.1642005,-0.07644732,0.4663595,-0.4679282,0.00039921975,0.0,-0.05204094,-0.036546316,0.0032093555,-0.00063061854,-0.012799597,0.12684894,0.16031432,0.15910564,-0.017119583,0.18815808,0.17050628
0.07693537,-0.3038982,0.15226729,0.0015420233,0.010392343,-0.2774278,-0.022986349,-0.13236068,-0.07523083,-0.11983129,0.3736939,0.2846134,-0.3938734,0.21420276,-0.1326796,-0.036673438,-0.17082399,-0.77308434,0.76826936,0.040550373,0.008072641,-0.7513134,0.60565764,0.1564642,-0.39611498,-0.5174955,0.02920428,0.014705039,-0.110013135,-0.1985216,-0.42500123,0.00039921975,0.0,-0.10601594,-0.03981245,0.011160323,-0.0006702183,0.004325309,-0.07693897,0.0058559272,-0.14275168,-0.04696827,0.115038246,-0.2180025
-0.14752844,-0.20307563,-0.3425602,-0.007196335,-0.25758708,0.11794953,0.17079107,-0.6776536,0.18559457,0.10957487,-0.181525,-0.22488274,-0.17605492,0.36477846,0.05086549,-0.24104047,-0.19972579,-0.06819813,-0.22434862,-0.14067824,0.011313173,-0.39579168,-0.8641587,-0.172016,-0.20141098,-0.2502968,-0.07539601,0.038540743,0.013931513,0.03039237,-0.091968484,0.0012404791,0.0,0.073926456,-0.09553375,-0.037407797,-0.001241345,-0.058552906,0.08911733,-0.17449203,0.14410117,-0.09604814,0.09274317,-0.08799521
-0.18088,-0.22574261,0.011221124,0.002184948,-0.082582764,-0.40150693,-0.12643567,-0.2708344,-0.058515046,0.016062966,-0.25748384,-0.19342768,-0.08125165,-0.84650016,0.07967589,-0.36782643,0.13114703,0.2520005,-0.21728584,-0.1255268,0.017351631,0.07708884,-0.8496209,0.07640804,-0.22843263,-0.26392388,-0.08660181,-0.0072408025,0.0063308943,0.08459405,0.5757698,0.00039921975,0.0,-0.011041375,0.010717679,0.004864546,-0.003069947,-0.0657683,-0.087593384,-0.30700332,-0.17999652,-0.037583012,0.004417676,0.28681907
-0.20887797,-0.16646428,0.074581005,0.0039475677,-0.025908686,0.047381684,-0.12999506,-0.22655123,-0.056864187,-0.1702086,-0.22723553,0.16045311,0.3937461,-0.73340124,0.06686056,0.7791182,0.08825956,-0.13780951,-0.3828534,0.0345686,0.020093314,-0.063412935,-0.8352518,0.26221997,-0.14497043,-0.39379004,0.10374953,0.084001675,0.015024504,0.3307248,-0.4044179,0.00039921975,0.0,-0.03246128,-0.030872107,0.0017418193,-0.0012248707,-0.019097125,0.26182717,-0.23645586,-0.22824933,0.034011353,-0.33990318,0.35414982
-0.24251162,-0.14434351,0.21829797,0.007057501,-0.7369021,-0.4207007,-0.18341567,-0.4292498,-0.047971524,0.040615205,0.83581805,-0.16889161,-0.35526705,-0.7832978,0.09497313,-0.48582804,-0.14221463,-0.044909433,-0.22189014,-0.22563146,-0.1605127,-0.104043305,-0.8380934,-0.25321555,0.10766989,-0.2816269,0.041558784,0.08349475,5.0978735e-05,0.16516516,-0.38906246,0.00039921975,0.0,-0.09022591,0.007652166,0.0021161772,0.008014074,0.05936542,-0.41675153,-0.2132032,-0.16045775,-0.054582667,-0.007259138,0.1872396
-0.18910919,-0.14636174,0.113896534,0.0041503343,-0.15004392,-0.3704127,0.0008681471,-0.2095586,-0.075833194,0.021365479,1.0231212,0.1675124,0.34557655,-0.080239214,0.06855839,-0.017921364,0.11472608,-0.20431317,-0.29525822,-0.10947828,0.016202567,-0.103398874,-1.0678043,0.03213808,-0.19350262,-0.46421358,-0.06406995,-0.13920538,-0.09282069,-0.14654736,-0.28934395,0.00039921975,0.0,-0.09980664,-0.039715752,0.006698223,-0.0009190807,-0.010555501,0.04786721,-0.037530083,0.08657438,-0.02907373,-0.23735818,-0.35144562
-0.1341335,-0.22645602,0.1662553,-0.019613538,0.36506304,0.09868933,0.17399855,0.107187666,0.15831374,0.15539046,0.38011128,-0.21469769,-0.10805342,-0.88059723,0.015623083,-0.22226714,-0.19314805,-0.6588254,-0.31077296,0.14723691,0.011905371,0.20649554,-0.7510174,-0.39872274,0.12177369,0.18330328,-0.103244245,-0.3462261,0.08657697,0.007226877,-0.18611586,0.0012404791,0.0,-0.035262764,0.04372916,0.01051169,0.0041257013,0.16216221,-0.09747947,0.2816189,-0.041003462,-0.03441435,-0.0045627365,0.05100133
0.15307148,-0.23708412,-0.10238907,-0.008315852,0.388338,0.04292568,0.15078896,-0.9310252,0.15090244,-0.114355385,0.16020143,-0.34309167,0.19110006,0.04899777,-0.26120383,-0.26663384,-0.21890813,-0.5961127,0.7184547,-0.05996667,0.004776321,-0.4911479,0.4815367,-0.098151185,-0.23280913,-0.42850265,-0.031874157,-0.08675464,-0.009192115,-0.3520186,-0.24214171,0.0012404791,0.0,-0.59981656,-0.025431896,-0.015048068,-0.0012861483,-0.09993542,-0.032933637,-0.21852504,-0.2968731,-0.053942956,-0.14942503,-0.1995477
0.18026753,-0.19738758,-0.2321782,0.0027427783,-0.40807343,-0.40628,-0.049676634,0.4515888,-0.081310004,-0.029556787,0.40130186,0.24849682,-0.329179,-1.1416829,-0.22033642,0.4941906,-0.11025619,-0.9089883,-0.32716906,-0.06325216,0.014411749,-0.64100695,0.3625953,0.05805499,0.29874194,-0.3043567,-0.007325545,-0.023155736,-0.070686325,0.22748934,-0.43928343,0.00039921975,0.0,-0.058494307,-0.037002765,0.008282568,-0.0014174661,-0.015233694,0.045305222,0.03476383,0.23307204,-0.03673018,0.10497486,0.22508922
-0.16541779,-0.21128695,0.14516786,-0.01050005,0.030730054,-0.5314829,0.13220479,-0.2064658,-0.07801294,-0.12722513,0.41986212,-0.2204384,-0.03216511,-0.062749706,0.076257765,-0.24177964,-0.08654921,-0.75507885,0.57902026,-0.17913325,0.0068720365,0.17140704,-1.1791582,0.07718527,0.095228456,-0.34095973,-0.10451611,-0.15519156,-0.057353295,-0.073126666,0.41575184,0.00039921975,0.0,-0.06937984,0.00701926,-3.5714096e-05,0.0060131964,0.14406118,0.0034403093,0.05701465,-0.043105762,-0.029903715,-0.37034774,-0.21750978
-0.5619844,0.62876636,0.039513767,-0.015315947,0.4082604,-0.47137752,-0.33840966,0.42776686,0.13629432,0.040776215,-0.2593876,-0.39431572,-0.055058528,0.38721853,0.14188154,-0.51017016,-0.080566645,-0.0828387,0.48559803,0.014242746,0.008080318,-0.10447301,0.5868681,-0.61045736,-0.46927327,-0.21727854,0.098339856,0.10543982,-0.010260831,0.13513958,-0.40263224,0.0012404791,0.0,-0.75362486,0.0035019622,-0.0039358167,-0.0032154778,0.02684603,-0.6606877,-0.20909354,0.08636817,0.03940613,-0.2931192,0.0906868
-0.67183036,-0.21166769,-0.5156155,-0.004351962,-0.108155884,0.06752117,-0.2904765,-0.2030543,0.13387957,-0.08591972,-0.8800839,0.23771597,0.28021875,0.31034097,-0.014842332,0.006324181,0.03910007,0.16927202,0.80651975,-0.033424288,-0.1117027,0.40575424,-1.3321465,-0.14775623,-0.19915114,0.12041957,0.062399212,0.060096737,0.05525918,0.23449482,-0.3998039,0.0012404791,0.0,-0.5364656,-0.033896398,0.003951141,-0.001141558,0.005865837,0.12028549,-0.2805098,0.06607139,-0.046551526,-0.29538274,0.16768761
-0.17065911,-0.20989151,0.12091437,0.0090332795,-0.30482358,0.09751547,-0.18537012,-0.56868196,-0.05878484,-0.061252624,-0.25071493,-0.24573317,0.2252283,0.26028377,0.06199318,-0.5072171,-0.23010944,-0.8267705,-0.27657098,-0.013000086,0.017238896,-0.23300675,-0.6359685,-0.24714024,-0.2734555,-0.22686493,-0.025303153,-0.022632262,0.07308455,-0.0201133,-0.41298422,0.00039921975,0.0,-0.11612134,-0.013391927,-0.0035864853,0.0020016644,0.048920363,-0.3103423,0.25746697,0.11581503,-0.06262852,0.089738525,0.09963231
0.4225278,-0.23351362,-0.35318235,0.003645128,0.4018416,0.07472989,-0.08602418,0.5260289,-0.07660964,0.05046457,-0.1927639,0.27687034,0.49037045,-0.07457981,0.08551178,0.38918194,-0.054586686,-0.14414392,-0.448709,-0.023655232,-0.14224999,-0.053217374,-0.9097328,0.28576192,0.3286914,0.19524102,0.22971353,0.19739392,0.06023311,0.43493453,-0.32520303,0.00039921975,0.0,-0.054952722,-0.0191168,0.010760929,-0.001141558,-0.012158254,0.11877839,-0.1824998,0.04373656,0.01894547,0.13914017,0.32381794
-0.20015354,-0.22952093,0.07340194,-0.008076763,-0.06645135,0.0835155,-0.19931588,-0.903868,-0.05275563,-0.048832897,0.21747008,-0.3357531,0.112883225,0.2557164,-0.26352432,-0.3759703,0.07207713,0.5813159,0.6948697,-0.040242154,0.010532816,-0.50101876,0.51867515,-0.0077181654,-0.30935833,-0.40930262,-0.061940722,0.0019068546,-0.11959121,-0.19791037,-0.3453969,0.00039921975,0.0,-0.0041239606,-0.007366468,-0.0017307356,-0.0006222286,-0.07262428,0.015794918,-0.047719236,-0.35711825,-0.04921201,-0.070074975,-0.021020321
-0.10558888,-0.29366457,-0.22923514,0.002522755,0.49033895,0.05214547,-0.014750701,-1.1258595,-0.057251286,-0.14104667,0.81270784,0.22803979,0.18609789,0.0058828657,-0.22115695,-0.13096035,-0.22729357,-0.7255388,-0.45462096,-0.050354548,0.013845658,-0.0458352,0.6224342,-0.011932289,0.17038517,-0.44823417,-0.12571646,-0.038200308,0.117781416,-0.21527623,-0.42101663,0.00039921975,0.0,-0.075755015,-0.009085401,0.007123895,-0.01019826,0.018523157,-0.09857377,0.019814596,-0.23143937,-0.031185992,-0.2917282,-0.29158288
-0.13181297,-0.27740693,0.112296775,0.0032468315,-0.82145035,-0.32611418,-0.123543605,-0.59516853,-0.07438164,-0.10298921,-0.20405652,-0.23941533,-0.32265395,-0.09009814,0.2611497,-0.26951727,-0.15423302,-0.13080093,-0.2915372,0.11678889,0.01669197,-0.10260038,0.6142777,-0.25016567,0.10886453,-0.33998498,-0.001957605,0.028192634,-0.122381225,-0.16304958,-0.43004802,0.00039921975,0.0,-0.0792213,-0.01624806,-0.002734485,-0.01019826,-0.048812263,-0.13168786,0.023861537,-0.16792855,-0.028625615,0.1332145,-0.35144085
0.123578876,-0.2377769,0.0016952204,-0.0020666206,0.40728718,0.05823842,-0.2879107,-0.18258019,0.19174328,-0.24057409,0.23633243,-0.48632967,-0.2960035,0.46087053,-0.25404605,-0.28373465,-0.16627453,-0.22859192,-0.29277033,0.053358812,0.009003216,0.12627244,0.6514126,-0.029121116,0.2018872,-0.32355726,-0.089880995,-0.46723372,-0.118481815,-0.5510836,-0.2430397,0.0012404791,0.0,-0.576538,-0.03151687,-0.014739672,-0.010288855,-0.09173904,-0.22428669,-0.07670759,0.027504686,-0.052359693,0.042338647,0.03364624
-0.21727844,-0.36487013,-0.37381372,-0.00021296041,-0.30479115,-0.39388114,-0.03155405,-0.2708531,0.26281017,-0.08453147,0.22236317,-0.17835155,0.15156753,-0.81324023,0.060580622,-0.39844722,0.09158583,0.39086968,-0.30634665,-0.2272808,-0.16330768,-0.18766634,-0.7980456,-0.28751472,-0.16338223,-0.30538264,0.009865436,-0.016106412,-0.10053371,-0.15731749,-0.4149267,-0.011950837,0.0,-0.032899644,0.00086430996,0.008836101,-0.00027563912,0.040139567,-0.25395402,0.29505152,-0.0770673,0.17223398,0.01455828,-0.2910861
-0.029188262,-0.17950283,-0.07716959,0.004114507,0.047169704,0.0626163,0.03758097,-0.6566418,-0.09006308,-0.12942967,-0.17191361,-0.13845617,-0.15800841,-0.7558171,0.11109274,-0.18159558,-0.10142339,-0.7504629,-0.25028804,0.19917737,0.009756893,-0.29561096,-0.69091904,-0.022452949,0.28101093,0.19804704,-0.022797497,-0.054392226,-0.19590244,0.020757169,-0.38203338,0.00039921975,0.0,-0.12180435,0.0022074291,-0.0035864853,-0.012269821,0.07769067,-0.091461614,-0.21251048,-0.23459184,-0.05311841,0.044202533,-0.09971784
-0.28094065,-0.10758753,0.028471619,0.0011659369,0.2885304,0.07038588,-0.12998478,-0.22554898,-0.054278012,-0.18038587,-0.23429261,-0.20005675,0.21226615,-0.86991215,0.05209112,-0.08732028,-0.19136336,0.4314129,0.55664915,-0.05068868,0.008668396,-0.112090394,-0.95961523,-0.23963222,0.12503548,-0.2619682,-0.05931506,0.017990667,0.022748588,-0.07244538,-0.32236728,0.00039921975,0.0,-0.053238366,0.009286264,-0.0017024891,-0.00025516097,-0.06447721,0.04589546,0.22125706,-0.23099096,-0.07211275,-0.0687599,-0.27947712
-0.00040439307,0.65186095,0.2378581,-0.013270166,-0.37866482,0.06311632,0.029415505,0.45688802,-0.08510872,-0.11164815,-0.3584527,-0.269987,-0.19672827,-1.5983653,-0.324053,-0.19564056,0.043628752,-0.68109953,-0.47283727,0.015702398,0.011293986,-0.14326388,0.2219856,0.016990297,0.23740228,0.19996673,-0.14320609,-0.00012971403,0.0047979737,-0.040536582,-0.4653042,0.00039921975,0.0,-0.15238191,-0.009195704,-0.004042871,-0.009785283,-0.080011904,-0.2036796,-0.22765389,-0.14818633,-0.021134932,-0.0022185384,-0.16975275
-0.21380608,0.49059132,0.046002325,0.0031700882,0.114215665,0.11901064,-0.18133591,0.58980036,-0.08926898,0.10032522,-0.2944354,-0.29187566,-0.011872833,-0.16020153,0.07149995,-0.41377714,-0.095810585,-0.15083766,-0.23931882,-0.008293297,0.011426751,0.09269238,-0.6574688,-0.46910936,0.0625776,-0.16351682,-0.09314314,-0.5304542,-0.008171169,-0.6872099,-0.3964098,0.00039921975,0.0,-0.10572584,0.012918772,0.00788677,7.869676e-07,0.033766743,-0.5158145,-0.25561967,-0.11019251,0.17441082,-0.061944284,-0.071495764
-0.030216811,-0.17270386,-0.16672169,0.012246685,-0.080725245,0.1004344,-0.2021307,-0.43345276,-0.075213626,0.008888719,-0.092105985,-0.3930595,-0.016995616,0.41118252,-0.21825483,0.07716635,0.24346326,-0.60674983,0.9116991,0.0104077635,-0.07920651,0.5297866,0.78450435,0.06032145,0.19754314,-0.28292677,-0.09375994,-0.109148555,0.14904948,-0.03886336,0.39933336,0.00039921975,0.0,-0.07406367,-0.009074353,-0.0008821564,0.0090078255,0.10527419,0.04253357,0.40453961,0.22864616,-0.0049556238,-0.10645597,0.018686777
-0.13542847,-0.33508947,-0.5920262,0.0043231016,0.32910815,0.11277542,0.082441054,0.22520305,0.15642321,-0.065286465,-0.96598786,-0.27015963,0.14972742,0.25633627,0.0965588,-0.32838222,-0.12424224,0.36372378,-0.36718398,-0.00027545262,0.012285717,0.114281766,-1.089033,-0.015990835,-0.47628197,0.14469501,-0.073538885,-0.07923489,0.08034515,-0.094273806,-0.4475125,0.0012404791,0.0,-0.7430257,0.04488042,-0.011411186,-0.0012335283,0.11200897,-0.32920915,0.11032304,-0.093973495,0.08141963,-0.08562342,0.10133264
-0.15580277,-0.3588843,-0.23519355,0.0010843178,0.41904837,0.08348404,-0.2710438,-0.15317908,0.1669719,-0.2530143,-0.38031995,-0.33338636,-0.22461766,-0.12334334,0.15422024,-0.14956246,-0.18817729,-0.14349793,-0.2952263,0.11166421,0.01698988,0.2269179,0.75428987,0.076373495,-0.24231005,-0.39884138,-0.18353017,0.03500351,-0.054914866,0.32775736,-0.1116362,0.0012404791,0.0,-0.20494479,-0.06647437,-0.029010728,-0.0014174661,-0.07679674,0.13103047,0.013245346,-0.081856824,-0.11142977,0.05440982,0.066786386
0.079763114,-0.365066,0.10380284,0.004903231,-0.20552263,0.1251428,0.049002644,0.3439295,-0.079815425,-0.022515295,-0.7466858,-0.25012696,-0.115983,0.44336355,0.1108635,-0.15872532,-0.23786438,-0.27026686,-0.39866474,-0.012808945,0.014332045,-0.4192126,-0.6752099,0.021819409,0.15665288,-0.17930822,-0.10878739,-0.0128837265,-0.09494652,0.058093157,-0.41074055,0.00039921975,0.0,-0.10059507,-0.0043106475,-0.006012277,-0.0009190807,-0.046486426,-0.011745481,0.0041038957,-0.046746995,-0.021989707,-0.11617848,-0.31345713
-0.37700474,-0.25230074,-0.34737587,0.002579852,-0.15379712,-0.3871547,-0.0912264,0.44245592,-0.07766039,-0.15111938,-0.29447046,-0.2733334,-0.2118425,-0.17332391,-0.011567682,-0.3021935,0.02589333,-0.08113189,-0.3393284,-0.13339062,0.013225468,0.040064,-1.1390024,-0.3917777,0.27911,0.18889992,0.036282767,0.04117557,-0.102588564,-0.15374999,-0.5035686,0.00039921975,0.0,-0.05719613,0.01646845,-0.005630112,-0.0096115805,-0.051931176,-0.1647518,0.0020328518,-0.1193828,-0.065242864,0.06229045,-0.3447081
-0.21916693,-0.19815531,-0.46702898,-0.004799485,0.1299958,-0.5324477,-0.23171878,0.10849199,0.18351312,0.1709334,0.28380576,-0.2733191,-0.19899334,-0.02116296,0.016775994,-0.2930568,0.015350166,-0.15617074,0.52834153,-0.043987844,0.0068428176,0.43293846,-1.088733,-0.019270627,-0.18233003,-0.2913585,-0.11240817,-0.45598114,-0.0685443,-0.06933231,-0.15665925,0.0012404791,0.0,0.055528466,-0.087761015,-0.040211998,-0.001241345,-0.071885444,0.08941785,-0.09076311,0.08461307,-0.10732256,-0.055611767,0.060700446
0.28225842,-0.16910873,0.024580603,-0.002938787,0.3627774,0.061768167,-0.2035558,-0.08771714,-0.05586378,0.082985386,0.76876,0.3469575,0.33665803,-0.8535734,-0.11538313,0.6874843,0.03792982,-0.18787205,0.9383261,-0.003366889,0.010377534,0.19040485,0.6402807,0.3421288,-0.16567123,0.707937,0.18682659,0.20058367,0.049263135,0.48499027,-0.22798616,0.00039921975,0.0,-0.048030593,-0.01323781,0.0023389442,-0.0012066694,0.038477715,0.15342695,-0.20961109,0.05617308,0.018629247,0.1815851,0.23213942
-0.10292741,-0.17411213,0.093357995,0.0043140166,0.08062988,-0.2212331,-0.13992812,-0.52370954,-0.09203556,-0.102231525,-0.2677264,-0.36612073,-0.00393382,-0.049462907,-0.22896491,-0.43830913,-0.044181515,-0.8913252,-0.30401045,-0.08285132,0.014584867,-0.067478605,0.52873707,-0.41627246,0.19774616,0.4385459,-0.099763095,-0.40743244,-0.13750464,-0.16215439,0.32628053,0.00039921975,0.0,-0.14071906,0.01972562,5.816517e-06,0.0018825673,0.08597511,-0.31379423,-0.2627534,0.11118187,0.0006210901,-0.102445096,0.1966147
0.110020004,0.597943,-0.3478005,-0.004589886,0.38311478,0.058199525,0.0720763,-0.8037292,0.18468164,-0.10112152,-0.13537939,-0.2527957,-0.14724311,-0.06336783,-0.21811327,-0.08086486,-0.20837323,-0.17769387,-0.3670961,-0.17535673,0.008521793,-0.45758578,0.5264675,0.08120264,0.11907694,-0.30371687,-0.11885282,-0.1691424,0.004206823,-0.16599765,0.00013014674,0.0012404791,0.0,0.13245179,-0.04932956,-0.023187598,-0.010288855,-0.06714183,-0.37893614,-0.31040335,-0.2673273,-0.0416043,-0.23368505,-0.2214389
-0.4590546,-0.21759689,0.21237724,0.00017486408,-0.141405,-0.42801723,-0.23979649,0.045924753,0.13283087,-0.16353646,-1.0735499,-0.3329483,-0.2940172,0.2258651,0.11749082,0.4191059,-0.25212908,0.3847411,0.6943943,0.080176495,0.010670709,-0.53395045,0.62147844,-0.23151053,0.21904945,-0.35886225,0.083612256,0.09915691,0.01872978,0.18098795,-0.4067051,0.0012404791,0.0,-0.66249,-0.0396425,-0.0085819485,-0.0007064819,-0.06250566,0.30959553,-0.18032314,-0.16414152,-0.042317487,-0.055655,0.15113565
0.12886412,-0.24227847,-0.34595945,-0.00015913456,-0.42046273,0.14760385,-0.24936956,0.6486789,-0.05894715,-0.14887246,0.35500827,-0.21980993,-0.15891565,0.28886425,0.042275738,-0.25856352,-0.19960056,-0.04555209,-0.20135269,-0.16287847,0.018794201,0.14439343,-1.1481731,-0.036976255,0.069887765,-0.18160178,0.14226946,0.116403766,-0.0010587829,0.33586666,0.56574655,0.00039921975,0.0,-0.010336514,0.011761921,0.0012839956,-0.010259237,-0.06084021,-0.14367272,-0.3133957,0.0044399663,-0.03801655,-0.29614162,0.14668609
0.25349876,-0.26043412,-0.025653457,0.0006027189,-0.47842214,-0.41259682,0.03820775,0.43269774,0.18321513,0.019878753,-0.2800313,-0.22037631,0.17211995,-0.9502548,0.08955161,-0.14612868,0.030665588,-0.5779116,-0.36678928,-0.024289753,0.01752145,0.15483071,-0.7566473,0.08824997,0.051851075,-0.25680786,-0.0040952372,-0.03068047,-0.07515944,-0.22100946,-0.3905593,0.0012404791,0.0,-0.63166714,-0.03169052,-0.021411138,-0.001241345,-0.06298629,0.022661636,0.18488021,-0.059904255,-0.030970307,-0.26794678,-0.3591946
-0.4859243,-0.30552402,-0.30279472,0.003666165,0.39758834,0.08208839,-0.20160875,0.10565428,-0.05741972,-0.09801512,-1.0280597,-0.25494322,-0.17218219,0.3920173,-0.022174675,-0.37503067,-0.011972827,0.35929024,-0.20683677,0.0003995127,0.013287634,-0.09378882,-1.1355503,-0.037869703,0.11625572,0.1358996,0.11962762,0.12368019,0.03976973,0.21238174,-0.30370823,0.00039921975,0.0,-0.04057212,0.039745227,-0.006988155,-0.00047763833,-0.048423413,0.13217422,-0.24695717,-0.02120027,-0.059440583,0.026063835,0.11925621
0.10394222,-0.41890603,0.088682175,-0.017351013,-0.10402317,0.047747247,0.21128309,-0.75474423,-0.08769513,-0.006803231,-0.231399,0.34428898,-0.19714856,0.35239106,-0.20219345,-0.09072368,-0.26445052,-0.7070694,-0.48400617,-0.1586772,0.014743542,0.42719495,0.587196,0.044379354,-0.21708053,-0.3681036,0.035804346,0.04021792,-0.077217534,-0.23789586,0.5079134,0.00039921975,0.0,-0.08054086,-0.039179564,-0.0015583897,-0.0012861483,0.005153132,-0.07881946,0.007434595,-0.09472726,-0.09124136,0.11518798,-0.25709745
0.20637645,-0.2423938,-0.082103044,0.008906148,-0.90732425,0.08007127,0.0910962,-0.96009845,0.15619381,-0.06117565,0.1748523,0.28395876,-0.304683,0.22960892,-0.17306127,-0.12328099,-0.14091505,-0.13307104,-0.43859026,-0.078801095,0.012647202,-0.8259374,0.5839707,0.20974135,0.43392378,-0.29607597,0.09644443,0.13605148,0.021427564,0.38874713,-0.24343693,0.0012404791,0.0,-0.6257176,-0.033908866,0.0023067317,-0.0014174661,-0.0010050756,-0.0537707,-0.22793025,-0.3495047,-0.0014172766,0.04298527,0.21597862
-0.021440193,0.5667149,-0.14682907,-0.0044560246,-0.5911552,0.040455297,0.046404544,-0.6431389,-0.082019255,-0.04444119,-0.22919805,0.16650318,0.26483247,-1.4800377,-0.25742987,-0.09079466,-0.17175089,-0.8406719,-0.44010952,-0.11337213,0.011126259,-0.11823403,0.4098973,-0.004627539,0.051307183,0.3226889,-0.1189771,-0.08506724,0.08277813,-0.09293627,-0.3302381,0.00039921975,0.0,-0.0800007,-0.03630445,0.0072286334,-0.0012244108,0.0006787158,0.03600934,0.33137834,-0.23534182,-0.051681783,0.086764164,-0.12087276
0.1899695,0.68377906,0.30132672,0.0036487877,0.26751217,0.07455597,0.11288392,0.43541405,0.17115562,0.017392827,0.3314588,0.30024132,0.23143516,-0.0009284201,-0.11809993,0.041767698,-0.21986425,-0.13216585,-0.41184932,-0.03224935,-0.13659859,0.0074258605,0.7427443,0.20195274,0.09855845,0.68611693,0.06440601,0.033813395,-0.08217147,-0.20811825,-0.25974652,0.0012404791,0.0,-0.57810956,-0.09705883,0.021816695,-0.000873172,0.013712528,0.11563803,0.0026740883,0.04303039,-0.015744368,0.045012318,-0.35606477
0.16615878,0.52894,0.050862867,0.02542686,-0.39113843,0.07354679,0.05422889,-0.8852402,-0.06460064,-0.21490037,0.8421185,-0.28425494,-0.10360707,-1.2088298,-0.25873104,-0.23714295,-0.14817072,0.013507824,-0.35538572,-0.06539849,-0.13655335,0.21986647,0.37917486,-0.030519014,-0.1299344,-0.3329577,-0.121406056,0.022914223,0.003963249,0.42397144,0.387312,0.00039921975,0.0,-0.08100814,-0.012194666,0.002843698,-0.0013704017,-0.08138665,0.08994762,-0.41481894,-0.3380359,-0.01173028,-0.2944567,0.20420748
0.3992052,0.63195527,-0.47500032,-0.0031649624,-0.103471845,0.14230417,0.23726773,0.11767116,-0.072006114,0.016759213,-0.19968209,0.40246758,-0.21224041,0.24380273,-0.10164316,0.5954367,-0.17043954,-0.14221294,0.8900902,-0.11225083,0.012071262,-0.85794324,0.48209137,0.2927249,-0.18164015,-0.24674618,0.19293033,0.17395028,0.03776486,0.37114438,0.41326717,0.00039921975,0.0,-0.045132518,-0.028765313,0.0035036406,-0.0014174661,0.010932691,0.28827804,-0.20165241,-0.093969144,-0.0338027,0.016836494,0.24189089
0.19159244,-0.23709801,0.31079066,0.0042043324,-0.16618241,0.09709349,0.035694797,-0.09121587,-0.0665458,0.041557547,-0.29323298,0.4193866,0.31051022,-0.009938734,-0.115075625,0.572738,0.14874414,-0.11250315,-0.43636236,-0.06907085,0.019920986,-0.004248302,0.69161665,0.3389265,0.15647623,-0.33482966,0.18255797,0.18254074,0.024989823,0.4615612,-0.47755426,0.00039921975,0.0,-0.08793002,-0.019331701,0.0022441123,-0.0013704017,0.028912863,0.3525667,-0.14308824,0.13883223,-0.04168412,0.07927382,0.38300452
0.00592411,-0.18132682,-0.6704689,0.013352749,-0.1837026,0.08706425,-0.26472372,-0.22653317,0.16755082,0.118495636,0.34363413,-0.29357624,-0.16977862,0.19192666,0.03438765,-0.32766944,-0.1824136,-0.21332546,0.34127587,-0.013330663,0.008447059,0.11906567,-1.4570309,-0.04894473,-0.21480562,0.2678308,-0.1462125,-0.33493075,-0.100611225,-0.084892,-0.17792366,0.0012404791,0.0,0.011312346,-0.08513066,-0.046745863,-0.0006994693,-0.06495882,0.13280474,-0.021011762,0.11257901,-0.10397026,-0.3324925,-0.112621345
-0.19991614,-0.3183134,0.08962525,0.0046587563,0.0665567,-0.2568195,0.044858355,-0.16239077,-0.078141026,0.0310445,-0.27997395,0.19754547,0.22819191,0.52478397,0.057683658,0.47928017,-0.2134749,-0.19659254,-0.58063745,-0.10390885,-0.12631725,0.12935884,-1.0420611,0.07132888,0.1901619,-0.30886954,-0.07371625,0.0051629394,0.05859866,-0.1280166,-0.32175246,0.00039921975,0.0,-0.05125792,-0.027792841,0.0048725437,-0.0009190807,-0.02887988,-0.13118988,-0.1004391,0.093774706,-0.07209426,-0.19981389,-0.3743239
0.38154247,0.83712196,0.03756672,-0.0017143426,-0.46200937,0.14539091,-0.10714944,0.8051498,-0.0787155,0.11668668,-0.26278886,0.14562878,-0.053315636,-0.012639094,0.004412627,-0.012292021,-0.00899142,0.110491715,-0.23402126,0.0042393096,0.023258075,-0.4440304,-0.5822093,0.14087175,-0.0866637,-0.14547347,0.043532915,0.09837516,-0.046457905,-0.011977366,0.7667564,0.00039921975,0.0,0.0038871844,-0.020830004,0.01003558,-0.001241345,-0.02329111,0.019481312,0.084922604,0.20485911,-0.015113182,0.26742065,-0.19796747
0.064282835,-0.14744033,0.01171929,0.00082852936,-0.87359375,0.04898772,0.117547326,-0.658717,-0.060949907,0.026550619,0.3336796,-0.23523007,0.24152696,-0.7686761,0.06582411,-0.44816533,-0.16343135,-0.24505463,0.3702368,-0.004259808,0.009177616,-0.14418375,-0.94300807,-0.018008618,0.24778073,0.30125463,-0.051544998,-0.23111704,0.04693402,0.40196526,-0.45986173,0.00039921975,0.0,-0.09750496,-0.013023215,-0.0077416655,-0.00063061854,-0.03973673,0.05745866,0.19826627,-0.34277493,-0.042431384,-0.2897098,0.23450547
0.3663765,-0.24038784,-0.23818222,0.005452455,0.22317299,0.07128496,0.08654684,-0.041154645,0.15467873,-0.03346212,0.31739846,0.38561758,0.22681856,0.33780605,-0.109785795,0.4732618,-0.13360465,-0.09594345,-0.39507923,-0.05876923,0.013581652,0.55135375,0.76112694,0.19091366,-0.55836284,0.33213103,0.16391532,0.20135947,-0.056220442,0.47633696,-0.18961175,0.0012404791,0.0,-0.5448681,-0.068528846,0.0032107162,-0.0007223989,0.022238927,0.27070698,0.17956285,-0.020679865,-0.005775956,0.094817914,0.25506672
-0.13732788,-0.3451496,0.33891138,0.0036261627,0.44858378,0.11408814,-0.18535559,0.6772318,-0.06115119,0.0264179,-0.35072744,-0.21600695,0.38452867,-0.01766633,0.14017181,-0.11316728,0.035491146,0.4781656,-0.2557897,-0.098063484,0.015544248,0.14776969,-0.9259882,0.034890097,-0.1747489,0.29453608,0.18721943,0.16124018,0.0325563,0.3268106,-0.2365364,0.00039921975,0.0,0.031088019,0.037085574,0.00848929,3.3301185e-05,-0.0517441,0.18654396,-0.23088938,-0.0017474238,-0.046899524,0.084420085,0.18099678
-0.014888931,0.3388105,-0.17899957,-0.010125456,-0.19348137,0.1263808,0.1866666,0.19613354,0.18108839,-0.036872424,-0.26590425,-0.17642063,-0.105662994,-1.2411022,-0.25217938,-0.020833462,-0.26039857,-0.13744609,-0.33313915,-0.14849842,0.011339039,-0.44090027,0.27151036,-0.0071963323,0.10746257,-0.2857839,-0.03213875,-0.16253869,0.09558094,-0.110321276,-0.017318092,0.0012404791,0.0,0.0076491507,0.010343967,0.021865148,-0.010288855,0.13848348,-0.08011934,0.15552068,-0.13665064,0.17454055,0.048006866,-0.08169546
-0.23810187,0.8522028,-0.6184512,0.004236637,0.19922028,0.030993579,-0.13557133,-0.22090642,-0.09962649,-0.021149881,-0.3158609,0.15464906,-0.41605854,-0.1028394,0.01686163,-0.081843674,-0.15743957,-0.42548507,-0.39512882,0.027354844,0.013584187,0.2115725,-1.35454,0.11999377,0.24710225,0.2953694,0.08096234,0.18496028,0.032139413,-0.09214457,-0.4043434,0.00039921975,0.0,-0.10042966,-0.03949745,0.00010489393,-0.0006994693,-0.05451688,-0.05721014,-0.2540569,-0.08930923,-0.049552336,-0.23090224,-0.2670187
0.011355476,-0.08576288,-0.03510972,-0.004391408,-0.7601488,-0.4597864,0.14573713,-0.17868403,0.1590907,0.079078026,-0.20639423,-0.15018103,0.009541254,-0.6323936,0.068002574,-0.10399273,0.020672398,-0.09912336,-0.21808176,-0.13461004,0.0181707,-0.05701552,-0.7561463,-0.07451687,-0.10090328,-0.29494998,-0.06579608,-0.25231045,0.08466743,-0.015784757,-0.14316973,0.0012404791,0.0,0.087465845,0.053467974,0.035016444,-0.009831192,0.17053087,-0.062259443,0.16928147,-0.041052535,0.2305665,0.16350971,0.064470015
0.4117115,0.5563472,-0.44682398,-0.0003294641,-0.05605638,0.04309667,0.056625165,-0.61002225,0.1565095,-0.0012034411,-0.14339525,0.27865154,0.22686125,-1.3918847,-0.2178396,0.5350624,-0.15838945,-0.64596456,1.0327355,-0.121715315,0.0066230544,-0.21783483,0.36368787,0.024658848,-0.15200405,0.27626443,-0.13291533,-0.1299499,0.030134318,-0.2607619,-0.3523376,0.0012404791,0.0,-0.52559227,0.08713499,0.013750711,-0.0012244108,0.03469549,0.09531514,-0.24815814,-0.498149,-0.01928336,0.1588379,0.004824709
0.09373304,-0.17321,-0.2738119,-0.020531591,0.054556668,0.114793435,0.20038629,-0.88411635,0.16033539,0.10464026,0.14673662,-0.2576013,-0.15589952,0.24269916,0.030233186,-0.15846527,-0.179877,-0.16037944,0.6583021,-0.1218903,0.0052280547,0.24937922,-1.1341766,0.07763759,0.15405683,-0.28597912,-0.07886064,-0.1511411,-0.10175796,-0.07920113,-0.019336097,0.0012404791,0.0,0.14897841,-0.09527598,-0.039185047,-0.009831192,-0.08465417,-0.25960886,-0.10169248,0.07021807,-0.047810618,-0.23025143,-0.20435005
-0.05138275,-0.28105712,-0.52337664,0.0048402194,-0.3936526,0.08517229,-0.050382078,-0.28882328,-0.08660823,-0.120086506,-0.2675136,0.16985734,-0.4723944,0.2552712,0.027362993,-0.05755874,0.042945568,-0.6497931,-0.39844978,-0.09113338,-0.1253417,-0.5766463,-0.9385249,0.023976173,-0.1727766,-0.23645595,-0.08948492,-0.012949237,0.039393187,-0.11880836,-0.58557326,0.00039921975,0.0,-0.07862139,-0.038694076,0.008334497,-0.001241345,-0.046522584,-0.08729941,-0.17466488,0.050225936,-0.073409334,0.03933449,-0.15631229
0.013009257,-0.2656632,-0.07369888,0.0029362324,-0.12533373,0.07024265,-0.1911555,-0.17540194,-0.056473926,-0.0500193,-0.30209386,-0.27146173,0.05375565,-0.010854842,0.18896,-0.24545395,0.21590734,-0.8071531,-0.35239103,0.109903894,0.017291805,-0.3170629,0.6252094,-0.097202696,-0.27642444,-0.43704993,-0.07384925,-0.49994758,0.08618319,-0.035499692,-0.45862406,0.00039921975,0.0,-0.14365958,-0.012268815,-0.0048970967,0.008415032,0.059688866,-0.19818237,-0.06783902,0.07546143,-0.03734786,0.17242563,-0.2536101
-0.24577373,-0.20713758,0.18037812,-0.011658457,-0.0067966892,0.15261652,0.1926611,-0.39053416,-0.05422553,0.053277824,-0.3382713,-0.28863913,0.06703153,-0.011037719,0.05749866,-0.57130605,-0.15345699,0.22851184,0.5372817,0.0006088554,0.010411308,-0.069307365,-0.92839587,-0.38280025,0.16013962,-0.2242017,0.030725967,0.05373493,-0.010484247,0.09910177,0.25079325,0.00039921975,0.0,-0.049258273,0.0060506845,0.00153513,0.0020016644,0.034420025,-0.5211279,-0.32225153,0.005640312,0.064244986,0.015289071,0.1946644
0.09447264,-0.15215929,0.18848468,-0.0011565464,-0.77848476,0.10246046,-0.22031085,0.42316636,-0.06874683,0.010836882,-0.2741029,-0.21084252,0.010895949,-0.6192307,0.03681204,-0.35411215,0.09309241,-0.27169573,0.7993479,-0.116319284,-0.104452744,0.08723679,-0.82374716,0.02789326,-0.14127517,-0.2809454,-0.123962134,-0.18862796,0.08980881,-0.23607501,-0.40254205,0.00039921975,0.0,-0.13199565,-0.02520155,-0.007585724,-0.009831192,-0.047049407,-0.04597283,0.110863544,-0.0083364025,-0.05435503,-0.011760619,-0.16945557
-0.2115422,-0.123380415,-0.6907197,0.0018017772,0.07511817,0.11653886,0.06762974,-0.6188926,-0.06460874,-0.07906471,-0.10249548,-0.21420161,-0.22424091,0.33794457,0.07472389,-0.19779392,-0.082700044,0.6292066,0.5871277,-0.0051995916,0.008099741,-0.18509609,-1.2046553,-0.2124931,0.33377135,-0.19862175,-0.10991788,-0.26933664,0.013164202,-0.03927392,-0.35871732,0.00039921975,0.0,-0.07185413,-0.004925129,-0.003728643,0.0010591532,0.10499718,-0.020293659,0.21324253,-0.012697447,-0.05437851,-0.01205229,-0.07030945
-0.18582353,-0.30991808,-0.66780514,0.0036353574,0.5244719,-0.40852037,0.030300695,0.5384223,-0.073328435,-0.008365605,-0.3210068,-0.23601711,-0.124561794,-0.13941777,-0.006369803,-0.2079062,0.06483769,0.43599802,-0.30444992,-0.1156937,0.014590798,0.12728548,-1.2566925,-0.04242156,0.12401802,0.21286826,0.023175132,0.060677875,0.045504402,-0.19511758,-0.39029202,0.00039921975,0.0,-0.006492464,0.03913421,-0.0064521213,-3.5549572e-05,-0.056236684,0.17252605,-0.22260578,0.0007205745,-0.04151231,0.041871548,-0.32357502
-0.21823649,-0.28350082,0.11590739,0.0024942593,-0.23648773,0.10852066,-0.28803816,0.42020935,0.1598904,0.066712715,-0.9090061,-0.301923,-0.15453763,0.28410417,0.0005581854,-0.27893168,-0.20887624,-0.16568074,0.58740705,0.013517572,-0.08496061,-0.055083033,-1.1202939,0.037035868,-0.26434648,-0.24029072,-0.13079341,0.12934789,0.029050695,-0.10204466,-0.062414557,0.0012404791,0.0,0.0048595476,-0.086490534,-0.019274876,-0.0009190807,-0.06898654,0.09148262,-0.033632673,0.04232255,-0.09202233,-0.07443082,0.039630555
-0.18899165,-0.1798901,0.32145944,0.017551456,0.38379037,-0.34857428,0.17415093,0.48993972,-0.06327651,-0.09162724,-0.8405812,-0.36634162,0.028746223,-0.060232293,-0.05837972,-0.23079345,0.057592638,0.5712299,0.97071457,-0.0318043,0.0062378845,0.02734477,0.7662193,-0.4425608,0.1782143,0.4376433,-0.028287113,-0.08028787,0.07553053,-0.110973164,0.46700892,0.00039921975,0.0,-0.003345925,0.020571874,-0.0026212272,-0.0026847073,0.096897885,-0.19579463,-0.06604792,0.10271124,0.030536784,-0.17340575,0.054197427
0.08676737,-0.2780125,-0.3249047,0.0061983727,-0.10948813,0.090809025,-0.14771688,-0.6588058,0.1475917,-0.07906332,-0.14938278,0.20902954,-0.269208,0.4676665,0.06508036,-0.15111007,0.0495011,0.40136686,-0.34263012,-0.15287928,0.017493831,-0.45277926,-1.0532731,-0.011092953,-0.21985224,-0.31694657,-0.009674877,0.01896963,-0.08793586,-0.20713526,-0.4550801,0.0012404791,0.0,-0.838001,-0.03398987,0.0031153716,-0.00025516097,-0.03898776,0.032678716,0.2813837,0.008351546,-0.034511685,0.08645759,-0.36245057
-0.16920407,-0.40906587,-0.5635813,0.0034363,-0.38480994,0.10077135,-0.15810311,0.6143699,-0.06611647,0.07393355,0.2846206,-0.16504131,0.20512387,-0.7668874,0.04386216,-0.38951567,-0.16258487,0.4688428,-0.23016009,-0.25132605,-0.16956745,-0.13470751,-0.771013,-0.2766982,0.16365558,-0.24906206,-0.045325182,-0.09662474,0.07292451,-0.42203066,-0.4783005,0.00039921975,0.0,-0.012719155,0.001517436,-0.0008875521,-0.00027563912,0.053420827,-0.35409388,0.24293076,0.27346557,-0.029885178,0.1261588,-0.025442855
-0.22100033,-0.1619318,-0.20238352,0.0047546374,0.32537836,0.043851446,0.114150204,-0.5614554,0.16705939,-0.16974412,-0.18722428,0.19886853,0.18499547,0.3860351,0.09006876,-0.13500406,-0.48972213,-0.12504905,-0.3861109,-0.025830386,0.01283555,-0.0935351,-1.2800057,-0.2211947,0.10989896,0.34065455,-0.071990676,-0.04089796,0.055982806,-0.5158323,-0.33571637,0.0012404791,0.0,-0.5499666,-0.06958202,0.011123702,-0.0006994693,-0.029456245,0.022588588,0.2067274,-0.07457084,-0.015785392,-0.18589196,-0.28706503
-0.20004492,-0.18069449,-0.48221126,0.0037271562,-0.30786723,0.09627042,-0.09236004,-0.9452019,-0.05326429,-0.04807789,0.8173513,-0.1841191,0.12532473,0.19547279,0.104280405,-0.34302673,-0.14833738,0.45014524,-0.18282145,-0.075689904,0.017531062,-0.35654134,-0.8913832,-0.08046922,-0.23484674,-0.3253844,-0.014749629,0.057997115,-0.07518017,-0.18878615,-0.5056642,0.00039921975,0.0,-0.02624177,0.019443775,-0.0032074659,-0.0005774253,-0.058661003,0.13731325,0.060403075,-0.08971497,-0.051314007,0.051747866,-0.032656737
0.074298576,-0.3566046,-0.5095071,0.0006154502,0.41704997,-0.30683646,0.02269294,-0.36986563,-0.07041568,-0.012325703,-0.31347197,-0.28037483,-0.16949797,0.4809471,0.08707158,-0.17162368,-0.18199567,0.38851497,-0.23314723,-0.042142782,0.016698403,-0.02864628,-1.1752745,-0.012726181,-0.22810854,-0.23140152,0.039157063,-0.008373953,0.03164174,-0.051831856,0.4751774,0.00039921975,0.0,-0.072736554,0.029763386,-0.0051921518,-0.0005774253,-0.08301992,0.018684411,-0.27462557,-0.03140565,-0.03424743,-0.16021243,-0.0479435
0.111366905,-0.13715822,0.20822887,-0.006617218,0.5059294,0.09971522,0.24234514,0.20719557,0.18053125,0.15013422,-0.18857118,-0.09218738,-0.088840894,-0.677097,0.07278103,-0.004310935,0.08384785,-0.111337855,-0.20770901,0.016003326,-0.13064913,-0.17314781,-0.54851073,0.0051288903,-0.13349703,0.4302448,-0.021919947,-0.05835566,-0.10592197,-0.37451077,0.09487999,0.0012404791,0.0,0.40873373,0.04896781,0.022424616,0.0018750757,0.31523836,0.22857068,-0.03883418,0.22918215,0.2821736,0.12042728,-0.19552928
0.0342705,-0.30879873,0.056245036,-0.005707212,-0.38391984,0.08147786,0.27055484,-0.24708162,-0.07213328,-0.09611909,-0.35544208,-0.27719182,-0.15853892,0.19589242,0.05456988,-0.32606173,-0.19601357,-0.7128316,0.72048926,-0.075578414,0.009548724,0.40849707,-1.2186024,0.0695513,-0.20429234,0.22164069,0.06532006,0.058673576,-0.11051343,-0.11496148,0.42276442,0.00039921975,0.0,-0.090221286,0.009441469,0.006540844,0.0018750757,-0.05657021,-0.11878442,-0.027679473,0.06496593,-0.013468974,0.004801019,-0.2759184
-0.15533446,-0.15447609,0.13605367,0.0020321778,0.3614166,-0.3099555,0.036492497,-0.5552034,-0.06960877,-0.009729676,-0.2262646,-0.15461655,-0.37559843,-0.90619206,0.08755632,-0.17586608,0.11479609,0.38635483,-0.26747674,-0.12604418,0.012348047,0.15899216,-0.7864429,0.06147928,0.07586264,-0.430923,0.018065607,0.010783773,-0.08832948,-0.16718872,-0.38287753,0.00039921975,0.0,-0.07993998,0.0144143505,0.0106461635,-0.00025516097,-0.067406595,-0.04562462,0.113209255,-0.18761858,-0.053792924,0.027243337,-0.15085703
-0.2453161,-0.18770741,-0.5125662,0.0022084378,-0.07521866,0.049668238,-0.011274125,-0.17094746,-0.06332898,0.0020940648,-0.3394789,0.15268403,-0.4628815,-0.0044179643,0.15261477,-0.16936515,-0.3113606,0.43796363,0.78480136,0.014544356,0.011013485,-0.60338306,0.7466456,0.012150629,0.1376846,-0.3811019,-0.08368993,-0.020134168,-0.11129855,-0.077183075,-0.56432295,0.00039921975,0.0,-0.010908768,-0.046302,0.0057381243,-0.000712824,-0.012433346,-0.05689072,-0.049445555,-0.35435736,-0.045968123,-0.30002347,0.011070901
-0.29241705,-0.23672235,-0.20262617,-0.009323681,-0.08048493,-0.34086978,-0.11303149,0.076165184,-0.0672848,0.03300574,-0.30683425,0.23800373,-0.2815816,-1.349615,-0.18653728,-0.19079833,0.13179682,-0.07514402,-0.2999066,-0.00093076983,0.014372587,-0.016074613,0.45203978,-0.05271512,-0.34126857,-0.3829423,-0.13173287,0.0029299015,0.00338607,0.11337026,-0.47278222,0.00039921975,0.0,-0.06788153,-0.033921193,0.007233642,-0.0032154778,-0.012678544,-0.13543604,-0.23934689,0.1604144,-0.007860213,-0.3018075,0.18705244
-0.26386604,-0.18175484,-0.41863707,0.0041560046,-0.64692354,0.07508197,-0.20496659,-0.48708636,0.163747,-0.115307,-0.19533089,-0.28566128,-0.04921363,0.2824331,0.05367243,-0.47018933,-0.28972182,-0.2048008,-0.2560188,-0.09731989,0.011950947,0.053464238,-0.8168101,-0.19473085,-0.23737693,-0.23083825,-0.06280582,-0.3033132,0.049283475,-0.5309898,-0.46736607,0.0012404791,0.0,-0.67491996,0.020647299,-0.00419281,-0.0038988949,0.08478182,-0.36798504,0.19391991,-0.06064806,0.1485397,-0.25976783,-0.094873264
-0.2744286,-0.29309982,-0.20221214,-0.01214685,-0.06933878,0.11728663,0.15272008,-0.26609418,-0.06771893,-0.10243721,-0.3126323,-0.25469834,-0.100984916,0.4421184,0.084775224,-0.22198357,-0.36357749,0.29006505,-0.32070303,0.07150344,0.013877702,0.3168516,-1.1340724,-0.24604802,-0.17322393,-0.28779572,0.027940908,0.077544615,-0.071467124,-0.084899224,0.4611191,0.00039921975,0.0,-0.016115414,0.022448093,0.0027259642,-0.001241345,-0.06125663,0.12646416,-0.050230145,-0.03626548,-0.014110775,0.048888534,-0.4964845
0.21316698,0.56135154,0.08421284,0.004410607,-0.8846188,0.123672724,0.05638718,0.61551124,0.12437051,-0.19828632,0.87220347,0.19071457,0.24662833,-1.1878415,0.062467642,-0.18025929,-0.1372393,0.015377193,-0.42598325,-0.100831896,0.015860077,0.36364916,-0.9216305,0.08469613,0.03190824,-0.24965405,0.021294417,-0.008636695,-0.08399507,0.3432316,-0.36757877,0.0012404791,0.0,-0.60251725,-0.018709246,0.006752561,-0.0101369815,-0.015870625,-0.254639,-0.14439972,0.016739838,-0.015670152,0.15555139,0.14774667
-0.06088635,-0.21238285,0.037787654,0.006123575,0.3535298,0.056754902,-0.16438764,-0.590721,0.1891004,-0.10694616,-0.14779523,0.19162469,-0.3541578,0.22183567,0.035590086,-0.090472065,0.0650984,-0.17268647,-0.3109467,-0.079201706,0.00684492,-0.5539627,-0.9072692,0.014506639,-0.32156527,-0.2780081,-0.06158426,-0.019019488,-0.09364611,0.036493663,-0.39970037,0.0012404791,0.0,-0.5800775,-0.038179174,0.008182488,-0.00030315068,-0.033459235,0.01624842,-0.068099625,-0.26267704,-0.0062735374,0.07272976,-0.1479145
-0.24037626,-0.21614276,0.27350214,-0.0049669724,0.42649463,0.06884089,0.09960956,-0.28352958,-0.066291265,-0.07273662,-0.82833797,-0.22559655,-0.250498,-0.8602053,0.0739983,-0.2544728,-0.01598259,-0.009262997,0.7061007,-0.033035316,0.009017961,-0.016224155,-0.8558921,-0.10104866,0.15226717,0.5668261,-0.078604035,-0.037041605,-0.16444007,0.00917666,-0.3249174,0.00039921975,0.0,-0.099174924,0.008168563,-0.0140821785,-0.012269821,0.15593034,-0.20349737,-0.043359052,0.016921256,-0.08366199,-0.074012555,-0.19660942
-0.26185593,0.6804494,-0.34059978,0.0038894326,-0.51924306,0.070856676,-0.21425551,-0.89383936,0.15279318,-0.09191765,0.12477773,0.2886474,0.12859221,0.24304996,-0.21388958,0.17214517,-0.16857715,-0.16536608,-0.5179794,-0.019373475,-0.113468595,0.1761335,0.54322684,0.0338805,-0.23915493,-0.3394055,0.009730509,-0.03906253,0.03489042,-0.20686999,-0.3986332,0.0012404791,0.0,-0.58296597,-0.009898122,0.009109529,-0.0012861483,0.01306024,-0.03898859,0.15813537,-0.1608847,-0.022330545,-0.45331386,-0.21604505
-0.24096754,-0.23348835,-0.33384857,-5.0240487e-05,0.07409913,0.08256689,0.04364171,-0.27825493,0.3768534,-0.09150615,-0.25102907,-0.36457497,0.18121992,0.27271995,0.055468347,-0.58290255,-0.22045839,-0.59017605,-0.31431842,-0.1794476,0.0139820725,-0.15783893,-0.731771,-0.30144808,-0.35241416,-0.23963045,-0.046928294,-0.108068675,0.029568352,-0.5043378,-0.48340905,-0.011950837,0.0,-0.10031389,0.002015844,-0.006019641,-0.00015500945,0.048258528,-0.455149,-0.16616872,-0.048651908,-0.058020804,0.099680506,-0.022176633
-0.14798857,0.34622157,0.2169633,-0.009787139,-0.30278063,-0.45839295,-0.12609641,0.5161163,-0.07998066,-0.008417839,0.36342677,-0.16456088,-0.08068124,-0.86355215,0.05400629,0.010917963,0.01275578,0.2891581,-0.27564514,0.151043,0.010741806,0.26453134,-0.74245477,-0.17458797,0.058231305,-0.2786194,-0.082915075,-0.4340971,-0.13521029,-0.57146645,0.35818806,0.00039921975,0.0,-0.037480466,0.028079405,0.0016315011,0.0060131964,0.15635076,-0.020260574,-0.24577321,0.014099692,-0.026020203,-0.12056522,-0.51472133
-0.2206642,0.47805548,0.15406843,0.0010213461,0.020451425,0.073258005,0.08700909,-0.5560603,-0.053127598,-0.117935084,-0.22892658,-0.29024494,0.07463899,0.21005481,0.036784783,-0.4315884,-0.24783507,0.21880952,0.6712439,-0.14206612,-0.11546875,0.1308147,-0.9885255,-0.48240516,-0.2969686,0.23933119,-0.09385992,-0.5536198,0.04571031,-0.5702436,0.24943452,0.00039921975,0.0,-0.02027394,0.021328082,-0.00019301681,-0.0205467,0.03597355,-0.40349996,0.21846314,0.10408992,0.090816416,-0.010204696,0.01800295
-0.22330448,0.5529073,-0.37943712,0.0036980128,-0.13688475,0.110202655,0.062046334,0.47838306,-0.07770582,-0.044419482,-0.21926254,-0.27090493,0.20895496,0.41054788,0.06036612,-0.20127076,-0.18247408,-0.2547179,-0.23615946,-0.06312432,0.0152807105,0.33863038,-0.9920241,-0.40885457,0.14871944,-0.19254099,-0.063339114,-0.6019005,0.008326062,-0.94441587,-0.443637,0.00039921975,0.0,-0.08001629,0.004425424,-0.021068905,-0.00044520013,0.08639441,0.07535889,0.054454654,-0.1972761,-0.043781746,-0.23996183,0.0014856812
-0.22940059,-0.19770971,-0.41149464,0.0075885723,-0.5199304,-0.34680784,-0.075960614,-0.08124769,-0.08082623,0.015024214,0.40023547,0.19856226,-0.36646572,-0.02827759,-0.20550992,-0.08164165,-0.102441646,-0.059386987,-0.33724123,-0.10002469,0.01806636,-0.667193,0.64322346,-0.015817443,0.11801644,-0.51832044,0.019344429,0.010480425,-0.104843065,-0.2146765,-0.40704155,0.00039921975,0.0,-0.06567565,-0.03203463,0.007577885,-0.0013767437,-0.0039058262,-0.074372806,0.079712406,-0.1817354,-0.062913954,-0.23664883,-0.2568376
-0.30432847,-0.19229083,-0.41043708,-0.015019011,0.18730193,0.11244547,0.25589308,0.5373956,0.15520585,-0.15195532,1.2203946,-0.25733712,-0.11991213,-0.022761203,-0.13592346,-0.03097444,0.07317786,0.32305261,-0.3363624,-0.022663575,0.01162608,0.17794648,0.9326113,0.07769676,0.16244468,0.4134283,0.017737947,0.0054843007,-0.08919161,-0.06032106,-0.07415013,0.0012404791,0.0,-0.20203112,-0.060714077,-0.032930516,-0.0005604911,-0.05252048,0.18349944,0.050265916,0.099846624,-0.036374964,0.0016307634,0.051181942
-0.15060535,-0.23216997,-0.2174031,0.0019319213,0.34131962,-0.30190328,-0.17779765,-0.21479414,0.15440086,0.046274245,-0.19949712,0.2700174,0.19926393,0.37746543,0.040059473,-0.20293516,-0.19887333,0.016615868,0.8562014,0.0071118744,0.008910926,-0.16692603,-1.3109914,0.1462924,-0.2933072,-0.32526338,0.06226197,0.01475509,-0.090680964,-0.17846201,-0.36304748,0.0012404791,0.0,-0.6887339,-0.02456662,0.025610484,-0.001241345,0.0027306024,-0.0024731336,0.068059124,0.006885453,-0.074828416,-0.18623117,-0.22214758
0.16524678,-0.22379155,0.07165204,-0.0007959588,-0.04842386,0.046578925,0.013433612,-0.12944008,-0.0740829,0.0055574807,-0.37200505,0.2393323,-0.41896516,-1.5494936,-0.15572438,-0.13257344,-0.1439954,-0.26540083,1.1260985,-0.07084039,-0.08449577,0.19888413,0.52929026,-0.0155517,0.08934032,0.27840963,-0.18605064,-0.13672875,-0.1361697,-0.30563334,-0.5475012,0.00039921975,0.0,-0.069494165,-0.042922195,0.01895529,-0.0012066694,-0.008813794,-0.105650134,0.00085340615,-0.05471072,-0.07324671,0.12159529,0.08120585
0.13401966,0.5256404,-0.19110039,-0.0054036733,0.45424595,0.015604503,-0.14612995,-0.61453134,0.15715107,-0.024242206,-0.17963655,-0.17068596,0.06792444,-1.3371993,-0.26657826,-0.22926465,-0.052682046,-0.114896245,-0.26461807,0.028506193,-0.088366196,-0.43519974,0.32282314,-0.010634326,-0.12273523,0.38644993,-0.13500926,-0.111754686,-0.1599282,-0.05938598,-0.40734467,0.0012404791,0.0,-0.6718493,-0.021588858,-0.012385663,-0.000873172,-0.08259059,0.13578382,-0.08101532,-0.24986018,-0.074949324,0.03906157,-0.12129914
-0.26658556,-0.14274444,-0.22344844,0.008910032,0.032639656,0.082758285,0.10472106,-0.2445797,0.14553073,0.046209726,-0.71419144,-0.23235002,-0.0970322,-0.7313843,0.044484224,-0.4536753,-0.1964986,-0.14239165,0.6345357,-0.053386834,-0.07438634,0.25052515,-0.8447548,-0.2601632,0.12702462,-0.23389031,-0.060046196,-0.19697885,0.073048815,-0.26526353,-0.42283395,0.0012404791,0.0,-0.52795166,0.016794635,-0.015830103,-0.0035766307,0.08814231,-0.36434945,0.15187754,-0.06840972,0.11813948,-0.20209502,-0.045979176
-0.035679772,-0.28216213,0.06291014,-0.0038213297,0.43520433,0.09491482,-0.26600677,-0.14271434,0.17501327,0.18989667,-0.30242845,-0.3408263,-0.13357285,0.3631954,-0.1924602,-0.26129985,-0.05243332,-0.17365411,-0.2809489,-0.05953709,0.011271909,-0.43167266,0.5585861,-0.051823203,-0.60774344,-0.37989697,-0.06890098,-0.24339575,0.054727614,0.062255543,-0.04272753,0.0012404791,0.0,0.07356403,-0.048293024,-0.023484718,-0.0006702183,-0.08701701,-0.003801425,-0.000144955,0.0811358,-0.071101986,0.0075653745,-0.10907598
-0.13257533,-0.30486095,-0.053125765,0.0014275557,-0.079538025,0.1044466,0.00300676,-0.12378135,-0.069016635,0.06772001,-0.96087235,-0.44549966,0.043921012,-0.02667756,0.120965265,-0.57302666,-0.045530953,0.012425554,-0.33439887,-0.13355641,0.01649364,-0.025816135,0.57629323,-0.35208607,-0.28889242,-0.34813955,-0.10250153,0.096501246,-0.13009512,-0.06284896,-0.59324604,0.00039921975,0.0,-0.0910299,-0.025574515,0.000745858,0.0029954156,0.022512732,-0.3401778,-0.059579495,0.23282467,-0.038221367,-0.25440276,-0.33587772
-0.2091275,-0.23621936,0.13889483,0.005687497,-0.02327446,-0.2628888,-0.24175818,0.05064055,-0.062909,-0.27389732,-0.39664865,-0.44102687,0.033862904,0.24817786,-0.17308159,-0.5467628,0.009656534,-0.30553985,-0.36443797,-0.13307959,0.016453108,0.06666867,0.5751446,-0.45295173,-0.2390101,0.4139401,-0.11545175,-0.32371068,0.076340005,-0.24042845,0.3263652,0.00039921975,0.0,-0.08025877,0.032052763,0.002201716,-0.0002996074,0.011550458,-0.46600387,0.38439608,0.020416398,0.045986593,-0.14456144,-0.03304836
-0.17152813,0.45308155,-0.12919049,0.0037864335,0.13016084,0.090229146,0.13019186,-0.10436421,-0.044182252,-0.04308006,0.94982,-0.3753174,0.0051062237,0.036155164,0.17568666,-0.19196549,-0.16094533,0.43560845,-0.25972512,0.1409988,0.025975075,0.0070725144,0.82462674,-0.5538614,-0.16214818,0.82185817,-0.0681288,-0.0072525,0.08355209,-0.72219735,0.5996964,0.00039921975,0.0,0.047271922,0.021556452,0.00082039967,0.0009483481,0.10417315,-0.05972903,0.381992,-0.095711485,-0.006801519,-0.016952842,0.17871018
0.086949594,-0.57029456,0.21491788,0.00059713994,0.50806355,0.049493253,-0.21790601,-0.58367985,0.14174277,-0.22142662,-0.13995892,-0.19027843,-0.19904017,-0.027980246,0.0058066696,-0.35124588,-0.20099166,0.29250768,0.5986379,-0.02432958,0.009937843,0.10659262,-1.1794907,0.14877759,0.094491355,-0.2929245,0.08806126,0.03943127,-0.06851512,-0.12975875,-0.15041459,0.0012404791,0.0,-0.11340256,-0.070985496,-0.021435395,-0.00025516097,-0.06407647,0.037861627,0.09035014,-0.35962585,-0.079933986,-0.2180228,-0.14012502
0.13797772,-0.23711506,-0.563536,0.0005739551,-0.17575245,-0.48609048,0.053435303,0.113078736,-0.075054504,-0.19668393,0.41822383,0.21216376,-0.22126509,-0.15353073,0.13408196,0.13762276,-0.187988,0.021189494,-0.42944512,0.010059791,0.022246476,0.13160776,0.6523019,-0.10250888,0.18760613,-0.5294361,-0.11561676,-0.17138937,0.041920926,-0.19073519,0.38637,0.00039921975,0.0,-0.07114269,-0.033751395,0.0015203487,-0.0013704017,-0.03156697,-0.15800399,0.18969017,-0.16974624,-0.08985678,0.09661429,0.21415648
-0.15637544,-0.19199914,0.15942939,-0.010940753,-0.121312976,-0.4993406,0.160087,-0.14615314,-0.058529977,-0.11009897,0.40584067,-0.49178386,0.11242917,0.35669518,0.1150034,-0.65454173,0.12167042,-0.23560569,-0.34246743,0.15770034,0.017085418,0.14286028,0.47837994,-0.33664158,-0.28594705,-0.3751641,-0.03510432,-0.031527784,-0.124883085,-0.60407954,0.3507832,0.00039921975,0.0,-0.07073184,-0.01687714,0.0025720492,0.0024026225,0.029710991,-0.4909131,-0.16589776,0.016985055,-0.013823876,-0.29067934,0.07036076
0.3648974,0.72159,-0.20687953,0.003982381,-0.8325934,0.089329846,0.07375255,-0.30527797,0.16054201,-0.032133527,-0.20368466,-0.2816635,0.042908363,0.31627625,0.07362796,-0.25389796,-0.22296682,-0.1833205,-0.3163674,-0.11934263,-0.13108638,0.4324516,-1.1778833,0.06839629,-0.2668532,0.3185378,-0.09635806,-0.06880026,-0.13311979,-0.03771776,-0.31415898,0.0012404791,0.0,-0.6128355,-0.03583128,-0.025737863,-0.0025445456,-0.041636534,-0.22124763,-0.08194981,-0.043873344,-0.07710148,-0.25370607,-0.14930594
-0.34183842,0.4569417,0.26826805,-0.021864135,-0.84439516,-0.6007719,0.12374557,0.5057678,-0.0740278,-0.21833675,-0.29993948,-0.21134982,-0.21505947,-1.075689,0.26200575,-0.3002962,0.09153609,0.24959245,0.57144314,0.08611354,0.012225379,-0.11111532,0.5130162,-0.22646959,-0.15784702,-0.31382185,-0.05928439,-0.046135265,-0.0033053877,-0.14580788,0.466009,0.00039921975,0.0,-0.27129894,-0.02938022,-0.00093280314,-0.0013704017,-0.05544079,0.043381307,-0.22797595,-0.15378593,-0.02783555,-0.08565168,0.14168066
-0.19111957,-0.21574296,0.014336299,-0.009569077,0.052559968,0.1424642,0.17091876,-0.8111301,-0.05635566,-0.14034234,-0.18473579,-0.26392627,-0.016528497,0.37200266,0.08510568,-0.3225215,-0.097857915,0.3219085,0.48487234,0.04709817,0.009920445,-0.055610657,-1.0526913,-0.31166473,0.1974236,-0.21072604,-0.026517322,0.01297158,-0.00783876,-0.080922894,0.555398,0.00039921975,0.0,-0.003050179,0.00681956,-0.0014125714,0.0060131964,0.106803454,-0.2592181,-0.3621851,-0.076038525,-0.020446766,-0.23473856,0.11001514
0.3977843,-0.22865996,0.07111167,0.007197482,0.23343128,0.06968933,-0.27881816,-0.6308926,0.14946967,-0.014814606,0.18873815,0.493279,-0.27768347,0.40647373,-0.07732094,0.17543268,-0.026595356,-0.14871258,0.9008051,-0.0017631997,0.0079498375,0.6474799,0.8224547,0.23673075,0.20710552,-0.18234344,0.14982545,0.17114854,0.046765897,0.5635688,-0.21261008,0.0012404791,0.0,-0.51631963,-0.013778345,0.0040255827,-0.0014174661,0.04064114,0.12715602,-0.19843593,0.16689432,-0.0067869895,-0.005609181,0.20602359
0.13541406,-0.2003295,0.027178038,0.003840974,0.38959455,0.05050129,-0.035126768,-0.23645312,-0.07817689,-0.04130242,-0.35652763,0.13683502,-0.4638645,-1.0136617,0.039825726,-0.075224556,-0.046501864,-0.21690995,-0.36852327,0.10613161,0.017583303,-0.06296623,-0.7974832,0.076077476,0.09434214,0.88056755,-0.14499797,0.04673519,0.032595295,-0.18360746,-0.4267263,0.00039921975,0.0,-0.07932268,-0.020429889,0.008748045,0.0018750757,-0.039596308,-0.019695899,-0.35232773,-0.047777925,0.0020418717,0.10088381,0.062086746
-0.3305606,-0.13028876,-0.5121671,0.0024806568,0.3876702,-0.5698545,-0.009308094,0.62672216,-0.06404475,-0.07893152,0.30673397,-0.11570357,-0.12759496,-0.939631,0.039318416,-0.3595011,-0.13879012,0.001998449,0.47952005,-0.00051633734,0.0075616874,-0.36723113,-0.95521975,0.03399,0.122420035,-0.25049174,-0.08281659,-0.030872265,-0.122714065,-0.07316675,0.49477276,0.00039921975,0.0,-0.051780768,0.00050596613,-0.006727524,-0.001241345,-0.057137214,0.023243869,-0.07709278,-0.24809188,-0.042429835,-0.041736327,-0.34379375
-0.13668446,-0.32224736,0.1936095,0.009274574,0.3192203,0.09257716,0.051689718,-0.20907408,-0.072991624,-0.010496734,-0.31982365,-0.2556941,0.14569657,-0.07673285,0.068391025,-0.28417885,-0.32866505,0.041004006,-0.39060625,0.018357553,0.014389167,0.28754205,-1.197546,0.047266535,0.14223687,0.25359806,-0.027958483,-0.033923376,0.047902547,-0.15088233,-0.5663186,0.00039921975,0.0,-0.078270994,0.032683562,0.0052439156,0.0018750757,-0.0811901,0.1308366,-0.23679897,-0.043407355,-0.03329015,-0.00080219575,0.04073525
0.09757945,-0.22775473,-0.30804572,-0.0058165793,-0.34151375,-0.4917053,0.06494422,0.45703265,0.18529306,0.08146569,-0.22922324,-0.20819658,-0.26805526,-0.9348565,0.022464668,-0.26542813,0.18061335,-0.099088326,-0.2996366,0.08901579,0.012893124,0.3093188,-0.8979093,-0.029707279,0.123671114,-0.25780377,-0.08303849,0.13473168,0.015239608,-0.15076163,-0.18860827,0.0012404791,0.0,-0.09674786,-0.063569024,-0.02984258,-0.0013471262,-0.0724774,0.19358489,-0.13711329,0.015886048,-0.042999938,0.11267744,0.20910403
-0.02562092,-0.30108166,-0.32441,0.007693889,-0.3749252,-0.44888324,-0.28765878,-0.12302416,0.1537785,-0.14640461,0.26053765,0.32556203,-0.14868416,0.5043582,-0.1652532,-0.14237991,-0.12622267,-0.2259034,-0.33429855,0.09950323,0.015779529,-0.06901327,0.7265344,0.024140595,-0.28078416,-0.3422755,-0.14888681,-0.09427643,-0.10675642,-0.1746189,-0.49401194,0.0012404791,0.0,-0.75690997,-0.038356844,0.009913098,-0.01019826,0.009344523,-0.11049963,-0.04250971,-0.07336107,-0.033379585,-0.12910828,-0.010021663
-0.22263116,-0.2795796,0.12773736,0.0037708383,-0.88769203,-0.48329172,0.086664714,0.18106043,0.13305393,0.043150775,-0.36298177,-0.267074,0.056862522,0.2958997,0.027747996,-0.27737516,-0.14860402,0.40294498,-0.3604597,-0.0029236658,0.014681686,0.10569111,-1.2259079,0.0278155,0.16263898,0.33307385,-0.057211183,-0.067084365,0.13270706,-0.06206739,-0.50168836,0.0012404791,0.0,-0.79431015,-0.050487116,-0.022339921,0.0003101339,-0.050085124,-0.046016283,0.28991362,-0.10017271,-0.023328401,-0.018017253,0.076920316
0.1380237,-0.27618572,0.1308693,0.0043509896,-1.0832685,0.04725716,-0.0756613,-0.58236116,-0.07130627,-0.12323679,-0.3151821,0.2594053,-0.3096558,0.49432558,-0.16947524,0.3581808,0.00916781,-0.12539312,-0.46109346,0.043381006,0.011353345,0.17078505,0.54651725,0.07063805,0.089297295,0.23077072,0.007553248,0.021005346,-0.121630035,-0.28061906,-0.66123587,0.00039921975,0.0,-0.03087972,-0.02715705,0.0049067615,-0.000873172,0.008625714,-0.08450657,0.01756093,0.12638982,-0.104907095,0.15284467,-0.3851883
0.05388979,-0.19570439,0.25224307,0.0011103967,-0.16056259,-0.29686213,-0.12924066,-0.22645351,-0.06567696,0.012012055,-0.21113274,0.1830191,-0.32608256,-0.93096274,0.01992082,-0.36172855,0.030974315,-0.59999317,0.7695793,0.055839337,0.0057390053,-0.14139606,-0.9101726,0.08061293,-0.12833166,-0.2732892,-0.06559448,0.023440164,0.015855938,-0.14314821,-0.4017879,0.00039921975,0.0,-0.032359365,-0.038445007,0.010458078,-0.009831192,-0.017129365,-0.07210455,-0.24305323,-0.42646176,0.023669746,0.13744922,-0.27457097
-0.37395158,-0.18991874,-0.4626122,-0.014554184,0.33576977,0.087976545,0.074226856,-0.69521815,0.13226308,-0.043445643,-0.19610049,-0.53185326,-0.00061707525,0.42770264,0.19955643,-0.54589057,0.108753525,0.23034395,0.7895028,0.05273109,0.008242319,0.054355517,0.7291297,-0.47696227,0.29267767,-0.26437554,0.05345699,-0.0026584766,-0.11416564,-0.16245109,-0.43611932,0.0012404791,0.0,-0.787616,-0.041586116,-0.011738873,0.0029954156,0.03157085,-0.41865382,0.025037061,-0.049819693,-0.0050807097,-0.19562575,-0.24445978
-0.27604693,0.6709541,0.29374263,0.0031335047,0.4045784,0.09081207,-0.20063594,-0.17005023,-0.046162505,-0.042368203,0.34691975,0.18130474,-0.31786522,0.041795585,0.023158707,0.7417152,-0.06663361,0.34514445,0.9228547,0.05192113,0.01080275,-0.5063766,-0.71617687,0.10850071,-0.1477308,-0.37973198,0.0633356,0.14869753,0.023242861,0.30123812,-0.2955327,0.00039921975,0.0,-0.034727555,-0.025579752,0.0020894548,-0.00056095095,-0.019662948,0.121126935,-0.21977793,-0.26596656,0.07069213,-0.12663077,0.28056356
0.32419363,-0.31615007,0.011217743,-0.0124577,-0.26635572,0.076584116,0.22765756,-0.3605275,-0.08141997,0.1456257,-0.22416833,0.25072068,-0.14835665,0.5148016,0.07578852,-0.06330145,-0.024862025,-0.47590724,-0.30404323,0.14877294,0.01637711,0.31298724,-0.96435595,0.11471473,-0.12998879,-0.14266284,0.063872695,0.00049269147,0.048114207,-0.09314583,0.76769024,0.00039921975,0.0,-0.011114563,-0.03312082,0.0067086285,-0.001241345,-0.029805146,0.13780808,-0.15586804,0.1065046,-0.058940344,0.18811579,0.24372941
-0.2924321,-0.24133419,-0.48507792,-0.004799485,-0.16601528,0.1458512,0.11435942,-0.25583237,0.14569159,0.022524532,-0.22261511,-0.30549765,-0.20254114,0.33052996,0.024642382,-0.31200203,-0.01919537,0.22252451,0.5310639,0.040085558,0.008718476,0.43118507,-1.15641,0.043542914,-0.2049119,-0.18568195,-0.08170994,-0.0072249416,0.03873129,-0.006761496,-0.10643051,0.0012404791,0.0,-0.122235484,-0.10323063,-0.04505726,-0.001241345,-0.07433565,0.11523208,-0.24546874,0.23517902,-0.102090016,-0.079207875,-0.31423515
-0.18775964,-0.34501883,0.015126208,-0.024487125,0.41281903,0.06264662,0.07948141,-0.60600245,0.2753628,-0.08361096,-0.39890844,-0.31643367,0.10101332,-1.0199882,-0.1054555,-0.39609328,-0.056956902,-0.15711167,0.797512,0.06359106,0.004778997,-0.0778917,0.42922813,-0.40310508,-0.20542543,-0.25519773,-0.07671723,-0.041346863,0.15977281,-0.02394366,-0.3081885,-0.011950837,0.0,-0.08195854,-0.0116971005,-0.008134686,0.0024026225,0.038586166,-0.25630397,0.13686909,-0.21134838,-0.035681345,-0.14458051,-0.18080431
-0.19583571,-0.1893305,-0.40150726,0.0032906306,0.34762713,-0.25163168,-0.067522265,-0.4819965,-0.053743273,-0.046770144,-0.16189213,0.16882123,0.29355925,0.0060258117,0.033665054,0.032510523,-0.2378524,0.41034862,0.97290736,0.09609013,0.007973125,-0.098950766,-1.1057603,0.16316509,-0.19009723,-0.37471503,0.058184285,0.034358814,-0.08441204,-0.19135065,-0.22416843,0.00039921975,0.0,-0.039822858,-0.026896713,0.007193239,-0.0005774253,0.009891167,-0.017563635,0.13905025,-0.3270076,0.029810749,-0.26850867,-0.26577547
0.047730457,-0.22521001,0.017716654,-0.00908919,-0.1053838,0.11702772,-0.13453777,-0.20473018,-0.071438074,0.058428023,-0.39112464,-0.18155164,-0.079134025,-0.1519901,0.08704721,-0.102438994,-0.012208338,0.47203827,-0.3785477,0.10223378,0.01768022,0.208719,-0.99474716,-0.012506962,0.13766265,-0.3499424,-0.096708536,0.0127258,0.100733265,-0.056551605,0.2585642,0.00039921975,0.0,-0.04419513,0.01686827,0.0016655466,-0.0031920893,0.20115195,0.14603801,0.140435,-0.10830982,-0.024432318,-0.01160194,-0.22367224
0.22078873,-0.7719156,-0.08356346,0.002742926,0.31464982,0.037258934,-0.42388603,0.10523817,0.13658799,-0.13237664,0.29808158,0.24882057,-0.2855015,0.011168212,0.08335687,-0.10699827,0.0837291,-0.22645569,0.7961772,-0.17323233,0.011098501,0.15704961,0.8330594,0.11577242,0.11028527,0.16877775,0.005224366,-0.0046237176,-0.14741571,-0.18447535,-0.38631728,0.0012404791,0.0,-0.7146494,-0.10080436,0.020549301,-0.000873172,-0.014977336,-0.08051455,-0.02462325,0.069065794,-0.028923335,-0.13883063,-0.2327046
-0.2686362,-0.18676478,-0.1036359,-0.023633687,0.30392277,-0.4253052,0.07520242,-0.20840198,-0.06630304,-0.071478166,-0.64879775,-0.255198,0.08065885,0.25197214,0.030544404,-0.42827573,-0.014187202,0.19387375,0.64391536,-0.08363836,0.0077008824,0.0647979,-0.89577174,-0.3763309,0.28728417,-0.16766776,-0.05691861,-0.43881142,-0.09264806,0.049587023,0.46063527,0.00039921975,0.0,-0.38817436,-0.0013892404,-0.00019301681,7.869676e-07,0.02883079,-0.39995712,-0.1120214,0.038967993,0.1143342,0.1673124,0.0062400047
-0.1955172,-0.12509203,0.2119248,0.0064952215,-0.09218494,-0.29954895,-0.07533871,-0.52370524,0.16505346,0.0976111,-0.25886407,-0.17222328,-0.216135,-0.9339859,0.07804495,-0.24921682,-0.21694945,0.26312837,-0.2562627,0.009240113,0.009904329,0.015849883,-0.93736833,-0.11196382,0.12794147,0.44165117,-0.05581662,0.041277792,-0.14709227,0.014873792,-0.45399123,0.0012404791,0.0,-0.7644644,-0.03704075,-0.010204343,-0.007037035,-0.07401082,-0.18278803,-0.09261148,0.15699252,-0.054305386,0.070909694,-0.24153064
0.04353665,-0.53503704,-0.096438594,0.0046727643,-0.8131437,-0.3326066,-0.12768516,-0.26807335,-0.062651314,0.059737876,0.8696621,-0.19142006,0.130064,-0.047520068,0.078570366,-0.22364885,-0.13085876,-0.5887511,-0.16753563,0.049815644,0.015170474,-0.39850992,-1.0635357,0.039464317,0.062123396,-0.30061263,-0.08350064,-0.032182977,-0.08404504,-0.06649379,-0.32188886,0.00039921975,0.0,-0.056116007,0.003589068,-0.0028817859,-0.001241345,-0.029503696,-0.04540673,-0.043589316,-0.20139965,-0.057047702,0.12922601,-0.24896379
0.15451598,-0.20745213,0.12821347,-0.011856514,-0.36239964,0.07555004,-0.22147413,-0.023565916,0.18573786,0.06156037,0.4515636,0.2778711,-0.14601475,-0.0012999531,-0.1364015,0.45025232,0.11673519,-0.17880604,-0.34531012,-0.002675571,0.015461375,-0.49993715,0.64740574,0.19196437,-0.14519547,0.44839433,0.11935064,0.009463062,0.035597224,-0.15563677,0.14099345,0.0012404791,0.0,0.2488545,0.0014359807,0.00045786286,-0.000873172,-0.01045265,0.14172341,-0.16766024,0.25301728,-0.005697403,0.0258758,-0.2868404
0.02815699,0.60600156,0.41178778,0.0036597624,-0.058830783,0.12089539,0.038081396,-0.28774825,-0.08315082,0.0042107743,0.31686807,-0.16557086,-0.3048758,0.2237427,0.06728075,-0.20231874,-0.21542104,-0.22776087,-0.2361854,-0.081414364,-0.15582184,-0.35526288,-1.1250178,0.007695593,-0.20246984,-0.35528508,-0.019179802,-0.20171136,-0.09428126,-0.08811382,-0.59748995,0.00039921975,0.0,-0.156413,-0.009614153,-0.004129994,-0.0009190807,-0.06999465,0.12158302,0.038153242,0.23619452,-0.030180082,0.021959078,-0.15985546
-0.36386314,-0.49914804,-0.07124467,-0.003126074,0.4221646,-0.36819667,-0.24849232,0.110261165,0.15347517,-0.11767507,-0.18683718,-0.28650743,-0.2552313,-0.038879126,0.02974082,-0.24716724,-0.2582673,-0.008914266,0.6237466,-0.02405975,0.0066302572,0.4094194,-1.2063267,-0.25549155,0.11671494,-0.24792567,-0.11508073,-0.3870411,0.07866091,-0.15847419,-0.48090273,0.0012404791,0.0,-0.5594877,-0.03038567,-0.03304063,-0.001241345,-0.06878292,-0.024048567,0.057753358,0.10845744,-0.060581155,0.001967697,-0.3001139
0.37907076,-0.146142,-0.024435628,0.003675888,-0.536593,0.02543526,-0.12885061,-0.6432096,-0.06724549,0.0154207805,-0.23706053,0.20617925,0.34798107,-0.0065343166,0.050372522,-0.19851342,-0.07327432,0.52210134,0.7460586,-0.11847829,0.009045877,-0.14700657,-1.0435418,0.08238716,0.06216484,0.30585876,0.050983917,0.05600199,0.027949993,-0.19517627,-0.21348298,0.00039921975,0.0,-0.03164122,-0.031577125,0.0063018487,-3.5549572e-05,0.010052598,0.0063687535,-0.33149898,-0.17455254,-0.039139904,0.1379268,-0.18123549
0.079448536,-0.2840349,-0.4929358,0.0007616159,-0.18961534,0.04686808,-0.20951614,0.11254871,-0.09266061,-0.09390105,-0.29075736,0.37500727,0.26494595,0.30836335,-0.12374812,-0.22103323,-0.16993782,-0.2858952,0.893057,-0.020594707,0.010160847,-0.6756678,0.50370467,-0.04903031,-0.2987858,-0.24918362,-0.19924802,-0.4682707,-0.078057036,-0.019791452,-0.40308377,0.00039921975,0.0,-0.09345943,-0.032873873,0.022900954,-0.010288855,0.012143346,-0.083584204,-0.06543012,-0.04329295,-0.04584636,0.19405434,-0.0148775745
0.3794537,-0.28186247,-0.23926437,-0.011806123,-0.20703891,0.09636468,-0.26522705,0.19451654,0.1618658,-0.19923021,-0.22981158,0.23344132,-0.35972247,0.21336111,1.8364517e-05,-0.09361311,-0.28708655,-0.12718719,-0.36370423,-0.03597356,0.016073173,-0.6860159,-0.96493554,0.17030148,-0.17408417,-0.2484383,0.21291596,0.11508379,0.033967372,0.28671777,-0.0756227,0.0012404791,0.0,-0.10512805,-0.011385091,0.0028132363,-0.0013471262,-0.03440688,0.04099653,-0.19323058,-0.09670229,-0.040119324,0.19309127,0.12089898
-0.19122551,-0.23207371,0.0541779,0.004200153,0.33438718,0.0681109,-0.023402156,0.45066163,-0.088785544,0.07369888,-0.41049322,0.12475052,-0.48549658,-0.26156807,0.045567013,0.080673724,0.04860505,0.24873827,-0.45230904,0.014873154,0.008606313,0.26089564,-0.9969733,-0.033529192,0.13321874,-0.36196145,-0.036568586,-0.30367395,-0.096855134,-0.44546258,-0.50188136,0.00039921975,0.0,-0.12316815,-0.026126131,0.010620695,-0.0009190807,-0.045406897,-0.106788166,-0.0939742,-0.12008187,-0.09565092,-0.20018159,-0.35746074
0.048043855,-0.38200462,-0.4891541,-0.0124453055,0.37456894,0.050004885,0.19508098,-0.66521287,0.17938153,0.029074296,-0.20770471,-0.17250107,-0.20170173,-0.0053624995,0.05774013,-0.24639253,-0.0644953,-0.16957915,-0.19006549,-0.07807655,0.013176314,-0.2741504,-1.2429225,0.028391652,0.08933346,0.27284563,-0.0833953,-0.3247806,0.01926119,0.2496899,-0.11317923,0.0012404791,0.0,0.16865157,-0.061527696,-0.031870257,-0.010053669,-0.06259577,-0.17803918,-0.36695307,-0.13128434,-0.070025824,0.13928103,0.23489867
-0.01810672,-0.28140283,-0.5192031,-0.00014782831,0.26990482,0.044968043,-0.027703444,-0.65244436,-0.07394616,-0.2512138,-0.31136724,-0.15308759,-0.11278641,-0.12521616,0.06670571,-0.20373577,-0.124720275,0.3708063,-0.26447183,-0.004809216,0.017868735,-0.036038462,-1.2261536,0.11684294,0.095452935,0.43504632,0.021126524,0.13674459,-0.08058275,-0.14969772,0.35825285,0.00039921975,0.0,-0.0023583001,0.034027066,-0.0044803605,-3.5549572e-05,-0.06293804,0.15159072,0.14140427,0.011617515,-0.016578786,-0.19315161,-0.38753012
-0.24457352,0.56284136,0.16916977,0.007630987,0.4037093,0.050043102,-0.2579013,0.020785572,0.18515313,-0.13328797,-0.37954757,0.18804204,0.22128132,-1.570668,-0.1939176,0.33231923,0.034520146,-0.11331294,-0.5202107,-0.09983922,0.011684043,0.36886394,0.37710106,0.001338616,0.100053675,-0.2928228,-0.1579647,0.10576319,-0.0944945,-0.17511368,-0.32072708,0.0012404791,0.0,-0.5844654,-0.019025298,-0.0010429604,-0.0012861483,0.009130177,-0.08596283,-0.08889398,-0.06840269,-0.018291418,-0.3373057,-0.11631198
-0.10778941,-0.13462141,0.08030174,-0.0027733645,-0.14691044,0.06135289,0.02181895,-0.5316019,-0.07276965,-0.02451802,-0.27012274,-0.25528568,0.050328698,-0.99489063,0.20353778,-0.50106835,0.009816252,-0.07090659,-0.42466426,-0.14387327,0.008795252,0.121002614,0.38387394,-0.35184312,0.12157931,-0.256985,-0.02202404,-0.359313,-0.0021557715,-0.56325454,-0.44830713,0.00039921975,0.0,-0.11148688,-0.008898791,-0.0033983358,0.0024026225,0.05756094,-0.49762148,-0.30141476,0.12588058,-0.007522894,-0.20993765,-0.32234508
-0.23603594,-0.25666386,-0.26695728,-0.00036218925,-0.31743637,0.115893625,0.1659061,-0.74415034,-0.052027885,-0.16568388,-0.2427346,-0.3709238,-0.052590944,0.28296357,-0.29824013,-0.22391725,-0.14153333,0.46693692,-0.29324427,0.094913565,0.016964488,0.013285732,0.5038849,-0.06555649,0.19339295,-0.3874147,0.04801284,0.076784134,-0.0041355756,0.18745999,0.27876976,0.00039921975,0.0,-0.07835074,-0.010633262,0.0011911148,-0.00023895875,0.11248356,0.1053533,-0.3253467,-0.08704131,-0.014667474,-0.13996717,0.19949938
-0.26542908,-0.3231053,-0.35935932,0.0027027477,-0.31600085,-0.39869267,0.063149,-0.5403448,-0.060632523,-0.005334815,-0.30100247,-0.34069,0.16335563,-0.029126318,0.23175077,-0.35616356,-0.21466643,0.409819,-0.30237272,-0.12784953,0.018819336,0.19421996,0.65066266,-0.16166912,-0.21161611,-0.4438342,0.10770999,0.096263014,0.015166411,0.2594384,-0.3584613,0.00039921975,0.0,-0.032758635,-0.016592175,0.011617507,-0.002982408,-0.07003707,-0.1470626,-0.21978211,-0.078296386,-0.018458579,0.03334817,0.111162476
-0.16203502,0.6672931,-0.19485758,-0.0013021971,0.5110516,0.03807855,0.050764978,-0.8849017,-0.0708071,-0.1577474,0.17313947,-0.3757736,0.072047755,-0.054055333,-0.29784903,-0.08867162,-0.08725004,-0.52573484,-0.32481042,-0.051261816,-0.11913309,0.16638944,0.47376895,-0.05673381,0.10584055,-0.41321236,-0.03752886,-0.15350218,-0.12495131,-0.48170075,-0.36153254,0.00039921975,0.0,-0.18162228,-0.033721477,-0.00344048,0.008415032,0.046783593,-0.16641568,-0.14105079,-0.08258466,-0.024325576,-0.2127716,-0.18045105
0.2594878,-0.19786233,-0.22460188,0.005115148,0.48591742,-0.2770795,-0.07147597,-0.85155106,-0.056480993,-0.07069381,0.20924672,0.24226543,0.29272658,0.40516204,0.053371646,-0.03152638,-0.11489553,-0.2369148,-0.36444026,-0.01716585,0.017952073,-0.1281934,-1.1460807,0.061931394,0.15618888,-0.33761087,-0.09422532,-0.021517089,0.04757505,-0.17724192,-0.40299684,0.00039921975,0.0,0.009242333,-0.0036058328,0.016338347,-0.001241345,-0.026605008,0.13954654,0.26144737,-0.03270109,-0.03860915,0.1468618,0.022142675
-0.0848153,-0.19615199,-0.10552169,-0.017092891,-0.4723534,-0.39203745,0.12628746,0.18159206,-0.07567503,-0.19330275,-0.7531565,-0.121430814,-0.02617035,-0.7024442,0.08309018,-0.042464428,-0.21849203,-0.62561095,-0.20492366,0.2489171,0.0140012335,-0.24686994,-0.6641416,-0.22928673,0.09354236,0.32742754,0.012129247,0.108860314,-0.0338384,-0.4322888,0.47277305,0.00039921975,0.0,-0.0738284,0.002165032,0.0017362072,-0.007037035,-0.052656032,-0.1988033,-0.2965581,0.19990253,-0.024720699,0.013833342,-0.009473493
-0.2520642,-0.3126423,-0.005044704,0.01667651,-0.7245227,-0.34091115,-0.10611469,-0.5555558,0.14876795,-0.06704783,-0.21644089,-0.2798733,-0.019866556,-1.3045925,-0.22828117,-0.31135362,-0.12642169,0.19583519,-0.31433073,0.019573877,0.010673888,0.14277853,0.43884036,-0.009614064,-0.24207327,-0.37402952,0.1469233,0.0906693,-0.0081210695,0.2675118,-0.1220482,0.0012404791,0.0,0.06975063,-0.059697784,-0.016213877,-0.0032154778,-0.07136899,-0.14618213,-0.2151721,-0.32030207,-0.055873677,0.06877631,0.18297683
0.23629564,0.6209163,0.12362995,-0.00079523865,0.4560659,0.026953122,0.044704773,-0.57141757,-0.05818453,-0.069504105,0.3281651,0.31958058,-0.33050752,-1.0509455,-0.08180736,0.49168867,-0.06621159,-0.17585564,1.0083317,-0.018761246,-0.06598976,0.22184478,0.59998184,0.3856405,-0.12812273,0.3745133,0.1640602,0.18082231,-0.05475411,0.6730321,-0.37186107,0.00039921975,0.0,-0.052733846,-0.015242969,-0.0002473749,-0.0012066694,0.0060246433,0.089855425,0.3168039,-0.047802452,-0.009705967,0.13800989,0.2538797
-0.22394294,0.5799321,-0.016987437,0.0005714195,0.4030978,-0.28667825,0.016000133,-0.611495,0.17156188,-0.12968546,-0.21779312,-0.25426942,-0.19212057,0.0049145827,-0.26521152,-0.16953517,-0.24348171,0.024982408,-0.3146434,-0.033733264,0.0052610207,-0.4847088,0.51030326,-0.5394414,-0.16078754,0.5055436,-0.007884779,-0.015040416,-0.049853794,-0.05155853,-0.42763177,0.0012404791,0.0,-0.8348354,-0.02816848,-0.012853738,-0.000873172,-0.074570104,0.08312252,-0.32095638,-0.24395186,-0.06938674,0.057597294,-0.15337189
-0.20513345,0.59967023,0.14382006,0.0039924504,0.44522533,-0.26868892,0.04331062,-0.3190538,-0.061225135,0.02331607,-0.7821849,0.110005826,0.3551011,-1.0894861,0.030609192,-0.2224139,-0.15849306,0.15334606,-0.27934843,0.0016750544,0.01902151,-0.3380124,-0.71433944,0.12301172,0.09516641,-0.35096166,0.07084898,0.07099039,0.017564025,0.18774995,-0.24811156,0.00039921975,0.0,-0.014256586,-0.02365392,0.00010505994,-0.0012248707,-0.020948283,0.10273597,-0.25062856,-0.33080205,-0.022447353,-0.2560722,0.232664
-0.21498054,-0.18078612,-0.34238452,-0.017327063,0.24461758,-0.43911055,0.16433552,0.122388184,0.15546411,-0.16716501,0.3062655,-0.18713863,-0.18373454,-1.1152849,0.006920634,-0.25930816,-0.031531557,0.21512538,-0.3281069,-0.011441702,0.012769461,0.28257084,-1.0679873,0.04286438,0.10473432,0.26630685,-0.12541452,-0.07243313,0.010204843,0.3072048,-0.21609338,0.0012404791,0.0,-0.15212232,-0.037784543,-0.02505865,-0.010053669,-0.074081846,-0.16991681,-0.2374429,-0.028124401,-0.054615747,-0.011945762,0.18138723
0.03542321,-0.34109613,-0.36466122,0.0036959918,-0.8750288,-0.22487633,-0.16116056,-0.46386737,-0.06252398,-0.080451936,-0.22497101,-0.24317217,-0.34182754,0.3769794,0.06885959,-0.16697988,-0.2582522,0.31961426,-0.1808593,-0.085862115,0.014132144,0.14212625,-1.2432588,0.016935702,-0.1542923,0.27396807,-0.07303767,-0.0657797,-0.11726176,-0.14455396,-0.57500803,0.00039921975,0.0,-0.061611902,0.03264229,0.0037194006,-0.001141558,-0.04939653,0.045748107,-0.06099812,0.039437994,-0.034452863,0.19873372,0.2252225
-0.37261513,-0.27819672,-0.23398435,-0.007826111,0.40158293,-0.45587108,0.11644227,0.48727158,-0.075263135,-0.0406519,-0.3746002,-0.32399768,-0.11706709,0.48776078,-0.2552427,-0.15625487,-0.136931,0.3306117,-0.39856714,-0.16359657,0.010122723,-0.6155662,0.62135637,-0.032486092,0.33038867,-0.45551336,0.021474432,0.044951335,-0.0769313,-0.121942766,0.2872361,0.00039921975,0.0,-0.023480557,0.007868221,0.0015146101,-0.000712824,-0.10111035,0.114062384,-0.013758969,-0.0019903341,-0.0035990172,0.065356985,-0.4003149
0.0556425,-0.2520956,0.16019946,0.0033927492,-0.15671235,-0.28067118,0.012895552,-0.44798443,-0.079727545,-0.14163405,-0.80879647,0.23636496,-0.43117607,0.56290764,0.010440042,-0.06298686,0.060080577,0.4546226,-0.3498439,-0.087578826,0.01812448,0.1727058,-1.1210529,-0.07757654,0.15466172,-0.2847367,0.016393773,-0.27692682,-0.0014282465,-0.03026906,-0.566205,0.00039921975,0.0,0.0033438986,-0.03615765,-0.0009960283,-0.00025516097,-0.035948616,0.09012837,0.21178386,-0.050963357,-0.10349646,0.044100504,-0.021837104
-0.17709051,0.36274213,-0.33442792,0.0029838914,-0.5678884,0.07071455,0.021753723,-0.58897245,-0.06322758,0.112412676,-0.18143706,-0.12525246,-0.3714841,-0.8452197,0.059105195,-0.18710467,0.11027795,0.5231736,-0.22189602,-0.035847444,0.0123202065,-0.3044405,-0.6073124,-0.18024872,-0.058802504,-0.2858568,-0.015449742,-0.3703566,-0.099718496,-0.5710812,-0.5037502,0.00039921975,0.0,-0.04690667,0.0063789124,-0.005624565,-0.0005774253,-0.046383828,0.041576628,-0.07503768,-0.13682014,-0.042845838,-0.035016797,-0.11600011
0.24522176,-0.21336713,-0.012533825,0.0037657868,0.22309458,0.062699586,0.10734499,0.06566706,0.14272071,-0.06680993,0.71695906,0.21427758,-0.3550204,-0.88619727,0.016338218,0.4411517,-0.21804099,-0.67079574,1.0718565,-0.07154762,0.004756931,0.35681838,-1.0529891,0.076009534,0.11128991,0.16473153,-0.08288345,-0.097067215,-0.1339069,-0.18487641,-0.29959193,0.0012404791,0.0,-0.57315165,-0.041889768,0.020654084,0.0018750757,-0.033806544,-0.11080238,-0.098184034,0.0022307355,-0.024069494,0.14958118,-0.38273588
-0.14464751,-0.057783995,0.26502144,0.00014227442,-0.86452067,0.07516459,-0.14158437,-0.5961856,0.1581799,0.0059522092,-0.17451021,-0.22482015,-0.036311768,0.44601357,-0.17462607,-0.06251646,-0.091669925,0.38562468,-0.2832275,-0.08347846,-0.12337072,-0.3975754,0.50176626,-0.196081,0.15113974,-0.42280486,-0.016315686,-0.04187398,0.11975528,-0.54002655,-0.043728493,0.0012404791,0.0,-0.14482097,-0.074739166,-0.018125568,-0.0028510902,-0.0521695,-0.12912108,0.2859586,-0.05104412,-0.04608152,0.046809126,-0.058404665
-0.19775602,-0.13300262,-0.10734587,-0.0004397931,0.34966013,0.063770324,-0.23448732,0.08116057,-0.06716014,-0.032527816,-0.21514246,-0.1611222,0.24842258,-0.6411418,0.04855494,-0.31575274,-0.22145358,-0.014988316,0.4272213,-0.002606195,0.006261863,-0.19255187,-0.7249923,-0.09550553,-0.21190612,-0.3133903,-0.049354024,-0.019022927,0.0023848733,-0.2562598,-0.25696716,0.00039921975,0.0,-0.14985184,-0.0076955445,-0.008361363,-0.0009190807,-0.08626008,0.16105255,-0.27593413,-0.19769192,-0.08513702,0.09866853,-0.021294085
-0.079826,-0.08806977,-0.081105925,-0.0043279016,0.12338409,0.060671855,-0.042797435,-0.9036296,-0.06828524,-0.21014564,0.18123806,-0.18426609,-0.32443166,-1.1219287,-0.28331542,-0.2760707,-0.12697195,0.5372734,-0.27855986,0.013690168,0.0100690555,-0.30231735,0.3622722,-0.30791053,0.107732505,-0.31884253,-0.025318433,-0.03511198,-0.14759405,-0.11129121,-0.38833958,0.00039921975,0.0,-0.029122157,-0.002548363,0.00160625,0.0019451083,0.018603388,-0.15522172,0.00481923,-0.22529468,-0.056830388,0.04792494,-0.048017655
-0.18168622,-0.12101595,-0.18920197,0.0027068951,-0.05577885,0.03967566,-0.007828519,-0.5740008,-0.07459168,-0.017551765,-0.86568666,0.14566952,0.40560582,-1.009479,0.091470055,0.4728773,-0.1330895,-0.13348407,-0.47007626,-0.0647325,0.017389784,-0.4517696,0.5052506,0.34963456,0.120971344,-0.3667729,0.13655837,0.112132,0.023386136,0.18240836,-0.38916013,0.00039921975,0.0,-0.06450038,-0.05390695,0.0020278536,-0.0013767437,0.0085184295,-0.094694525,-0.24293111,-0.30579057,-0.027000662,-0.28159323,-0.3883799
-0.09452398,-0.15499929,-0.28412738,-0.0007515925,0.22839488,0.13894552,0.09495444,-0.21616471,0.19302878,0.22770393,-0.18912059,-0.22189914,-0.10943869,0.36243767,0.05435497,0.025458863,0.08296604,0.35334054,-0.16223499,0.047967475,-0.109197944,-0.04954794,-1.0246645,-0.033730123,0.18798563,-0.22341251,-0.056540698,-0.046050463,0.036791574,0.019515395,0.029528063,0.0012404791,0.0,0.2680361,0.058132425,0.030017376,-0.0005774253,0.26425847,0.19866921,-0.19051553,-0.07846779,0.2949705,0.18055958,0.088207655
0.35637075,-0.23194234,-0.23646033,0.0075578857,0.082305685,0.094292134,-0.09953425,-0.7883281,-0.06540909,0.018472932,0.22804502,0.41996163,0.2776523,0.09275189,-0.16520737,-0.07190324,-0.04971648,-0.19596073,1.151396,0.110737346,0.010650657,0.58190286,0.6571295,0.15940937,0.14797279,-0.22771119,-0.12465741,-0.0073768534,-0.07930758,-0.23464039,-0.26791045,0.00039921975,0.0,-0.0035145965,-0.042551134,0.020111233,-0.0013767437,0.04355474,0.08774592,0.022288198,0.022889763,-0.08061676,0.14909562,0.09719538
-0.45763952,-0.24078374,-0.31885007,0.0033342536,-0.35018948,-0.4088119,-0.13677904,0.3773583,0.14704369,0.011155712,-0.3383869,-0.2402907,-0.026049882,-0.11349712,0.0004898301,-0.43266714,-0.28772232,0.26740265,-0.32317498,0.013625256,0.008613492,0.33126393,-1.1143582,-0.19025892,-0.31132278,0.47985002,-0.02175588,-0.017052814,-0.029150678,-0.06501802,-0.5319532,0.0012404791,0.0,-0.82549953,0.03439593,-0.0033393337,-0.00021603092,0.07488357,-0.4768867,-0.257638,-0.20131868,0.10934199,-0.028014487,-0.056424588
0.28515744,-0.2047833,0.16960493,-0.009375389,0.38298446,0.06400671,0.2069815,-0.21403657,-0.053999927,-0.06907012,0.29257414,0.2907376,-0.24630941,0.25015345,0.035434004,0.7834884,-0.05621405,-0.14140429,0.99870944,0.035381448,0.011885567,-0.08641493,-0.9627384,0.18728127,0.18750826,-0.29132575,0.15405107,0.15337667,0.01760182,0.41296303,0.35333842,0.00039921975,0.0,-0.06586074,-0.013727996,0.002997558,-0.0012248707,-0.008770238,0.054653324,-0.21505359,0.025800284,-0.01016217,0.23046385,0.34249362
0.17165898,-0.15447761,-0.24502769,0.0041109608,0.05974846,0.05196892,-0.026549842,-0.43053105,-0.082027905,-0.09059894,-0.19532701,0.12358654,-0.36900035,-0.77756786,0.032602873,0.7069776,0.00998218,-0.2601888,-0.46339744,-0.10512741,-0.11765601,-0.39211062,-0.7511156,0.07494844,-0.060708407,0.33733547,-0.11846805,0.03631829,0.031353053,-0.1487394,-0.4006975,0.00039921975,0.0,-0.04813643,-0.03531915,0.015366789,-0.0006994693,-0.039952483,-0.13438158,-0.25906488,-0.19351004,-0.026840288,0.12888952,-0.2780963
-0.27476603,-0.1577973,-0.5469317,-0.009924366,-0.102786236,0.057171304,0.021429721,-0.74396163,-0.047123894,-0.12080765,0.85051304,-0.27162543,0.10823652,-1.1808382,-0.32379153,-0.33852917,0.12788162,0.3132286,-0.32021776,0.026851729,0.012823131,0.29765922,0.4410283,-0.36452731,-0.15441479,0.41996914,-0.10872955,-0.08295667,0.0015784802,-0.25425804,-0.4407532,0.00039921975,0.0,-0.03991115,0.036313735,0.008980887,0.00018939504,0.033213206,0.14765078,-0.35517803,-0.12131509,-0.051414512,-0.03708202,0.12000094
-0.09329452,-0.26268733,0.092575654,0.0027062201,0.19367106,-0.26693833,0.12411211,-0.14333713,-0.07020637,0.26960748,-0.2854631,0.34952843,-0.34583244,0.11368661,-0.12186208,-0.021672845,0.22687088,-0.11789892,0.9453979,0.14128739,0.009615985,0.013967318,0.7589125,0.124111705,-0.15892008,-0.3423561,-0.05934217,0.015406126,0.047399588,-0.15231183,-0.29665023,0.00039921975,0.0,-0.031564303,-0.035520352,0.011273315,-0.0014174661,0.021562362,0.0012634383,-0.21547668,-0.01122937,0.004866485,-0.049085,0.17422692
-0.28383353,0.748017,-0.45605168,0.0038893349,-0.21273997,-0.5612281,0.04623001,0.46561378,-0.07691818,-0.09136524,-0.84763765,-0.22939667,0.094446816,-0.070769556,0.01703214,-0.27716804,-0.047849197,0.27358064,-0.2863016,-0.015592102,0.017193649,-0.44347602,-0.88687474,0.02203156,0.13067481,-0.2171294,-0.0076225265,0.093281776,0.02057325,-0.12955272,-0.42281714,0.00039921975,0.0,-0.029126043,0.010856183,-0.0006756029,-0.010153457,-0.050866473,-0.1300232,-0.1894739,-0.17487244,-0.04308785,0.024855157,-0.31994838
-0.23637953,-0.4812622,-0.19573765,0.02418836,0.07624363,0.10719492,-0.3013266,-0.21047269,0.17982998,-0.09771982,-0.23651724,-0.27038226,-0.05553904,-1.2625757,-0.1932055,-0.28006902,-0.04786044,-0.17273289,0.65363437,-0.04566691,0.00588065,0.09458749,0.6016584,0.06226724,0.30751535,-0.2430232,-0.11191547,-0.03675617,-0.080746815,-0.04403321,-0.16840908,0.0012404791,0.0,-0.01724133,-0.058626577,-0.023210809,-0.0012861483,-0.080275625,0.120173916,-0.041928798,-0.113905616,-0.07155207,-0.008021319,-0.34021002
-0.23455204,-0.21995625,-0.16341962,0.004824447,0.33767292,-0.24311787,-0.16094287,-0.027654963,0.15282889,0.08550802,-0.32436097,0.19476543,-0.24335143,0.37664202,0.02900682,0.4781969,-0.2699056,0.22371109,-0.43590423,-0.0114700105,0.010346178,-0.47860777,-1.0907843,-0.011135605,-0.235184,0.4667974,-0.035063773,0.030269409,0.0551628,0.034473304,-0.43193188,0.0012404791,0.0,-0.7152378,-0.081823595,0.005921891,-3.5549572e-05,-0.048392527,-0.009317705,0.076009005,-0.15717842,-0.04039228,-0.2848229,-0.2754202
-0.055303648,-0.33920228,-0.19458224,-0.0044447677,-0.08452176,-0.47041866,0.15823603,-0.16583914,-0.07687335,-0.214465,-0.32656807,-0.28637096,-0.1082101,-0.020034421,0.26493862,-0.21716489,-0.25734848,-0.7942444,-0.30182895,0.03930825,0.0199251,-0.6035451,0.59610623,0.035833858,-0.2649907,-0.4905267,-0.09010035,0.12941912,-0.12771694,-0.109302014,0.38367534,0.00039921975,0.0,-0.083518974,-0.017649915,0.0028331126,-0.010288855,-0.06714285,-0.09187106,-0.13200167,-0.15288453,-0.018827302,0.043198325,0.18547806
-0.23862058,0.30146837,0.24427195,-0.001992635,-0.15904994,-0.42713964,0.07221175,-0.65372795,-0.05238507,-0.04250487,0.22431016,-0.21437222,-0.008239353,0.3070658,0.050962914,-0.17401898,-0.10713687,0.5331103,0.6243156,-0.09183429,-0.0821578,-0.05842328,-1.018203,-0.41610628,0.124674544,-0.30850413,-0.0885503,-0.48376045,-0.14762598,-0.60762936,0.40193424,0.00039921975,0.0,-0.013641144,0.0035870401,-0.0019368008,-0.0010495204,0.082756355,-0.08826183,-0.17146161,-0.053533975,-0.026948022,-0.28063053,-0.050854128
-0.18208924,-0.2760654,-0.19092196,-0.014924756,0.44768012,0.107134216,-0.26452288,0.12995331,-0.054162614,-0.025538286,-0.26347288,-0.29189667,-0.2030294,0.51322037,0.15888295,-0.32285425,0.13974749,0.5662722,0.65854657,-0.010303719,0.010922675,0.19888772,0.89459795,-0.24047296,0.25983608,-0.25908098,0.15724453,0.16455507,0.0041639535,0.23435442,-0.30989274,0.00039921975,0.0,-0.039937697,-0.00045132544,0.007024645,-0.002982408,-0.07393149,-0.09365955,-0.26943457,0.1899004,-0.038799416,-0.028293215,0.11244424
-0.15258572,-0.22587325,0.045335278,-0.0012975859,-0.19984634,0.1452082,0.06532822,-0.33061635,-0.07474167,0.0390263,0.42672047,-0.22363713,-0.1007826,0.29176664,0.09990728,-0.11723323,-0.16653343,-0.09475378,-0.21526472,0.086814106,0.0148138255,-0.08158712,-0.99374455,-0.04658645,-0.2679309,-0.27873188,-0.057025097,0.012794966,-0.035852477,-0.069449686,0.46643126,0.00039921975,0.0,-0.06802385,0.003930516,0.0018781496,-0.002764157,-0.059077922,-0.20639817,-0.43427724,-0.09757195,-0.014599915,-0.010651109,-0.47017217
-0.11284485,-0.17817603,-0.2764248,0.004142347,-0.21323313,0.075548664,-0.17240198,-0.2776552,-0.07404947,-0.13949713,0.31314844,-0.1986989,0.3055199,-0.08336191,0.08750474,-0.12882948,0.09052963,-0.76460797,-0.189068,-0.025336843,0.015528762,-0.29309046,-0.96955526,-0.0397152,-0.16839178,-0.3499393,-0.016345087,-0.27838513,0.011241019,-0.03689257,-0.38045448,0.00039921975,0.0,-0.12586284,-0.0061926576,-0.004129994,-0.0009190807,-0.045972887,-0.07693266,-0.20705472,-0.091619514,-0.060346086,-0.002055371,-0.17250262
-0.20053442,-0.6342383,0.095233165,0.00474965,0.04824345,0.117464356,-0.2626709,-0.20866904,-0.0686719,-0.20721453,0.77753323,-0.38592967,-0.049742952,0.22956216,-0.25336844,-0.22412413,-0.03874779,-0.27126855,-0.29053792,-0.06510488,0.015770437,0.20793034,0.6089249,-0.14501731,-0.22890455,-0.47092238,-0.09754518,0.046536166,0.053593677,-0.88634574,0.53502846,0.00039921975,0.0,-0.09209845,-0.012548145,0.0026578112,-0.01019826,-0.08516642,-0.03944652,0.34226912,-0.01969234,-0.019012738,-0.06801854,0.063420415
-0.016284198,-0.3010005,0.0999125,0.003349727,0.3682373,0.071421236,0.079881385,-0.7227119,-0.06508729,-0.22365732,-0.3014157,-0.35255504,0.10020908,-0.08232834,-0.26771665,-0.3495232,-0.26961386,-0.22002907,-0.3989531,0.17321347,0.017105222,-0.35089535,0.3459626,-0.07156979,0.16408251,-0.28927416,-0.029695133,-0.24741343,0.12979516,0.20658782,0.36106944,0.00039921975,0.0,-0.09497945,-0.019327812,0.0005300459,0.0029539175,0.062734336,-0.35598317,0.46815303,-0.17872173,0.018051539,0.06847451,0.21213
0.5759152,0.7893054,-0.3288516,0.0036740224,-0.011898228,0.18174256,0.13541655,0.72086734,0.17181556,0.06811228,-0.16823433,0.27172333,0.39664513,0.14125009,0.028672783,0.020600034,0.13212794,-0.11464909,1.145371,0.0909468,0.014572298,-0.55623126,-0.74277574,0.15627238,-0.16934016,-0.14031932,-0.102409214,0.008565318,-0.09533041,-0.0983545,-0.3329646,0.0012404791,0.0,-0.5374084,0.014679258,0.032348026,-0.0013471262,9.220862e-05,0.022009159,0.023408262,-0.01992701,-0.028559951,0.18367922,0.18337221
-0.29863766,-0.28223452,-0.122292824,-0.0024460552,-0.7814188,0.13073912,0.18877113,-0.22890775,0.12565328,-0.03792204,-0.34771565,-0.38858175,-0.0024011107,0.028030287,-0.24413078,-0.34405732,-0.23802294,0.17651497,0.65411943,-0.12490061,0.0091715865,-0.51797545,0.5084219,-0.0482033,-0.27077362,-0.3789941,0.08616995,0.076107316,-0.011182046,0.12051458,-0.3827445,0.0012404791,0.0,-0.76663786,0.014630075,-0.0011044517,-0.0013704017,0.08169897,0.011651721,-0.22974287,-0.42888406,0.036059372,-0.21884274,0.16066791
-0.17016563,-0.3141745,-0.5035575,-0.005746657,-0.10930656,0.110794075,0.102375664,0.5083465,-0.08752251,-0.096007705,0.32361025,0.19047666,-0.012821219,0.5540526,0.07728259,0.24535085,-0.107350335,-0.7447442,-0.39348614,-0.031511243,-0.19140998,-0.10027687,0.6953034,0.019732464,-0.24609038,-0.284196,-0.15156485,-0.038845897,0.026911259,-0.14855264,0.39774773,0.00039921975,0.0,-0.18764935,-0.016163805,0.0051211473,-0.0013767437,0.006479,-0.043321848,-0.13741226,0.11228155,-0.04185305,-0.2749697,-0.30152446
0.108172566,0.42490792,-0.5173266,-0.0002662472,-0.5312829,0.08223436,-0.20583534,0.22968099,0.15124817,0.03709881,-0.23664741,-0.12357611,-0.08101968,-0.7187075,0.016267784,-0.11211333,-0.2199657,-0.11789482,-0.14888774,-0.06581333,0.016791916,-0.37509263,-0.5578324,-0.03613327,-0.2078807,-0.15586533,-0.078809574,-0.31261134,0.017788868,0.09735048,-0.11273459,0.0012404791,0.0,-0.04562249,0.04337338,0.016200665,-0.00073119625,0.122600846,0.07425684,0.20380247,-0.094349936,0.17170298,0.03085272,0.066770494
0.10051111,-0.29675123,-0.05993927,-0.0030511296,0.31599593,0.033786368,0.03094986,0.067019284,0.17496693,0.05479257,-0.3889282,0.2580727,-0.28854832,-1.5718267,-0.20178315,-0.14450431,-0.13305858,0.007470519,-0.53312033,0.04938375,0.010366591,0.48338673,0.44539604,0.04727385,-0.20571646,-0.26386708,0.00043016393,-0.0014123963,-0.011755122,-0.21937107,-0.29603085,0.0012404791,0.0,-0.7142104,0.0066483906,0.0062013436,-0.0012861483,-0.02395904,0.12690283,-0.21392906,-0.114210874,-0.0064287432,0.019619917,-0.3529731
0.09947523,-0.2608452,-0.13966003,0.0031301428,-0.28527185,-0.48078427,-0.16180626,0.093843974,-0.08326785,-0.0947027,0.35232195,-0.30263227,0.029925583,-0.08653845,0.2598922,-0.420468,0.056464415,-0.28572953,-0.383464,-0.079809405,0.01493766,-0.06262594,0.6492068,-0.023689285,0.1557657,-0.41533008,-0.09018919,0.04264128,0.014104026,-0.081831135,-0.41255838,0.00039921975,0.0,-0.08293299,0.01449853,-0.0053665205,0.0090078255,0.029264195,-0.3055225,-0.26574472,-0.06783491,-0.048384454,-0.01327618,-0.13853216
-0.1537708,-0.21065435,0.19016069,-0.024628757,-0.068694584,-0.35146672,0.098756686,-0.11817904,-0.057455633,0.0853311,-0.24943772,0.2769253,-0.02058378,0.44267392,0.161685,0.6916017,0.05754198,0.3363617,1.1523633,-0.02600463,-0.12509677,-0.42026356,0.6610851,0.10081058,-0.287916,-0.43490964,0.07068874,0.06173218,0.04173311,-0.12128373,0.4352765,0.00039921975,0.0,-0.16899034,-0.029455999,0.0041973777,-0.0012861483,0.020852415,-0.08789114,-0.12533586,-0.14367598,-0.03401373,-0.24507926,-0.21808068
-0.22338192,-0.19840094,0.28422812,0.0044161915,0.31799504,0.08087221,0.09557867,-0.27543184,-0.051244084,-0.02118407,0.32627705,-0.21109658,-0.0093077235,-0.7444234,0.071265176,-0.39258593,-0.21161482,-0.51704,0.566446,-0.19817269,0.004647881,0.096885376,-0.81699675,-0.11379747,-0.20545578,-0.2799005,-0.0628975,-0.34205347,-0.09869273,-0.53283197,-0.41039422,0.00039921975,0.0,-0.10652709,0.004104223,-0.0064629177,0.0060131964,0.104366526,-0.34159446,-0.095134385,-0.0044250223,-0.08987324,-0.32649195,-0.111183174
-0.105308205,-0.37426612,-0.52035105,0.0051246933,-0.9031545,0.07242333,0.06839717,-0.29593018,-0.058306653,-0.20963383,0.30047032,-0.1604693,-0.34654063,-0.01641334,0.061750606,-0.2645394,-0.1260723,-0.022338029,-0.20520769,-0.24043415,-0.18532118,-0.22496675,-1.0952771,-0.30628064,-0.11652797,0.25096115,-0.056104746,-0.31305686,0.045907594,-0.0142124295,-0.52316743,0.00039921975,0.0,-0.09931702,0.013420962,-0.0054321704,0.0074689332,0.035977907,-0.3117629,0.31248844,0.16783352,-0.08394249,-0.14519219,0.11349189
0.24712132,-0.6732455,-0.12458801,0.0044295685,0.12986904,0.072973534,0.060745176,-0.44907695,-0.060716942,-0.025381979,0.26307264,0.2809923,0.37121105,0.23265219,0.06564799,-0.027223362,-0.21659341,-0.1514593,-0.39731684,0.032129794,0.021537976,-0.116549395,-1.406868,0.14011975,-0.21461302,-0.3337344,0.14304328,0.15111792,0.033001777,0.42679158,-0.48170158,0.00039921975,0.0,-0.06743477,-0.034673426,0.010267804,-0.0013471262,-0.01801654,0.095956,-0.1995504,-0.053025406,-0.013699282,-0.02953753,0.43005413
-0.23773263,-0.14558172,-0.0043908246,0.0032312311,-0.50446063,-0.19636256,-0.1220327,-0.100914694,-0.0808184,-0.075637154,-0.36397582,0.26785904,0.24592984,-0.07208995,-0.11061408,0.12002861,-0.16668996,0.3320211,-0.3999994,-0.04450728,-0.10460015,-0.030077126,0.5799257,-0.21274118,-0.4031372,-0.42408174,-0.092564404,-0.27778697,0.027313903,-0.59673166,-0.29713607,0.00039921975,0.0,-0.100410484,-0.036955155,0.0013202019,-0.0006702183,0.010746135,-0.017889526,0.003926378,0.057011418,-0.039596744,-0.34316272,-0.117844686
0.17828192,-0.2910878,0.13122687,0.0033592768,0.35029766,0.059928305,-0.18590371,0.5420636,0.18250078,-0.14658183,-0.89407665,-0.22993243,0.13030954,-0.07173404,0.09015658,-0.08031804,-0.008613658,-0.5593048,-0.3521331,-0.021902032,0.011070043,-0.46329644,-0.7885602,0.07855447,-0.33594483,0.14284468,-0.026056157,0.03257887,-0.10840683,-0.096660085,-0.48259422,0.0012404791,0.0,-0.7436973,-0.026398389,-0.01423765,0.0024910057,-0.051485144,0.08192126,-0.011996761,-0.102965936,-0.07593706,-0.048492238,-0.17112882
-0.09619398,-0.11640643,0.25426057,0.0061520394,0.014758929,0.07541927,0.12300709,-0.71333796,0.14871949,0.10970373,0.25084904,-0.24026048,0.026976174,-0.022131192,0.054658145,-0.28038025,-0.081752524,-0.15897694,0.626028,-0.06990179,-0.07224378,0.070095815,-1.0036218,-0.25664848,0.1385226,-0.3087535,-0.088637255,-0.32775,0.10518384,-0.6119963,-0.3676303,0.0012404791,0.0,-0.5544797,-0.0013421378,-0.005295884,-0.009831192,0.09430961,-0.19659345,0.12907666,-0.02604479,0.14895488,-0.061491493,-0.25492537
-0.27914912,0.4106707,-0.018789649,-0.009951292,0.39862725,-0.45988196,-0.1791335,-0.22328208,0.14281626,-0.05371562,0.27503854,-0.4486372,-0.0178662,-1.0899826,0.1884968,-0.6865004,-0.09087479,-0.029518913,-0.20335011,-0.07900139,-0.1395208,-0.10641602,0.51475275,-0.45445013,-0.17940897,-0.28911832,0.016303321,-0.11600247,-0.01640566,0.14252047,-0.46354535,0.0012404791,0.0,-0.61827147,-0.01852216,-0.005322605,0.0029539175,0.041950103,-0.55070984,-0.31768975,-0.22055487,-0.083189465,-0.2530253,0.09963699
-0.31736436,-0.31122664,0.19498645,0.0014335208,0.22010346,-0.360931,-0.15895875,-0.4879571,0.14032826,-0.036883883,-0.15428275,-0.31679207,0.09269876,0.2774413,0.08176068,-0.43304905,0.038179837,0.2317205,0.75053567,0.1052204,0.007125457,0.048765585,-1.0527465,0.027164694,-0.26751098,-0.29008684,-0.0561372,-0.009211795,-0.106838256,0.014436923,-0.48669833,0.0012404791,0.0,-0.81305605,-0.033765297,-0.025361955,-0.00025516097,-0.073749736,0.05586599,-0.023652088,-0.00085688266,-0.0833174,0.072986126,-0.15375552
-0.39269814,-0.29181647,-0.59946656,0.0036298274,-0.09468284,0.12503113,0.049526006,0.26774916,-0.06194665,0.0039475905,-0.2989547,-0.25252542,-0.25442374,0.45052359,0.1412856,-0.12781753,-0.04599312,-0.063711025,-0.2246174,0.012763402,0.014470099,-0.06333704,-0.9702123,-0.34565884,0.20887679,-0.18739673,0.09603408,0.12358516,-0.007824177,0.25859448,-0.64232516,0.00039921975,0.0,-0.08580987,-0.0066689155,-0.0016706241,0.008814029,0.16741906,-0.14823978,-0.2547844,0.013714984,-0.035597805,-0.16771732,0.2472565
-0.23078796,-0.19937927,-0.5336492,0.0043615797,0.10511227,-0.42020035,-0.13569021,0.045096163,-0.081297226,-0.08386515,-0.2894894,-0.23633651,0.22204174,0.31174728,0.06417514,-0.3093211,0.15330675,-0.06067563,-0.22120595,-0.0634196,0.014909193,-0.49923086,-0.98460066,-0.038368057,-0.21174613,-0.34664214,-0.109685875,-0.13403578,0.06322751,-0.0631015,-0.31803286,0.00039921975,0.0,-0.09285655,0.009023498,-0.010928669,-0.001241345,-0.057326168,0.15636124,0.053560574,-0.13007914,-0.055521827,-0.010830533,-0.04946792
-0.06878438,-0.22905622,0.09247034,-5.2858493e-05,-0.4057504,0.101568066,-0.14540479,-0.576563,-0.096317455,0.044613514,-0.26765764,-0.20476368,-0.11319751,0.21863076,0.07534091,-0.21253829,-0.2411112,-0.74473315,-0.18855616,-0.02342202,0.013012055,0.24230511,-0.9408863,0.021963062,-0.19283171,-0.26135695,-0.05987662,-0.118853584,0.09194201,-0.122565,0.39185512,0.00039921975,0.0,-0.14326613,0.008096047,0.010943797,-0.0009190807,-0.07236479,0.08701921,0.18820696,0.12470341,0.0039861803,0.030101327,-0.22659443
-0.06746022,0.7802867,-0.08049295,0.008938684,0.42620182,-0.15530805,0.13110845,-0.22303046,0.14427839,-0.0116182035,-0.02146689,0.2488863,-0.15114023,0.30675513,0.073678374,0.72345775,-0.21631974,-0.08504555,1.0871714,0.001568189,0.009391754,0.3038801,-1.0675972,0.015105927,-0.17384383,0.44439778,-0.018354904,0.068019375,0.016888732,-0.24264419,-0.18622184,0.0012404791,0.0,-0.4703779,-0.050221164,0.02342327,0.0018750757,-0.03459632,0.04934394,0.20517464,0.17506447,-0.0033011818,-0.033937864,0.0249897
-0.13694859,-0.18714419,-0.15477622,-0.0038759978,0.05415708,0.037365027,-0.23245564,-0.14244226,-0.04930956,-0.14970258,-0.25341493,-0.43102732,0.18152387,0.29007733,0.097495265,-0.42241272,-0.18014215,-0.32959372,0.7584386,-0.13676146,0.011652944,-0.28388447,0.5293319,-0.3390008,-0.34868312,-0.35701576,-0.105598964,-0.37467873,0.040541574,-0.57700187,-0.346764,0.00039921975,0.0,-0.070505604,-0.021984212,-0.018143298,0.0024026225,0.018103285,-0.31379738,0.32251272,-0.10311672,-0.036671955,0.035152014,-0.09906218
-0.11296731,-0.19892566,0.33771473,0.0033590354,-0.6868737,0.11671444,0.08365657,0.29002193,-0.05286233,-0.109118834,0.31665072,0.10865742,-0.41706452,-0.92027265,-0.013639238,-0.20729408,0.13122997,-0.26067662,0.647594,-0.023549076,0.008676731,-0.28282088,-0.7941736,0.074966304,-0.14616163,-0.28037286,-0.03848081,-0.066681296,-0.10642098,-0.08484267,-0.5738027,0.00039921975,0.0,-0.028772656,-0.03878817,0.011598861,-0.0009190807,-0.0306933,0.10029738,-0.038722765,-0.38163313,0.0028857565,-0.0759909,0.07722048
-0.12352061,-0.499168,-0.20495068,-7.387891e-05,-0.22954759,0.05620105,-0.116879456,-0.7219849,0.14147373,0.13389681,0.18491967,-0.17479603,-0.08318959,-0.9286797,-0.29227367,-0.0077459216,-0.1781685,0.39073968,-0.20415352,0.0015730308,0.013354156,-0.2867633,0.38357332,-0.3382036,0.10818107,-0.39056975,-0.047306582,0.013089068,0.115522,-0.39336342,-0.24413419,0.0012404791,0.0,-0.19737248,0.016793229,0.024121419,-0.0029416855,0.14044581,-0.060471043,0.23083618,-0.09136955,0.12872197,-0.0005003732,0.08581577
0.121576,-0.35639876,0.06637284,0.0070583825,-0.43810454,0.08733721,-0.020334845,-0.14110698,0.3322941,-0.006742986,-0.37655747,0.30547133,0.02146447,0.23563556,0.14700645,0.200088,-0.31599396,0.29483742,-0.54794604,-0.09579046,0.015650371,-0.044680107,0.67373425,0.03473054,-0.30137238,-0.42266467,0.06828443,0.120380685,-0.0919397,-0.23263527,-0.4804448,-0.011950837,0.0,-0.035107262,0.02452935,0.001464912,-0.0012861483,-0.0006754734,-0.15907933,0.104061686,-0.10844819,-0.0017203236,0.10303497,-0.3418755
-0.29158545,-0.34037352,0.21158504,-0.004029864,-0.8661994,-0.4997312,-0.23247111,0.5148715,0.15120086,-0.14976811,-0.17775361,-0.21338332,-0.10409656,-0.88648874,0.13309146,-0.44817057,-0.03431043,-0.13852735,0.69798017,-0.07653038,0.0069498927,0.3621575,-0.7014134,-0.23937185,0.08327218,-0.17449366,-0.05798197,-0.017556531,0.00045442313,-0.13106483,-0.47402486,0.0012404791,0.0,-0.65510005,0.0069357087,-0.013871594,-0.0035766307,0.07745434,-0.5446652,-0.22622813,0.17337197,0.1858415,-0.18960106,0.010096327
0.52458996,-0.3016618,-0.26929504,0.0022592512,0.0640953,0.026096614,-0.30960777,-0.1193386,0.1579977,-0.08258513,-0.15236023,0.41527846,0.3438962,0.33246547,0.08637633,0.5578439,-0.09105791,-0.12566003,0.9268285,0.095406234,0.013121083,-0.15034045,0.6888048,0.33497936,-0.528558,-0.27250418,0.17877817,0.15802288,0.036350906,0.38539496,-0.30561277,0.0012404791,0.0,-0.54954755,0.04071432,0.007578585,-0.00080153614,0.034796424,0.100746654,-0.16905174,0.025581993,-0.03536401,0.031750966,0.22397889
-0.35185277,-0.22747263,-0.018119724,-0.0095598325,-0.08912334,-0.55489546,-0.33788806,-0.20978986,0.15248305,-0.022383165,0.76840055,-0.52240896,0.13474667,0.2633091,-0.24373832,-0.33822778,-0.14132318,-0.20672628,0.52489275,-0.14330982,0.007950293,0.3872628,0.70618874,-0.07172988,-0.29714105,-0.4132007,-0.09127121,-0.14401902,-0.096507095,-0.03309249,-0.36512548,0.0012404791,0.0,-0.576186,-0.06113765,-0.032049865,-0.0013767437,-0.09143202,0.0684469,-0.05321742,0.09428984,-0.07274639,-0.08393769,0.0034583728
-0.2540826,0.30667108,0.4623268,0.0042878957,-0.3831716,0.07147412,0.0888362,-0.53971356,-0.0495745,-0.01846151,-0.19613767,-0.16932373,-0.29361716,-0.6544984,0.072045065,-0.1991227,-0.22064567,-0.17178138,0.3598539,-0.1140623,0.010654531,-0.06468657,-0.7996612,-0.358518,-0.13790937,0.68762237,-0.09325965,-0.23766047,0.05342861,-0.50114065,-0.38196498,0.00039921975,0.0,-0.11401269,-0.0070262854,-0.0076630367,-0.012269821,0.090693474,-0.12453215,0.36116126,-0.026066963,-0.08059131,-0.28781894,0.03703214
-0.09141592,-0.29908246,0.14129189,0.00457488,0.34392276,0.03628921,-0.15178761,-0.6930795,0.16488233,-0.11854882,-0.13458116,0.2720429,-0.24459958,0.29641327,-0.15520296,0.31098115,-0.12355679,-0.021305911,-0.43061984,0.011521492,0.013368806,-0.6636222,0.48448592,-0.026685622,-0.31238806,-0.38099378,-0.01204153,0.01069735,-0.11145431,-0.21052627,-0.4262009,0.0012404791,0.0,-0.7251189,-0.017778011,0.008339658,-0.0012861483,0.005570088,-0.037301242,0.014211463,-0.31812418,-0.022863774,-0.11837938,-0.36640018
-0.006069666,-0.3788704,-0.34498164,0.0034083675,-0.103854835,-0.525537,0.090807684,0.12955391,0.1423088,-0.0027785576,-0.27890855,-0.3079151,0.13253999,0.4306668,0.092347406,-0.34098879,-0.20892888,0.021294529,-0.27049384,-0.13833718,0.014656201,-0.122755155,-0.9640186,0.0072794096,-0.18610778,-0.3462738,0.12531883,0.12473384,0.016331257,0.21251193,-0.40585795,0.0012404791,0.0,-0.7708456,-0.04968162,-0.007711014,-0.0012248707,-0.061558805,0.08063564,-0.18585357,0.1276415,-0.05761656,0.05185014,0.12806197
-0.23296568,-0.22946529,0.056557383,0.005920563,-0.793981,0.104326725,0.062316407,-0.23942393,-0.06694522,-0.11495816,-0.3932674,-0.49495417,0.14715335,-0.08531879,-0.26206583,-0.57006985,0.13664535,0.2815581,-0.4563739,-0.10602735,0.0133087775,0.24962161,0.41285712,-0.37062788,0.15432686,-0.24205895,-0.09704952,-0.1002582,-0.012478767,0.16151139,-0.49055222,0.00039921975,0.0,-0.10373444,-0.0074248835,0.002034891,0.0029539175,0.0064727226,-0.5779365,-0.27964175,-0.15305637,-0.01770801,-0.12605,0.21249644
-0.18289721,-0.14853677,-0.3979461,0.0047311126,-0.08626086,0.08850791,-0.19353329,-0.20975637,0.17917734,0.14583023,-0.23668192,-0.27880815,-0.17405923,-0.11249463,0.08247089,-0.08190936,-0.10016922,-0.16524486,-0.23279373,-0.095925726,0.017683767,0.057943918,-1.0164099,-0.17227948,0.114866294,-0.30641556,-0.06197594,-0.2955673,0.106458336,-0.28543,-0.4392976,0.0012404791,0.0,-0.5797726,0.014707766,-0.00419281,-0.010153457,0.08150457,-0.13322979,0.09700138,-0.10846135,0.20378774,-0.09952087,-0.042812992
0.11063229,-0.24915496,0.12720127,0.00577748,0.46621788,0.055221915,-0.07703473,-0.13168395,-0.10089165,-0.01412404,-0.44995394,0.22559547,-0.417373,-1.3800766,-0.18276098,0.2884919,0.03629083,-0.17887266,-0.63453215,-0.0393623,0.009205982,0.28119686,0.41569313,-0.00067756965,0.22446145,-0.2974819,-0.17303139,-0.06557074,-0.1170101,-0.17816,-0.54497886,0.00039921975,0.0,-0.13674463,-0.029008599,0.004696334,-0.0012861483,-0.025453014,-0.046594784,-0.08740777,-0.079675816,-0.104339935,0.06720135,-0.15119112
0.082840644,-0.2580596,-0.4200648,0.004691751,-0.102013916,0.06969794,-0.07485583,-0.96005476,-0.076748304,0.025852565,0.24923235,0.18734932,-0.41597915,-0.062260155,0.038000096,0.038112685,-0.15913089,-0.20635968,-0.4218273,-0.044621587,0.018120639,-0.06357037,-1.0955706,0.058334537,0.3077658,-0.44956285,-0.020375142,0.0303885,-0.08837265,-0.24294509,-0.6410432,0.00039921975,0.0,-0.0979854,-0.026077349,0.007911181,-0.0009190807,-0.03277127,-0.06534183,0.26964134,-0.20195718,-0.06038775,0.07073862,0.0140225105
-0.19638802,0.315677,-0.45212677,-0.030111233,-0.54390186,0.06879012,0.16491129,0.18394442,-0.08806745,-0.06627306,0.29827076,-0.15785365,-0.11677406,-1.3400501,-0.3011632,-0.15935044,-0.15393063,-0.273897,-0.20328572,-0.040351104,-0.15179205,-0.43380842,0.41136566,-0.036365382,0.039188646,0.44770005,-0.07354428,0.1383964,0.020052088,-0.33463877,0.40901536,0.00039921975,0.0,-0.32440817,0.024438819,0.0018853638,-0.0012244108,-0.041499723,-0.014168375,-0.30983055,0.015593261,-0.012707435,0.011010957,-0.081822455
-0.11234316,-0.29593587,0.1725063,-0.008553498,-0.06826749,0.05819697,0.047324926,-0.5477424,-0.06990234,-0.1598287,-0.25516862,0.21082748,-0.27866697,-0.13590503,0.04200846,0.4446442,-0.08509103,-0.14786422,-0.5474147,-0.047357846,0.020183569,0.2974243,-0.85062397,0.1840873,-0.20111063,-0.3714945,0.107573226,0.11163259,0.029480543,0.40536225,0.52983755,0.00039921975,0.0,-0.055069968,-0.045510765,-0.002786487,-0.0012248707,-0.037227448,-0.014821593,-0.22222333,-0.036742583,-0.01698365,-0.36021507,0.4062606
-0.28958735,0.6197242,0.11391732,0.008715415,0.45701808,0.07537715,-0.085057385,-0.63731766,-0.073767275,0.0028633513,-0.24130392,0.118844844,0.23538081,-1.0673095,0.047865495,0.36749116,-0.15117443,0.27303508,-0.46238047,-0.12769872,-0.13931336,0.1877091,-0.6883061,0.011516794,0.18281046,-0.37206182,-0.019807719,0.037690923,-0.072995365,-0.18635789,-0.36025268,0.00039921975,0.0,-0.03083378,-0.008476562,0.00096134376,-0.00025516097,-0.036435608,-0.17159264,0.018909307,0.042520516,-0.042838637,-0.26733768,-0.38658515
-0.104259685,-0.24076852,-0.018249843,0.002651364,-1.115506,0.05803934,-0.10452289,-0.9196792,-0.065522455,-0.052303325,0.26459968,0.32420605,0.18702039,0.4692934,-0.19275112,0.20972694,-0.024724858,-0.23038341,-0.46369693,-0.046986014,0.014970761,0.20566495,0.55365986,0.11334411,-0.2547467,-0.37366107,0.020901348,0.13595037,-0.090212435,-0.24041572,-0.4537553,0.00039921975,0.0,-0.045563858,-0.034655515,-0.0012612178,-0.0013767437,0.022403574,-0.005040589,0.0012404618,-0.041113276,-0.08039493,-0.3397153,-0.36712435
-0.17188394,0.38306704,-0.23581448,-0.018350082,-0.5183562,0.086340174,0.19761539,-0.21210264,0.15083174,0.021222085,0.2007773,-0.21974781,-0.11839401,0.25418177,0.063720755,-0.05843341,-0.21701597,-0.05106203,-0.24109805,-0.03634787,0.01171034,0.1897695,-1.0564479,-0.4190578,0.10919146,-0.3563861,-0.056100294,-0.21258862,0.038229022,-0.7274051,-0.01751684,0.0012404791,0.0,0.1616069,0.04503478,0.036560535,-0.0009190807,0.1843439,0.104898915,0.09888882,-0.03708232,0.20387682,-0.018397575,-0.12432888
0.041641094,-0.12695253,0.09218157,0.0012038829,-0.30462947,-0.44209048,-0.076527774,0.4550428,-0.06525428,0.1663054,-1.0017666,-0.09147111,-0.14333393,-0.60863835,0.05348961,-0.24539344,-0.015604392,0.36098143,-0.22607632,-0.052045003,-0.14350821,-0.33687785,-0.75861096,-0.06994592,-0.07896205,-0.2885645,-0.060376227,0.009717242,0.15864478,-0.07869378,0.4527082,0.00039921975,0.0,-0.047445968,-0.0018726899,0.0021235978,-0.0009190807,-0.06526207,0.14112407,0.287538,-0.0048513357,-0.01943493,0.06274719,-0.3758231
-0.17991406,0.2813457,0.25680628,-0.010940611,0.35530382,-0.27973065,-0.30395958,-0.18191503,-0.04551488,-0.07505292,0.73563176,-0.29355696,0.012667627,-1.1354251,-0.16647243,-0.48848292,0.034329686,-0.2761725,0.43803468,-0.021685563,0.008560734,-0.1760301,0.502314,-0.40057367,0.1502158,-0.31131503,-0.036886584,-0.039208908,0.11840268,-0.45736527,-0.3469717,0.00039921975,0.0,-0.046917822,-0.014949616,-0.008134686,0.0029539175,0.04242839,-0.27571395,0.26330972,-0.109906934,-0.016019266,-0.17405564,0.02471975
0.25436163,-0.20376764,-0.01710388,0.0021003166,-1.0005,0.10483693,-0.044281326,0.58074975,-0.073395714,-0.07508757,-0.34825897,0.17951226,0.3155303,-0.9980528,0.04121881,-0.052845597,-0.11689713,0.35209176,-0.48229772,0.13728036,0.013225131,0.124430455,-0.71707934,0.07682652,0.017155226,0.15939963,-0.018089615,0.0011596326,0.047170736,-0.1916211,-0.4091017,0.00039921975,0.0,0.04661586,-0.034913726,0.00013673701,-0.0006994693,-0.009216291,0.14440978,-0.26959494,0.022599377,-0.05519686,0.13714199,-0.39704347
-0.17966262,-0.18585126,0.222606,0.013953729,-0.09644386,0.11737378,-0.086144,-0.72970736,-0.05512144,-0.07043788,0.2537119,-0.2652197,-0.41811547,0.38071555,0.07937139,-0.09282117,-0.067917876,0.42314288,-0.25171274,-0.019033674,0.011351336,0.22028346,-0.95009035,0.01598387,-0.34728885,-0.29209587,-0.08305565,-0.11024208,-0.121094376,-0.09148019,-0.3569514,0.00039921975,0.0,-0.10932682,0.0014618151,0.002506541,-0.0007802318,0.09848918,-0.1270949,-0.037118986,0.06017712,-0.05881006,-0.30167085,-0.2602741
0.010722954,-0.35068923,0.1683454,-0.00032730866,-0.23902985,-0.42008618,0.065377526,0.47533548,0.17081018,0.024904398,-0.32200485,-0.45740584,0.025910238,0.34261614,-0.195698,-0.35766837,-0.088658914,-0.5888012,-0.41191378,0.07747809,0.005822186,-0.09667468,0.49134028,-0.048049632,-0.30183044,-0.3992321,-0.059762027,-0.053217035,-0.11173847,-0.42267868,-0.29083174,0.0012404791,0.0,-0.72586083,0.014530975,-0.0041994876,-0.01019826,0.028072262,-0.28549513,-0.07008898,0.055329587,0.108771615,0.1122275,-0.21698534
-0.13814986,-0.31218976,-0.01143045,-0.0027425508,-0.043234296,0.10375841,-0.088568605,-0.16327041,-0.07095135,0.11619785,-0.38816822,-0.45474058,0.06987167,-0.054377798,-0.25808105,-0.18127508,-0.2605856,-0.0070606777,-0.3280679,-0.079725206,-0.12648943,0.14363319,0.50636977,-0.21127781,-0.23411117,-0.35822922,-0.13768816,-0.034005314,-0.15210311,0.019510183,-0.4451984,0.00039921975,0.0,-0.13644037,-0.020820593,-0.0015689353,0.0090078255,0.013410761,-0.17229168,-0.046123523,0.08363631,-0.043109156,-0.12833245,-0.24281742
0.046307854,-0.3062169,0.03465464,0.007883946,-0.393081,0.07168416,-0.028276183,0.3679567,-0.083478555,-0.2362694,0.48249283,0.29613727,0.34040347,-0.096404895,-0.16454613,-0.03224635,-0.18662468,-0.2790746,-0.51506716,0.0024057974,0.012831552,0.36437538,0.6528019,0.19745398,0.082814045,0.2852509,0.07964731,0.039983626,-0.11021952,-0.25002083,-0.47046366,0.00039921975,0.0,-0.03635569,-0.014929591,0.016400358,-0.000873172,0.009906138,-0.0065158578,0.093823396,-0.14671542,-0.08472553,0.02128907,-0.39498836
0.20152482,-0.2880877,0.06540818,0.003966131,-0.32301804,0.06031934,-0.04683526,0.66307795,-0.06790846,-0.02658057,-0.4045052,0.17935975,0.375088,0.17836043,0.011261608,-0.085271895,-0.25283834,0.48538297,-0.504275,0.009425782,0.013387926,-0.5097821,-0.66426057,0.04266797,-0.24433519,-0.3386728,0.09817326,0.034864172,-0.09616873,-0.14211759,-0.32980582,0.00039921975,0.0,-0.0032904851,-0.025443992,0.0039499877,-0.00025516097,-0.010383001,0.10715976,-0.13138269,-0.12920776,-0.047240242,0.11957928,-0.29253954
0.19116154,-0.2864861,-0.3564787,0.0040450618,-0.3644234,0.06853685,0.08036659,-0.634734,-0.08311138,-0.09521002,-0.1745348,-0.4280278,-0.18227844,-0.0059100864,-0.23571832,-0.28039768,-0.1091313,-0.27187747,0.9280733,0.16556028,0.007943347,0.41667524,0.51178557,0.11777112,-0.17238915,-0.27434057,-0.10845651,-0.022979317,0.0028137998,-0.10777923,0.19930232,0.00039921975,0.0,-0.09599074,-0.0119191585,-0.001633221,-0.0013767437,-0.07441948,-0.11519083,-0.37016848,-0.113120444,0.008206501,-0.33133134,-0.27910867
-0.058538575,-0.0856755,-0.055518966,0.0023634124,-0.8136619,0.07545307,0.004329413,-0.5566791,-0.07106314,-0.05965112,-0.26725915,-0.21171704,0.114578284,-0.66837496,0.06753764,-0.5350239,-0.10167855,-0.1083891,-0.25801966,-0.05184096,0.011827841,-0.030299265,-0.6915849,-0.3998348,0.091264054,0.31303152,0.018940961,-0.17210542,0.11122983,-0.14886487,-0.4722176,0.00039921975,0.0,-0.08232321,0.0019009672,-0.0024187411,-0.0014361977,0.054685608,-0.36416605,0.22928901,0.14460926,-0.038217112,-0.30277666,-0.24564181
0.10999189,0.7581606,-0.28462943,0.005961444,0.5343723,0.054578252,-0.2265428,-0.2805077,0.1548903,-0.21706454,0.11223517,0.21283802,0.24652977,0.2778771,0.029583063,-0.046288606,0.02928451,-0.12830976,-0.3357528,-0.04780731,-0.19094464,-0.118809156,-1.2831703,0.26631752,0.1302925,-0.36015987,0.05378353,0.04991804,-0.061379682,-0.16335835,-0.38314906,0.0012404791,0.0,-0.6139795,-0.07396089,0.010304754,-0.0009190807,-0.014787219,0.04952446,-0.14723277,-0.054492522,-0.03378353,0.07453209,-0.19272557
-0.20737977,-0.23010454,-0.20963699,0.0040144464,0.3567851,-0.48412272,0.09814247,0.13986713,-0.072758794,-0.13770124,0.3689451,-0.30786878,0.17114875,-0.14372297,0.04615032,-0.46996188,-0.07863579,-0.5638902,-0.35394394,-0.08669758,0.017568994,0.06188678,-0.9315582,-0.40149152,0.13167207,-0.2511175,-0.073791,-0.41928685,0.054964587,-0.10174291,-0.45838603,0.00039921975,0.0,-0.07851474,0.008472938,-0.006054983,0.0028016195,0.036757573,-0.49251762,0.2213778,-0.11433551,-0.015645705,-0.20452234,0.06912614
-0.3577658,0.5613488,0.16763844,-0.008907361,0.081751354,-0.47024405,0.07484774,-0.20837118,0.13487394,-0.09673321,-0.24622296,-0.5122365,0.017993016,0.3664347,-0.2239671,-0.37678847,0.022908783,0.3016697,0.91290706,0.07618286,0.006245847,-0.31861445,0.5057962,-0.4685748,-0.29209524,-0.33867902,0.015303357,0.007576012,-0.15169503,-0.108238526,-0.48649594,0.0012404791,0.0,-0.83011305,0.008321072,-0.015013558,1.7522718e-05,0.024100183,-0.25852728,-0.0015842644,-0.18999504,0.07120475,0.19061145,-0.23049709
0.17526017,-0.17104773,0.18203264,-0.0022024522,0.5821864,-0.19500631,0.06579162,0.50670135,-0.053896252,-0.039689668,-0.25362635,0.32780522,0.3708915,-1.2141913,-0.11076818,0.09321382,-0.0658051,-0.15502557,1.2009486,-0.033865895,-0.08438143,-0.023971485,0.6076129,0.38561833,0.13703704,0.66314083,0.19917913,0.17141464,0.07355315,0.15966398,-0.26332715,0.00039921975,0.0,-0.04618685,-0.016704934,0.0056132604,-0.000873172,0.033243086,0.046415277,-0.19442351,0.18466042,-0.0023121494,0.11860885,-0.3390478
-0.04889908,0.5564868,-0.12345107,0.0037820796,0.45988014,0.06379605,-0.20412292,-0.25375724,0.14864537,0.0033118099,-0.22052065,-0.24645679,0.19471516,0.2621076,0.07917751,-0.28852516,-0.03940436,0.21991244,-0.18565388,-0.1138746,0.015885388,-0.053561967,-1.095055,-0.1339921,0.1510743,-0.38278943,-0.048697285,-0.2936066,0.050130352,-0.70587826,-0.34629628,0.0012404791,0.0,-0.59506804,-0.018179297,-0.008826595,-0.0009190807,-0.07201037,-0.04083963,0.186876,0.012719969,-0.05896213,0.01997037,-0.22704235
-0.2638046,-0.1967605,0.15750766,0.008991703,-0.19122756,0.097423516,0.0688167,0.56411594,0.1480242,0.036882956,-0.34086025,0.14991623,0.3927887,-1.0548126,0.07797408,-0.0747574,-0.12454445,0.21010642,-0.49124467,-0.036766935,-0.13923351,0.44122654,-0.8106832,0.010633791,0.07164301,-0.23311977,0.09313233,0.046608012,0.014310226,0.2814275,-0.3502651,0.0012404791,0.0,-0.55405056,-0.013757372,-0.0018271822,-0.00056095095,-0.0016916611,0.013960296,-0.17657857,0.10898404,-0.03251393,-0.3998964,0.1870623
-0.22367622,-0.33578905,-0.080535986,-0.0016108691,-0.11659877,-0.47252548,0.074393734,0.117863335,-0.06402585,-0.14566886,-0.3388202,-0.41346365,-0.29345044,0.2373298,-0.27717414,-0.15200128,-0.19136198,0.4679015,-0.34134722,-0.10380212,0.014417569,-0.57369554,0.40536848,-0.2417975,-0.35129023,-0.44673455,-0.06183455,-0.012520969,0.054568738,0.1774641,-0.43594018,0.00039921975,0.0,-0.053729553,-0.004847706,0.00029786484,0.0022115675,0.029424412,-0.10322478,0.26634046,-0.18578003,-0.05907952,0.0716633,0.22794956
0.025541482,-0.21187012,-0.4219997,0.0060072476,-0.43598035,0.06996129,-0.044898234,0.16849494,-0.07191692,-0.11108977,0.36528397,0.17575048,0.30587524,-1.163484,-0.23782058,0.06474073,0.09768726,-0.8095206,-0.346594,-0.07891945,0.01639095,-0.58273995,0.2769567,-0.01058743,-0.18606544,-0.27401876,-0.15996078,-0.0546915,-0.061064847,-0.2264166,-0.353856,0.00039921975,0.0,-0.07866332,-0.035430312,0.0073383823,-0.0013767437,0.00077550206,0.012437924,-0.03402653,-0.19156487,-0.010724146,0.10014393,0.038040243
-0.17254698,-0.40463907,0.29147992,-0.0046762745,-0.39215955,0.112271756,-0.18828464,0.18096568,-0.07017134,0.09655487,-0.4028582,-0.20264968,0.104365066,0.20263389,0.08139979,-0.31650352,0.09469797,0.30952522,-0.311502,-0.16083059,-0.12827626,-0.18872401,-0.8792101,-0.31597283,0.21589519,0.33937648,-0.06480605,-0.35494778,0.09294959,-0.6175916,0.24429837,0.00039921975,0.0,-0.051540576,0.017676577,0.0004474732,-0.018282231,0.030191528,-0.26938862,0.16582815,-0.16699368,0.0051978724,-0.067710035,-0.41675398
-0.22378208,0.5513293,0.17924546,0.0057778372,-0.034192473,0.10633258,0.052448828,0.20669037,-0.062913805,0.08261915,-0.2845569,-0.23167816,0.16162325,-0.7567643,0.08985512,-0.4333559,-0.23592842,-0.24040446,-0.3153567,-0.032706626,0.016816504,0.06690677,-0.5000514,-0.4344443,-0.13224232,0.27233893,-0.065917104,-0.054996587,0.07117615,-0.6471044,-0.45915756,0.00039921975,0.0,-0.067532666,0.025489615,0.00971617,-0.018282231,0.06948218,-0.4186745,0.3101227,-0.06270704,0.19004087,0.041373365,0.0031836666
-0.16458605,-0.14618255,-0.45266002,-0.00032913953,0.39899886,-0.26179805,0.15028398,-0.58866626,0.20758782,-0.06921032,-0.16723073,-0.1844869,-0.18944232,-1.3453432,-0.18218108,-0.21262942,-0.080048375,0.04833623,-0.3278288,-0.03259608,0.007298451,-0.05389891,0.48330227,0.0055742254,0.3049503,-0.34473825,-0.11830912,0.09237552,0.00024352391,-0.05549721,-0.07571597,0.0012404791,0.0,-0.0007641725,-0.04047205,-0.019631034,-0.0013767437,-0.07956349,0.026257364,-0.30913436,-0.26309732,-0.03947979,0.032154,-0.07418432
-0.2560303,-0.19049768,0.22566293,-0.0030521825,0.21019402,0.120849915,-0.1682377,-0.38890138,-0.04536672,-0.14516915,0.38915655,-0.16407278,-0.05933454,-0.8885972,0.10878002,-0.33305812,-0.19453837,0.43145365,-0.21564351,-0.042190723,0.014325801,-0.04773443,-0.83806944,-0.20573121,-0.25144136,-0.25193337,0.008456305,0.01923716,-0.03395622,0.13888094,0.5664659,0.00039921975,0.0,0.010863469,0.01979604,0.0023786335,-0.000464587,0.109011225,-0.33745125,-0.46431312,-0.2440557,-0.0840636,-0.15877177,0.1269838
-0.19944769,-0.2403065,0.11329484,0.0041270517,-0.48980257,0.07213101,-0.049923226,-0.19012615,-0.07256682,-0.027026061,-0.3325491,0.15513985,-0.34286535,-0.07707558,0.052055273,0.4279688,-0.0705451,-0.04209195,-0.41244802,-0.07733436,0.018029846,-0.060051195,-0.8181398,0.013717921,-0.16826072,-0.40344384,-0.019462684,0.08089864,-0.088711336,-0.20329535,-0.5460159,0.00039921975,0.0,-0.041028157,-0.03917483,0.0013925685,-0.0009190807,-0.027425852,0.00056017644,0.019898001,-0.16703084,-0.027259884,-0.23664944,-0.36541617
-0.12061526,-0.15122178,0.10945815,-0.003326234,-0.7516662,0.06525634,-0.25466442,-0.5228525,-0.048562184,-0.103385866,-0.19500281,-0.41098094,0.08188956,0.35227063,-0.16937788,-0.36282042,-0.19941278,-0.7197561,0.7929299,-0.14093235,0.005584627,-0.17495322,0.43441895,-0.38457894,0.20924684,-0.20632468,-0.05138951,-0.3811477,0.05219573,-0.4198366,-0.27713594,0.00039921975,0.0,-0.10418677,0.004120267,-0.005208268,0.0024026225,0.017347062,-0.3667401,-0.07738351,-0.08459006,0.14555837,0.11660141,-0.028078124
0.021774197,0.719392,-0.5437312,0.0033243552,-0.12419707,0.05909527,0.08588531,0.105347,-0.07075881,-0.03100679,-1.0298674,0.28916806,0.25100076,0.31448317,0.0018343709,-0.0059724944,-0.25487232,-0.2367772,-0.47046256,-0.06902787,-0.2073223,-0.036498345,0.69459814,0.043909125,-0.18586251,0.54729307,-0.16755374,0.196804,0.07571249,-0.12573054,-0.514064,0.00039921975,0.0,-0.03419546,-0.030404225,0.0048223846,-0.0012244108,-0.010128366,0.034394085,-0.20835732,0.052322574,-0.029659731,0.0058771623,-0.38552034
-0.25096506,-0.29698673,0.13318662,-0.0025638319,-0.3105549,0.12904939,-0.21318233,-0.19256409,-0.041599035,-0.13644892,0.40193057,-0.46030837,0.13197103,0.43813813,-0.20689236,-0.5304865,-0.18469128,0.5610737,-0.2889638,-0.010025714,0.016785344,0.085638784,0.55082947,-0.3021778,-0.28565615,-0.32983896,-0.04762383,-0.1361566,0.08448144,-0.13158464,-0.43346035,0.00039921975,0.0,-0.036792,-0.00029478036,0.002034891,0.0005688177,0.004678369,-0.42062944,0.28256598,-0.13693587,-0.053450484,-0.15826796,0.18388942
0.10716972,-0.22277954,-0.35957888,0.001736448,-0.5196671,-0.1657445,-0.021666376,-0.2068125,-0.06909409,-0.02447915,-0.2613846,0.16905402,-0.46175614,-0.8695614,0.056819327,-0.060492028,-0.110973574,-0.6715056,1.0085856,-0.05636828,0.010019231,0.13810392,-0.95783985,0.15027204,0.07822313,0.8542092,0.05407961,-0.010323991,-0.09717172,-0.2400933,-0.3822464,0.00039921975,0.0,-0.11020452,-0.02965619,0.021954877,0.0018750757,-0.033267252,-0.07585527,0.15158622,0.092486955,-0.029528566,0.121968806,-0.2236322
-0.1719672,-0.2588242,0.024396827,0.0050708065,0.3710098,0.093829855,-0.11173141,-0.7328883,-0.06826311,-0.11699701,-0.7664852,0.1443423,0.24812226,0.2870833,0.05538617,-0.20089814,-0.16885073,0.3838236,-0.26631308,-0.000865086,0.017534565,-0.101011425,-0.92165303,-0.0056241676,0.2352015,-0.2787416,-0.05553723,0.0054584173,0.02724535,-0.16185291,-0.3154254,0.00039921975,0.0,0.041524194,-0.021875968,0.0014863079,-0.002912068,-0.008171862,-0.10663521,-0.26747137,0.07578064,-0.0176917,-0.27088833,0.09807867
-0.09226234,-0.12202396,0.20721333,-0.0005940837,-0.38503253,-0.26839665,-0.18004787,-0.14596024,0.1720329,-0.2020859,-0.23961775,-0.21198663,-0.10553821,-0.9511903,-0.16403754,-0.20994425,-0.07237945,-0.18024768,-0.2731618,0.11645848,0.013967705,-0.26433495,0.35033417,-0.17641985,0.08637014,-0.32996827,-0.047714226,-0.2811821,0.15317503,-0.38898265,-0.347062,0.0012404791,0.0,-0.5207539,-0.042909473,-0.012221344,-0.01019826,-0.0476664,-0.090231135,0.15443023,-0.0680577,-0.059842214,-0.033494428,0.020758998
-0.33400112,-0.12496125,0.12089596,0.0027467923,-0.48168522,0.028812906,-0.22282977,-0.62681955,0.15818557,-0.085874505,0.15381847,0.1625004,-0.22147451,-1.1426471,-0.22788094,0.45748273,0.18865485,-0.6891066,0.96096206,-0.06819175,-0.0380368,-0.44483092,0.34318647,0.06235271,0.08087023,0.3705527,0.008225711,-0.03041875,-0.07157986,-0.21968022,-0.4649324,0.0012404791,0.0,-0.55963856,0.008508229,0.01238434,-0.000873172,-0.0067806845,-0.050549496,0.21836211,-0.337179,-0.028206432,-0.11046276,-0.2011364
-0.105062,-0.4886551,0.21680081,0.0013954337,0.38047236,0.08147001,0.044569343,-1.0000489,-0.075914465,-0.15682782,0.21414821,-0.26335528,-0.30641228,-0.05352593,-0.2647604,-0.20573196,-0.23763548,-0.21234149,-0.29933056,-0.0033519873,0.012834336,-0.37784916,0.45332256,-0.2823641,0.13903601,-0.38660175,-0.069883384,-0.41578227,0.094405465,-0.18427616,-0.48579934,0.00039921975,0.0,-0.16352828,-0.015851254,-0.004713968,-0.0012861483,-0.08368749,-0.040768635,-0.06962823,-0.18605836,-0.01897022,-0.12249959,0.14473777
0.25759137,-0.3480742,-0.0059497426,0.0025635583,0.23497139,0.06990778,-0.27749163,0.18478775,0.14901266,-0.046046197,0.77620214,-0.28190494,0.10464055,0.30586654,0.1086186,-0.17988963,-0.14533752,-0.52840924,-0.2401706,-0.03186061,-0.1561018,0.18479566,-1.1603175,0.009211963,-0.38987848,0.21070403,-0.12628286,-0.087976724,0.009027653,0.28354523,-0.40378577,0.0012404791,0.0,-0.70804,-0.017742483,-0.024647478,-1.4688529e-05,-0.07760299,0.13618448,-0.17912883,-0.1427963,-0.08493495,-0.30612484,0.111591846
-0.4429357,0.6588272,0.18741515,0.00079994416,0.37849626,-0.49390775,-0.2070864,0.67771286,-0.058954,-0.031177076,0.37104094,-0.34986386,0.24458006,0.048906323,-0.29953396,-0.24547376,-0.11922464,0.4427531,-0.29154894,-0.1528488,0.016563697,-0.6803791,0.37509862,-0.08419169,-0.43234542,-0.3707221,0.11680942,0.1074905,0.0058253473,0.21810982,-0.23619828,0.00039921975,0.0,-0.0386197,-0.002874164,0.0019361086,-0.0004541481,-0.08664226,0.06400116,-0.20930128,-0.16928922,-0.038927753,-0.004748093,0.21334583
-0.15945278,-0.2495147,-0.5621716,0.007642237,0.3399435,-0.0037661358,-0.2983958,-0.10432905,0.15979104,0.04183578,0.39916986,0.23402074,-0.25045002,0.3724362,-0.22425732,0.0732748,-0.10349748,-0.13935442,-0.39555952,0.007145006,0.014086595,-0.87622094,0.6736601,-0.008067855,-0.300077,0.36827114,-0.1556516,-0.15728235,-0.09996045,0.18735078,-0.44615027,0.0012404791,0.0,-0.63324267,-0.07022124,0.010017838,-0.0013383289,-0.021815985,0.04973559,-0.023769986,-0.1310189,-0.04080011,-0.2755108,0.13598228
0.14180143,-0.2609884,0.16970935,0.009164802,-0.020303722,0.12110338,0.110955685,-0.52865726,-0.06473013,0.055011436,-0.21209058,-0.289183,0.3990994,0.032322515,0.06982376,-0.13100465,0.18332747,-0.14470279,-0.25403205,0.051505752,0.017747514,0.46763995,-0.888216,-0.040327124,-0.15470767,-0.23919117,-0.028727459,0.023176303,-0.06283993,0.38037595,-0.36610007,0.00039921975,0.0,-0.07193497,0.036247313,-0.0009961277,-0.0013471262,-0.05099772,0.23127562,0.06440592,0.012070629,-0.024687137,0.18807662,0.4190204
-0.0042511052,-0.33213246,-0.13935363,0.0020927915,-0.94221646,0.099816404,-0.16568588,0.4858153,-0.08719793,0.042615663,-0.41811335,-0.331518,0.1177849,0.40974548,0.22871152,-0.16293855,-0.16302693,-0.31175277,-0.33658296,0.0015218928,0.015458092,-0.10517557,0.7019414,0.028659264,0.1876879,-0.18472145,-0.13592596,0.020153567,-0.0796433,-0.09786763,-0.49114233,0.00039921975,0.0,-0.05298138,0.008880442,-0.005168728,-0.0013767437,-0.056421187,-0.020056162,0.027068336,0.053161923,-0.04908757,0.008150842,-0.35543394
-0.085465126,-0.2111724,-0.057334293,0.00354688,-0.25913948,0.14887944,0.18656115,0.5054322,0.12972803,-0.03805437,-0.16477497,0.268101,0.3894633,0.40335417,0.091251485,0.6749755,0.05217021,-0.07691761,1.1815768,0.016317505,0.010507449,-0.25900233,-0.9387351,0.2862326,0.20727399,-0.17417781,0.10055779,0.10131609,0.03320314,0.328597,-0.24405421,0.0012404791,0.0,-0.5596541,0.022460189,0.007016244,-0.0012248707,0.004735948,0.012405014,-0.098620206,0.10373351,-0.029443437,-0.2012384,0.28149763
0.23456074,-0.30269352,-0.14559585,-0.018232815,-0.5280729,0.08134107,-0.16992715,-0.116691425,0.20291416,0.04961369,-0.2982181,0.36819842,-0.26915547,-0.11182638,-0.09654945,-0.060552627,-0.1948924,-0.1387793,-0.5193744,-0.057865538,0.01382973,0.39879215,0.7161183,0.22204204,-0.17519617,-0.3359327,0.10757235,0.005979777,-0.06834949,-0.21731718,0.085825704,0.0012404791,0.0,0.032848954,0.052445427,-0.0012768195,-0.0013767437,0.0043272786,-0.048602782,-0.047889292,-0.13320509,0.01049499,0.035062578,-0.24719629
-0.18975078,-0.103882395,-0.3274897,-0.00067787303,-0.14196606,0.066439606,-0.016641255,-0.63907886,0.16974759,0.0025402557,-0.22961573,-0.3086872,0.16060805,-1.2227961,0.225097,-0.6364661,0.01844154,-0.11077093,-0.33198062,-0.055927288,0.011590835,-0.21624805,0.45795643,-0.3292292,0.12473991,0.57622933,-0.12112786,-0.041618053,-0.18215205,-0.028823998,-0.41115177,0.0012404791,0.0,-0.7000303,-0.014699407,-0.005697397,0.0019986555,0.054655105,-0.40056485,-0.09210393,-0.13247073,-0.02802891,-0.25472748,-0.15628053
-0.3501436,-0.2678386,0.066881016,0.004415037,-0.1308868,0.15166613,-0.21958734,-0.27578014,0.13380344,-0.019889537,0.34802672,-0.28268683,0.2129562,0.42002127,0.05225367,-0.1785285,-0.051887948,0.2600972,-0.2874693,-0.040792428,-0.15495005,0.29638413,-1.1881413,-0.05600046,-0.2759726,-0.30196577,0.0074816495,0.027281515,-0.0928877,-0.15304676,-0.4668579,0.0012404791,0.0,-0.72457474,-0.046271075,-0.02041782,-0.0009190807,-0.059930112,0.13005902,0.04342414,0.015506586,-0.0790416,0.023279576,-0.37425467
-0.07230056,-0.6620455,-0.064637914,0.0074257725,-0.12844834,0.07368058,0.03615613,-0.14886895,-0.060808502,0.09938139,0.37817848,0.23086251,0.25739747,0.017643891,-0.19912757,-0.0410304,-0.1767572,0.05445308,-0.38195473,-0.14737967,0.01660363,-0.64263105,0.5667158,0.048577882,-0.31520903,-0.3684192,-0.10077864,0.03708067,0.027088922,-0.10803182,-0.39800555,0.00039921975,0.0,-0.0030520828,-0.027652165,0.006766391,-0.0007608137,0.022502178,0.06676757,-0.23633057,-0.2619064,-0.0013727552,-0.28406957,-0.41023952
-0.21684493,-0.3552378,-0.3414878,0.00031927112,-0.14851129,-0.4899522,-0.08980063,0.58925307,-0.074999765,0.0021320377,-0.23282441,-0.117415905,-0.15583816,-0.67000926,0.11861599,-0.21979503,-0.1672571,0.32105637,-0.13857038,-0.07119335,0.016648894,-0.2845798,-0.9799231,-0.09642625,-0.103028,-0.24775845,-0.070366636,-0.049732454,0.026544223,-0.26172096,0.40511283,0.00039921975,0.0,-0.03738782,0.013249706,-0.0041164453,-0.001241345,-0.06456049,0.09846423,-0.27722687,0.21462956,-0.03466206,0.040472917,-0.5832036
0.025879197,-0.19783321,0.18320712,0.004066825,-0.18540357,-0.38246375,-0.081849255,0.13028532,0.1715923,0.03433378,-0.92642,0.14083238,-0.33175865,-0.86644727,-0.011526149,-0.12646738,-0.1721034,0.070591696,-0.37040797,0.046131313,0.013457654,-0.42999852,-0.79366654,0.04419212,-0.1943828,-0.29100507,-0.029738065,-0.010108479,-0.009407982,-0.20136471,-0.44269785,0.0012404791,0.0,-0.7217318,0.028623402,0.008570369,-0.0009190807,-0.048201323,0.06786672,-0.24278347,-0.13855521,-0.058204584,0.029397542,-0.33897984
0.12689646,-0.3525809,0.017448192,0.007454136,-0.9006095,0.06375036,-0.079701416,-0.77857524,-0.082066126,-0.063095905,-0.2724293,0.20929721,-0.35748044,-0.018413559,-0.20824513,-0.12924486,-0.26303828,-0.7497024,-0.49027067,0.007888793,0.009479285,-0.63985604,0.4764064,0.044052422,0.10267881,-0.28165492,-0.0097217485,0.019329283,-0.116573215,-0.19414835,-0.6122202,0.00039921975,0.0,-0.1035401,-0.042455304,0.0069768187,-0.0012861483,-0.01038585,0.028519386,0.0006870797,-0.20521805,-0.08653784,-0.002217419,-0.36877805
-0.20748495,-0.18414734,0.28158945,0.0017246287,0.37691337,0.1301326,-0.16835381,-0.39026988,0.14945309,0.07333412,0.27032614,-0.18440327,-0.11354173,-0.93098587,0.11534839,-0.376257,-0.10503303,0.37272415,-0.18831381,-0.055821173,0.016988833,-0.14698412,-0.92479557,-0.005932761,0.1519616,-0.33915982,-0.100857385,-0.016143255,-0.10894194,-0.024113387,-0.55825657,0.0012404791,0.0,-0.80491376,-0.016006423,-0.00929467,-0.00025516097,-0.07703557,0.0944429,-0.04489773,-0.18679139,-0.04952928,-0.0066030207,0.046552382
0.1039606,-0.6321165,-0.17321591,0.0053713727,-0.5065523,0.048844732,-0.21036008,-0.097051114,0.18113667,0.07692109,-0.33666772,0.21213025,0.20199259,-1.2249622,-0.22908057,0.07072989,0.0035227435,-0.7784059,-0.3057092,-0.13919537,0.013650191,-0.18168534,0.53964204,-0.12061984,0.06101068,0.3109872,-0.09096293,-0.04974176,0.073771335,-0.19192623,-0.39557976,0.0012404791,0.0,-0.41303036,0.046577398,0.008712899,-0.0012244108,0.014225775,-0.034911714,0.31462222,0.017837092,-0.01650677,0.025850521,-0.19231495
0.07902625,-0.28830722,0.14598218,-0.007835263,0.3169743,-0.39609775,0.14223816,0.13724415,-0.07141095,-0.082847185,-0.2905698,-0.29012063,0.26910397,0.053467005,0.0431345,-0.35054252,0.041319303,-0.20141554,0.67564064,0.001746193,0.010068031,0.096831866,-0.95697725,-0.2696587,-0.24981116,-0.27152672,-0.13707034,-0.55501914,0.037079375,-0.14629668,-0.36979952,0.00039921975,0.0,-0.09637513,0.008349983,-0.01528981,-0.0009190807,-0.07598977,0.10452166,0.08883993,0.0052005216,-0.035364367,-0.0575543,0.005656612
-0.21061307,-0.27907354,0.3055802,-0.0062720263,-0.18631776,0.12271818,0.22796641,-0.253278,0.17201303,0.13306515,-0.27823508,-0.2933516,-0.1754054,0.26683247,0.036198,-0.22855563,-0.10684369,0.29483446,-0.27199116,-0.01946646,-0.13152558,-0.037272315,-1.1249639,-0.07757159,-0.2516144,-0.32765985,-0.086766906,-0.014995713,-0.07624081,0.022018421,-0.039735388,0.0012404791,0.0,0.03641185,-0.06280127,-0.027563924,-0.00025516097,-0.072493784,-0.030324455,-0.008502519,-0.14384596,-0.07022509,-0.022368025,-0.18388611
-0.30322233,-0.24064286,0.15160319,0.007001927,0.42278805,-0.45386997,0.08998357,0.5950641,0.17261705,0.084327795,0.2975852,-0.31707636,0.04175578,0.25345707,0.043352187,-0.45134938,0.0543648,-0.53011763,-0.29511034,-0.05688871,-0.11628955,-0.14803912,-0.8001402,-0.3371658,-0.18274643,-0.24740125,-0.030809656,-0.03646193,-0.025974467,-0.42880034,-0.46185017,0.0012404791,0.0,-0.6363136,0.015097944,-0.0066577955,7.869676e-07,0.048445523,-0.35591713,-0.13315128,0.011171695,-0.04268572,-0.021033606,-0.11739749
0.089845985,0.7906457,0.10885936,0.005992218,0.06323788,0.06154486,0.07305332,-0.84252113,0.15682416,0.0070806835,-0.2392899,0.23385361,-0.31331483,0.31953698,0.07025414,-0.23914978,-0.10233278,-0.6220125,-0.33327818,-0.15549077,0.01324421,-0.6731825,-1.0818158,0.025927668,0.10669567,0.31484374,-0.08050037,-0.121261746,-0.110334456,0.17705216,-0.44188297,0.0012404791,0.0,-0.7136784,-0.014405846,0.008182488,-0.00063061854,-0.04674993,0.102785,-0.04382968,0.020487506,-0.0025687292,0.07532475,0.23494035
-0.06593709,-0.13054089,-0.40058658,0.0017949963,0.37715387,0.09511744,0.10650226,-0.21273716,0.18097095,-0.24428172,-0.26690072,-0.14553836,-0.19312137,-0.8673176,0.058980178,-0.22879279,-0.08938692,0.24215642,-0.2040791,0.09521713,0.013526774,-0.03736215,-1.051842,-0.26253805,0.10505289,0.2616108,-0.09547762,-0.0528699,0.03257901,-0.0223842,-0.086675294,0.0012404791,0.0,-0.057714667,-0.048012074,-0.032692265,-0.0006994693,-0.074314244,0.14417487,-0.26243114,0.17126706,-0.07021807,0.061357666,-0.22739094
-0.39149523,-0.17828442,-0.2319258,0.029436072,0.50180376,-0.39241117,0.05403543,0.4590122,-0.053725846,0.16722411,-0.351487,-0.2820532,0.01206168,0.45589954,-0.16445026,-0.042465825,0.045905057,0.5135861,0.7679394,-0.052430417,0.009132296,0.23227412,0.94442856,-0.21011372,0.20292124,0.5137289,0.04288553,0.04695127,-0.07517361,-0.15577604,0.3588629,0.00039921975,0.0,-0.01873495,0.0129628545,0.0068040304,0.0009483481,0.08023748,-0.023591628,0.22629036,0.12547436,-0.007514503,0.031760357,-0.24528837
-0.45587,-0.33456206,-0.19544365,0.002993659,-0.09154969,0.14181195,0.14521061,0.68619776,0.13822417,0.039717223,-0.32266596,-0.31539455,0.09697191,0.27071327,0.11331292,-0.26867837,-0.08742536,0.16328496,-0.32221794,0.016125495,-0.17151938,-0.09024339,-0.9539601,0.0341669,0.17126198,-0.23744231,0.07030028,0.07384775,0.006034185,0.15754776,-0.46944544,0.0012404791,0.0,-0.7637923,-0.042854432,-0.0066006435,-0.0012248707,-0.0679798,0.0728759,-0.15065801,-0.13388553,-0.01918181,-0.0026605753,0.19797081
0.16683504,0.73721135,0.1466151,0.0011519265,0.42698982,0.08847805,-0.2025063,-0.13436301,-0.076393716,-0.15218416,-0.7972355,0.3696742,-0.20995227,0.4891518,-0.047391467,0.5444308,0.08683184,-0.17835175,-0.3852236,0.09150312,0.016825171,-0.90834886,0.5767779,0.28245515,-0.19869676,-0.24255614,0.16100147,0.18663044,0.0370715,0.317948,0.39054593,0.00039921975,0.0,-0.071224704,-0.006661365,0.00050130254,-0.0013704017,-0.006756158,0.33837715,-0.2103409,-0.063850194,-0.010131915,0.15551744,0.28121087
0.067834966,0.45218292,0.22227778,0.0030361055,0.61199296,-0.41595075,0.040243477,0.65468544,-0.06718227,-0.004820443,-0.27213222,-0.14808038,0.2850602,-0.87442213,0.08040632,-0.1975875,-0.2282713,-0.21578437,-0.2484344,-0.038148466,0.016100165,-0.30259344,-0.81296664,-0.03798296,0.12490913,-0.2881254,-0.023742566,-0.32917336,0.023774117,-0.108394176,-0.39623624,0.00039921975,0.0,-0.10383442,-0.0076986137,-0.0035769253,-0.0009190807,-0.06181891,0.1542029,0.100137874,0.104741625,-0.03852944,0.0684584,-0.23300815
0.34374923,-0.19318394,-0.17497507,0.0015456493,-0.0057476526,-0.20455301,-0.055325847,-0.090555936,-0.07677355,-0.026115058,-0.23399557,0.38904512,0.3766711,0.11931481,-0.13234165,0.02035836,0.21054187,-0.1948851,1.0250852,-0.03484623,0.012353799,-0.045025762,0.81967264,0.39946315,-0.16834505,0.59276295,0.1249082,0.04768419,-0.076560035,-0.20692842,-0.23327868,0.00039921975,0.0,-0.053883284,-0.035541758,0.023924485,-0.0012244108,0.053741053,0.1437707,0.24758366,0.0072137257,-0.02596162,0.21367261,-0.18322617
0.28520504,-0.14239983,-0.01409249,0.0030235925,0.3994786,-0.16528836,0.11025678,-0.45318136,0.1535679,0.020472622,-0.06291077,0.3192402,-0.24051899,0.025697108,-0.16053243,0.4275626,0.26953873,-0.11949674,1.2763895,-0.06492684,0.004059625,-0.325424,0.6600741,0.060744293,0.1857525,-0.36949492,-0.06692353,-0.01539585,0.14353798,-0.08263955,-0.20633265,0.0012404791,0.0,-0.46550697,0.039651025,0.013062842,-0.0012861483,-0.007476083,0.024193667,0.1435573,-0.10938428,0.010243128,0.14516544,0.014527805
-0.11671421,0.6097765,-0.1092662,-0.02275381,-0.782069,0.10028529,0.18177459,-0.1589492,0.18579398,0.025260963,-0.29163834,-0.4006728,-0.026292063,-0.10142917,-0.20662262,-0.05780392,-0.101751834,-0.15308955,-0.39581835,-0.15972553,0.013457265,0.33416823,0.44244128,-0.026266161,-0.13198073,-0.33205116,-0.0600425,-0.18878435,0.008382978,-0.48017126,-0.003407589,0.0012404791,0.0,-0.02274725,0.013190097,0.024749964,-0.01019826,0.0942658,-0.11845315,-0.21246853,-0.17870267,0.11163434,-0.08109682,-0.04250975
-0.3515211,-0.08869942,-0.029161552,0.0016042924,-0.65680736,0.10409335,0.08901923,-0.82626456,0.1239348,-0.0070645874,0.19997716,-0.17718108,0.01552037,-0.81950384,0.07190522,-0.46381924,-0.09286482,0.34893286,0.54731786,-0.0553063,0.0067943777,-0.3513788,-0.7437743,0.012422184,-0.11111922,-0.2779565,-0.01541897,-0.05486673,-0.021260608,-0.22148642,-0.5433824,0.0012404791,0.0,-0.64172065,-0.034332827,-0.012187984,-0.00025516097,-0.041568466,-0.098921575,-0.3015074,-0.41251945,-0.08954954,-0.06625774,-0.055748653
-0.052744698,-0.20582408,-0.57148445,0.00091107003,-0.09400522,0.059701197,-0.19363572,-0.14115268,0.14178172,0.015997283,0.29766646,-0.36188504,0.14611712,0.3052974,-0.23670197,-0.33152765,0.114651024,-0.07307758,-0.31409186,-0.03009992,0.013325567,-0.60166895,0.4511387,-0.080728054,-0.49824572,-0.46907103,-0.063684046,-0.33300254,0.089468084,-0.3815429,-0.38604957,0.0012404791,0.0,-0.5900002,0.01457593,-0.004901825,-0.0032218199,0.021638956,-0.19461635,0.32281545,-0.1389728,0.096548185,0.043721646,-0.017403444
0.19983599,-0.33865735,-0.16544534,0.0036094259,-0.23402478,0.026246367,-0.33794406,-0.18715048,-0.074761495,0.03507914,-0.29226547,-0.34093142,-0.13850299,0.3338386,0.22385813,-0.31642663,-0.14621536,-0.33682996,0.74318457,-0.049877133,0.0121203745,-0.60267043,0.63297325,0.086711355,-0.31604686,-0.31025216,-0.10500864,0.008583253,0.035131667,-0.051410478,0.33302966,0.00039921975,0.0,-0.066557795,-0.021722563,-0.0037124315,-0.0012861483,-0.06897584,-0.06658981,-0.28764215,-0.1018497,-0.043174405,-0.2808857,-0.2617715
-0.154125,-0.2391321,-0.47772086,0.0043378114,0.3319015,0.06426883,-0.069193386,0.20274821,-0.080590524,-0.01471193,-0.3156209,0.11467051,0.31956273,-0.9476577,0.13320465,0.023792446,0.031393085,-0.5904172,-0.34458977,0.14629665,0.017121084,-0.11315906,-0.75509715,0.15385301,0.09687677,-0.25876188,0.07328903,0.020741567,-0.04152889,-0.10755207,-0.24364845,0.00039921975,0.0,-0.03055439,-0.022256436,0.00907163,-0.001241345,-0.024578668,-0.023481376,0.17215514,0.0125489235,-0.020120632,-0.06272231,-0.2123188
0.21509936,-0.2912976,0.10592463,0.0042837746,-0.15531382,-0.3515453,-0.16547501,0.36127648,0.17140895,0.09074915,0.36861974,0.23452018,-0.35088137,-0.11379197,0.045810934,0.2561957,-0.0025738059,-0.75910294,-0.49328592,0.0397045,0.011798078,-0.1677854,-1.1138332,0.026902802,-0.2628123,0.25881705,-0.12376848,-0.06369987,0.016532203,-0.20244245,-0.4586325,0.0012404791,0.0,-0.66028863,-0.08879398,0.010725437,0.0024910057,-0.026537873,-0.10938798,-0.19304475,-0.047934912,-0.027200282,0.13724013,-0.37198535
0.085352965,0.83220077,0.39612767,0.0028869493,0.10040093,-0.2780334,0.13988782,-0.4866564,-0.056265656,-0.0017660499,-0.17039916,-0.2333115,0.2670862,0.5775556,0.06718609,-0.17134817,0.18246342,0.34127775,-0.18020944,0.072581574,0.017407795,-0.04132687,-0.98758817,-0.023805372,-0.04714863,0.49892056,-0.078880996,0.22430222,0.065333016,-0.023747372,-0.17680405,0.00039921975,0.0,-0.03707171,0.02059884,0.0013378114,0.0018750757,-0.038223173,0.18627016,-0.21637936,0.050828274,-0.010586387,0.09035916,-0.17799053
0.089010365,-0.12523848,0.29349953,0.0023864638,0.3844028,0.082622714,-0.10830808,-0.057309713,-0.05969426,0.005281107,-0.2871996,0.21781626,0.35610828,-0.81932247,0.05372231,0.82167035,0.08008162,0.5694043,1.214868,0.0063276608,0.010354706,-0.06944012,-0.70970595,0.04863089,0.13275106,0.8527697,-0.05241834,-0.04168898,0.031980526,-0.049896218,-0.14189339,0.00039921975,0.0,-0.024155814,-0.015292581,0.016938882,0.0025389954,-0.0055482145,0.1512671,-0.23034072,0.076340556,-0.0032195202,0.07542873,-0.22816247
0.24632536,-0.19452345,-0.29250047,0.008978343,0.33213884,0.06480012,-0.065046035,-0.7862316,-0.07662499,0.048717745,0.25206575,0.2560793,0.29233554,0.3168151,0.066890925,-0.1163858,-0.1911926,-0.23537622,-0.3225007,0.078543335,0.010203784,0.4656484,-1.0297434,0.07035946,-0.1862219,-0.24550164,-0.12240485,-0.15525296,0.028576802,-0.21492143,-0.3165901,0.00039921975,0.0,-0.09602312,-0.019363523,0.012874346,-0.001241345,-0.029712094,-0.020081257,-0.29056668,0.100640886,-0.04740287,0.16048312,-0.32009202
-0.17322096,-0.1390594,-0.021070682,0.004601014,-0.9030011,-0.3511092,-0.10860182,-0.776392,-0.06648645,-0.01732109,0.34115776,0.17217155,0.20143005,-0.14948966,0.05896963,0.33986047,-0.17088284,0.47730315,-0.450584,0.0038325693,0.013042264,0.09674336,-0.91293544,-0.046334423,0.1087372,-0.46130723,-0.07278539,0.12145312,-0.084248416,-0.19398212,-0.32554874,0.00039921975,0.0,-0.017520163,-0.046840627,-0.0033748103,-0.0005774253,-0.01940271,-0.1381728,-0.02008326,0.08142576,-0.054875173,-0.262664,-0.25298885
-0.060602255,-0.28372502,0.16811916,-0.020293891,-0.5237749,-0.49905992,0.13157956,-0.23498987,-0.0847407,0.12456784,-0.267239,-0.26477304,-0.009416453,0.22895804,0.0660777,-0.13639526,0.04690668,-0.30102208,-0.32257158,-0.052968837,0.012435267,0.26238918,-0.968294,-0.004173343,-0.17617655,-0.23674409,-0.035894338,-0.35591698,0.02731144,-0.013865047,0.29080334,0.00039921975,0.0,-0.118860036,0.012962843,0.0024247488,-0.0025538737,0.15817493,0.099603474,-0.26446992,0.09281707,-0.033638276,-0.13408408,-0.042836007
0.18809971,-0.22686777,-0.067899,0.004423762,0.06014182,0.064121105,0.04384767,-0.6274731,-0.08255014,-0.046763983,-0.83055335,0.14628878,-0.3862042,-0.10967551,0.01612092,0.47426417,-0.21570568,-0.016183928,-0.5294033,0.015377062,0.011273105,-0.44603577,-0.85340023,0.073814385,0.10141654,-0.36921924,0.011985256,0.031747967,-0.10215597,-0.16748607,-0.45627025,0.00039921975,0.0,-0.10799576,-0.049738407,0.008125738,-0.001241345,-0.045735274,-0.21791293,-0.029979354,-0.09672282,-0.048491273,0.0604636,-0.37984157
-0.16885397,-0.23444383,0.07432175,0.0057161385,-0.87915045,-0.48067626,-0.09412,0.50003844,-0.08307079,0.061119746,-0.2871363,-0.25270906,-0.30757204,0.18648244,0.09177234,-0.10105725,-0.3384358,-0.22647591,-0.28838864,0.040723376,0.01080752,0.26479474,-0.93272984,-0.006814074,-0.22446406,-0.26828516,-0.018827477,-0.26647744,0.051946264,-0.1627863,-0.38485926,0.00039921975,0.0,-0.15776005,-0.0045764074,-0.01299946,-0.0025538737,0.11347316,0.104700886,0.10011792,-0.17866467,-0.056667496,-0.21160188,-0.10604374
0.11918411,0.9123398,0.16264135,0.0072198226,0.54821706,0.09411423,-0.103557475,-0.09256665,-0.053628586,0.012501438,0.408319,0.37149662,0.27252445,0.43373358,-0.15294077,-0.033145934,0.059185684,-0.47259128,-0.35738668,0.080364496,0.017730987,0.2986454,0.7281299,0.08134324,0.16328436,-0.2847909,-0.13689995,-0.014004359,-0.07549412,-0.07797879,-0.20110257,0.00039921975,0.0,-0.03630147,-0.017578842,0.0075362623,-0.0012861483,0.011628115,0.192857,0.035784226,-0.061511137,-0.06320748,0.12585196,-0.17062493
-0.22343351,-0.4365836,-0.1920323,0.004045178,-0.73265934,0.041841183,-0.20719458,-0.17395718,0.16660689,0.026662821,-0.24911043,-0.25211698,-0.047942217,0.25119153,0.0466692,-0.29151607,-0.23078488,-0.36699882,-0.23300038,-0.048772275,0.009820137,0.45196134,-1.2170777,-0.071438104,-0.1614888,0.51553607,-0.047215316,-0.24376087,0.053333525,-0.45600206,-0.43642977,0.0012404791,0.0,-0.57262367,0.02634253,-0.0037679395,-0.0096115805,0.06379025,-0.36749703,0.19878793,-0.05698469,0.13209562,0.16037282,-0.21724266
-0.20119126,-0.066524506,0.076662295,0.0063816532,-0.36676025,0.08849849,-0.3186082,-0.24011575,0.121438034,-0.23144272,0.7385594,-0.26078025,0.11732741,0.24922562,0.032280903,-0.5131539,-0.20954578,-0.058952596,0.61373067,0.037738767,0.008221686,-0.01993732,-1.1098555,-0.45705745,0.15615776,0.2898691,-0.04757562,-0.1048354,0.04792008,-0.0076596783,-0.12050788,0.0012404791,0.0,-0.11753382,0.049601167,0.007886129,-0.018282231,0.05483982,-0.3451803,0.09832175,0.016674284,-0.060153153,-0.009247453,-0.1794959
-0.33410218,-0.25965676,-0.013259196,-0.007975986,0.38653636,0.08975621,0.14423123,-0.7051337,0.16002682,0.012872781,-0.6459057,-0.44569117,-0.13919848,0.44454235,-0.17413774,-0.28803647,0.09122219,-0.012530304,0.7066001,-0.09471857,0.003965601,-0.099863596,0.6307087,-0.044067968,0.43011722,-0.27753416,0.024616854,0.029824473,0.025094233,-0.15012082,-0.3944484,0.0012404791,0.0,-0.79049104,-0.031804394,-0.025281476,-0.01019826,-0.100795776,-0.15864033,-0.27104372,-0.11627854,-0.031998906,-0.07631225,-0.2881923
-0.11109295,0.7911218,0.37181732,-0.008582862,0.6443174,-0.19422789,0.25763258,-0.5077368,0.1600872,0.15985204,-0.1665955,-0.21261439,-0.13856614,0.06374717,0.023798758,-0.26762003,0.12280897,-0.4796112,0.61441535,0.046638094,0.011874107,-0.050097246,-1.1746037,0.2548584,0.27888513,0.44651848,0.017963354,0.084541425,0.04343527,-0.06965389,-0.12383421,0.0012404791,0.0,0.051336575,-0.035209294,-0.030358773,0.0018750757,-0.079084456,0.11053587,0.32360777,-0.045781553,-0.05340255,-0.048960336,0.03893455
-0.25386536,-0.1343282,-0.46597815,-0.016013376,-0.25262916,0.1143208,0.10287352,-0.15851773,0.1407012,-0.030275472,-0.23189478,-0.33088708,0.07343817,-1.1645972,-0.20001042,-0.5162609,0.26109082,-0.105531506,0.71005166,-0.021149367,0.0049605994,-0.18336572,0.4723907,-0.46304923,0.11894847,-0.1665052,-0.06879699,-0.06807071,-0.118485436,-0.18301587,-0.47455612,0.0012404791,0.0,-0.7070545,-0.0015683128,-0.009233627,0.0029954156,0.041157022,-0.42904845,-0.068780236,-0.265858,-0.01242609,-0.25863346,-0.034060773
-0.029919723,0.46204105,0.19336869,-0.022747034,0.2612368,0.085137196,0.063974276,-0.3355525,-0.072366826,0.12523228,0.3776324,-0.15151505,-0.06510137,0.19518577,0.07197189,-0.28226587,-0.049660295,0.27942407,-0.18570168,-0.015876262,0.013954547,-0.4009633,-0.96195817,-0.08616005,-0.34276626,-0.3703765,-0.047076505,-0.5446199,-0.09568653,-0.5038947,0.51162547,0.00039921975,0.0,-0.43942094,-0.001950644,0.0016004737,-0.00030315068,-0.053028546,-0.01889739,-0.07793137,-0.18369427,-0.0072496794,0.03717696,-0.32569203
-0.39482567,-0.30164707,-0.19363105,-0.0050076796,-0.10337899,-0.3988444,-0.24730012,-0.47149426,-0.040696543,0.008280254,-0.2526892,-0.3934982,0.0058126985,0.37815258,0.1919687,-0.64828277,-0.1692483,0.29020393,0.66144603,-0.15068682,0.009542085,0.071807556,0.6679698,-0.2410315,-0.3080714,-0.48895752,0.056661107,0.116839565,0.013521517,0.14287655,-0.3043668,0.00039921975,0.0,-0.06704794,-0.020368129,-0.0014721842,0.0029539175,0.004338352,-0.55128205,-0.2855777,-0.08499263,-0.04186342,-0.23898248,0.111282036
0.09501986,-0.34187034,-0.24229741,0.001011466,0.4393548,-0.3527973,-0.07985216,-0.40839174,0.17241833,-0.034500577,-0.1797162,-0.2012497,-0.071611,-0.91510886,0.10925734,-0.34723657,-0.1334117,0.35757732,-0.23809679,0.04438273,0.015416322,0.0921794,-0.88648254,-0.030606432,-0.3001771,-0.27459848,-0.1046214,0.054155346,-0.10199564,-0.17038918,-0.41696966,0.0012404791,0.0,-0.7142992,-0.024785679,-0.011525799,-0.0013333152,-0.0699181,-0.13109563,-0.01834318,-0.00026058964,-0.09376248,0.21003583,0.082434185
-0.18772648,-0.12615788,0.11170278,-0.033205286,-0.09206499,0.12089305,0.19749452,-0.29024056,-0.05593032,-0.006490504,-0.26995882,-0.28936917,0.08174347,0.22513092,0.047550168,-0.5141352,-0.1011367,-0.25251842,0.5787065,0.1637179,0.008583787,0.049466766,-0.8596794,-0.41464218,0.18177393,-0.18247707,-0.11113884,-0.42437652,0.030094277,-0.51449645,0.5945857,0.00039921975,0.0,-0.37011218,0.009058056,-0.0018651148,0.0020016644,0.025672575,-0.3167189,-0.34157008,0.0380632,0.0033449593,-0.32012326,0.1608767
0.06973801,-0.6699138,-0.6001741,0.0027155727,-0.24094175,0.07250816,-0.05676967,-0.22848254,-0.07403377,-0.014411335,-0.31618252,0.18920273,0.34200424,-0.762229,0.06453554,0.46173388,-0.19507477,0.36481732,-0.49877134,-0.010642918,0.018314017,-0.059489362,-0.9182456,0.0030191652,-0.11539812,0.83972293,-0.142797,-0.032348752,-0.111577064,-0.10668791,-0.3800815,0.00039921975,0.0,-0.036148336,-0.03521799,0.0044376263,-0.0006994693,-0.021854106,-0.13521071,-0.058216687,-0.073301256,-0.067795604,-0.021894963,-0.35899073
-0.15044239,-0.45785883,-0.3080849,0.017761365,0.43089575,0.07399625,-0.31052938,0.61802983,-0.07159124,-0.10666603,-0.23623797,-0.31547982,-0.07457257,0.2933199,-0.20587783,-0.1604817,-0.13249066,-0.2835354,0.6461109,-0.09774551,0.004892546,-0.5391503,0.57107306,-0.023299655,0.14810689,-0.3478578,-0.15017799,0.1567502,-0.015168783,-0.59791285,0.23801549,0.00039921975,0.0,-0.1053209,-0.008555777,-0.0011023865,0.00044075493,0.09371934,0.098007984,-0.37354988,-0.009183766,-0.03692365,-0.0904193,-0.36474216
-0.07801148,0.69890606,-0.116667815,0.0023784442,-0.5240667,0.035504773,0.063680805,-0.6768085,-0.071004234,0.10307821,-0.24193802,-0.2894594,0.16451809,0.05987644,-0.30446616,-0.11215564,-0.26429677,-0.14594442,-0.32751012,0.1246011,0.013571506,-0.5697478,0.48367974,0.077282995,-0.10897877,0.33125052,0.007959668,0.09057042,0.041943558,-0.11107435,-0.41627368,0.00039921975,0.0,-0.10151921,0.018262502,-0.0038603425,-0.0012244108,-0.060899593,0.021677935,-0.24271822,-0.27868876,-0.032839876,0.011302495,-0.44816503
-0.35065153,-0.2773011,-0.15661395,-0.008359663,0.08612699,0.09449289,-0.28138393,-0.19194698,0.14770706,-0.090235956,-0.25568673,-0.48387533,0.11556117,0.3827461,-0.2636294,-0.32781142,0.030219968,0.41110128,0.7437118,-0.032613706,0.0060039284,-0.4213914,0.6308319,0.0062717726,-0.348029,-0.37852612,-0.0739105,0.023516081,-0.105103806,0.06501415,-0.43195835,0.0012404791,0.0,-0.81283885,-0.033631157,-0.020273423,-0.0006222286,-0.08614244,-0.05837586,-0.015546665,-0.16952397,-0.050430194,0.053036667,-0.18022329
-0.18972081,0.6618361,-0.2545751,-0.0023770058,0.46862462,0.1398198,0.033695016,0.649564,-0.055119198,-0.020994494,0.4300452,-0.35542506,0.22777316,0.60461855,-0.21731575,-0.031123983,-0.009320448,0.0458044,-0.25174892,-0.023525933,-0.12875696,0.40266424,0.7621438,-0.45111275,0.19007184,-0.13150835,0.060123216,0.017764483,-0.09860255,-0.025766574,-0.44835925,0.00039921975,0.0,-0.06132663,0.028492011,-0.00540771,-0.0013767437,-0.0707344,0.116125375,0.095232785,0.09658803,-0.015052593,0.0783328,-0.10183032
0.13296536,0.66515255,0.16213472,0.0038455264,-0.10487522,0.102708936,0.04488163,-0.41382208,-0.06278746,-0.09712602,0.28007808,0.19091895,-0.4276367,0.056123488,0.037012316,-0.08744996,0.08007228,-0.23862743,0.85306716,-0.11968123,0.010881063,-0.5334983,-1.195007,0.10905142,0.12758906,-0.30077615,0.0294679,0.13028957,0.03636058,-0.09951349,-0.5345232,0.00039921975,0.0,-0.08688801,-0.040700927,0.0034550875,-0.0009190807,-0.007212211,-0.04120511,-0.23620449,-0.46370104,0.0021344381,0.15654421,-0.32798097
-0.15309697,-0.45817152,0.013451717,-0.003361009,0.37846804,0.08451943,0.12404713,0.12753753,0.16916317,-0.11047801,-0.3755716,-0.41819018,-0.13277829,0.36485803,-0.19080546,-0.10139443,-0.13445273,-0.054575603,-0.37560105,-0.03382507,0.013768461,0.19499487,0.5517524,0.024106653,-0.50515926,-0.35459235,0.01255375,0.021651624,-0.08712044,-0.15660246,-0.0037107132,0.0012404791,0.0,0.037447713,-0.036359787,-0.02721935,-0.0006702183,-0.09599116,-0.008569144,-0.025858479,-0.10973799,-0.07905177,-0.01892878,-0.3239888
0.18930644,-0.19215326,-0.30961996,0.0029928791,0.48187336,0.06863337,0.0020319836,0.5264061,-0.055917222,-0.030140687,1.1470054,0.36908078,0.3228022,0.049749527,-0.113822244,0.30241922,0.14427094,-0.14950103,-0.42406708,0.035843574,0.016265316,-0.004867881,0.7850623,0.20194067,0.1679037,0.2948324,0.19443333,0.23016655,0.06711809,0.30306146,-0.39622787,0.00039921975,0.0,-0.048484895,-0.0028724733,0.0035169648,-0.0012244108,0.034848824,-0.036364112,-0.20145984,0.00474122,-0.026203843,0.10589171,-0.32086405
0.15995908,-0.6289615,0.06310474,0.0013304579,-0.09562811,0.06510969,-0.032308023,-0.61065936,-0.07856937,-0.07294213,-0.24360901,0.20835419,0.28317907,-1.0184784,-0.1781102,0.06883698,-0.18522547,-0.25629687,-0.5074119,-0.013217339,-0.12650114,-0.029067695,0.45474872,0.010865991,-0.26315624,-0.2803429,-0.11980785,-0.03720795,0.123843335,-0.22659203,-0.31974345,0.00039921975,0.0,-0.10688281,-0.04051804,0.0069768187,-0.0006702183,0.007034612,-0.06489695,0.25744122,-0.20004117,-0.040457334,0.030089242,-0.34277517
0.2179795,0.7204427,0.11288783,0.008777975,-0.20060138,0.05151914,0.09745389,-0.5760305,0.17026702,0.033585977,-0.17292373,0.28958955,-0.19759756,-0.036131028,-0.1583456,-0.06786517,0.14790995,-0.160961,-0.47190294,-0.007713897,0.011078064,0.502246,0.73949873,0.08156593,0.04846956,0.6944569,-0.109248735,0.044169065,0.14429912,-0.12430176,-0.23168786,0.0012404791,0.0,-0.47415724,-0.006599498,0.0060915956,-0.000873172,-0.0051912772,0.0040085157,0.28954765,0.2458571,0.013288058,0.1487763,-0.12287151
0.08427877,-0.24819788,0.066819444,-0.013552219,0.13089038,0.09714233,-0.1310857,-0.2456254,-0.055941977,0.105189964,-0.29776308,-0.30460185,0.14977145,-1.1025383,-0.23332527,-0.48670527,-0.16683286,-0.10970551,-0.3590408,-0.066810094,-0.10397525,0.16634238,0.36057442,-0.09123953,-0.2923845,-0.2928441,-0.12426407,-0.002766896,-0.023237832,0.28233892,-0.43188322,0.00039921975,0.0,-0.11627963,-0.014921758,-0.0015689353,0.0021728987,0.043468468,-0.47026742,-0.28682616,-0.2220553,-0.038302526,0.004254236,0.16686568
-0.18680988,-0.23960777,0.12730682,-0.0073777903,-0.33721486,0.13287704,0.20441623,-0.7179509,0.15706392,-0.008944062,-0.22665457,-0.23654604,-0.1389416,0.24330676,0.07139213,-0.26010683,0.07137435,0.3409914,-0.2917195,-0.017600838,0.01262036,-0.053096805,-0.95646876,0.013004139,-0.34774914,-0.25838742,-0.0878565,-0.009864744,-0.070732,-0.036472168,-0.1676237,0.0012404791,0.0,-0.07868301,-0.09536636,-0.026452223,-2.827146e-06,-0.06724403,0.07418843,0.008341828,0.1495873,-0.095302664,-0.03379948,-0.32049572
-0.18317981,-0.32375535,0.01989313,0.0043498306,0.42750445,-0.34435067,-0.039895214,0.31826273,-0.071732655,0.040541083,-0.31608403,0.16682409,-0.39580223,-0.10826242,0.11906179,0.2161755,-0.34386927,-0.1226622,-0.555699,0.054429524,0.012657054,-0.3696934,-0.92406654,0.24877298,-0.18156399,-0.4042664,0.025758844,0.052707978,-0.08574657,-0.16083825,-0.3886809,0.00039921975,0.0,-0.052909985,-0.013499693,0.008845539,-0.0009190807,-0.048544,0.030245157,-0.079398416,-0.17409647,-0.054102473,-0.15202446,-0.44139627
-0.5251369,-0.23261654,0.036740847,-0.012257589,0.47315913,-0.4590522,0.058530975,0.61816114,0.14825878,-0.050203506,-0.34983066,-0.41748336,-0.018880153,-1.1510464,-0.20438054,-0.78061146,-0.121681444,-0.076706365,-0.424521,-0.15656771,0.009795964,0.11247613,0.28717306,-0.18831019,0.1551854,-0.26592362,0.11222507,0.06760688,-0.033165995,0.15093021,-0.41797394,0.0012404791,0.0,-0.7661556,0.016816564,0.0016389044,0.0029539175,0.014853754,-0.742446,-0.21900111,-0.10263492,-0.0096012335,0.05255899,0.17040434
0.043953575,-0.20699976,-0.008510109,0.0077385637,0.23083408,-0.22980978,-0.040365096,0.55230725,0.43411243,0.11937729,-0.2673065,0.22929744,0.31574324,-0.08972325,0.16088219,0.046696734,0.09654652,-0.14031991,-0.39055026,0.06303703,0.019349262,-0.6255676,0.78288007,0.25493124,0.4212831,-0.4009527,0.08387553,0.029195074,-0.068592,-0.10218283,-0.1707646,-0.011950837,0.0,-0.017709669,0.05670359,0.008992572,-0.0013767437,0.021759214,0.05891201,0.0032967161,-0.08966745,-0.017229743,-0.0012103048,-0.21981655
-0.17344384,-0.09651308,0.22124676,-0.018768199,-0.15622945,-0.39705503,0.09771215,-0.18085442,-0.073008336,0.12727226,0.4828271,-0.13641357,-0.02316359,-0.84076124,0.07595888,-0.2542081,-0.06454633,0.47807872,-0.35633525,0.17662324,0.013549954,0.13405621,-0.8830629,-0.14215116,0.09450694,0.40561754,-0.01123843,-0.41289037,-0.13592069,-0.4269733,0.4108116,0.00039921975,0.0,-0.01572962,0.039891455,0.0023266405,-0.019332537,0.13750882,-0.26160184,-0.18992212,-0.031136926,-0.027549947,-0.21733887,-0.43068954
-0.0031684744,-0.14274205,0.10967055,0.009350324,-0.20740831,0.10169458,-0.0039557978,-0.91011804,0.14546122,0.0013826275,0.9222393,-0.25430256,-0.08765209,-1.1334522,-0.24149922,-0.25286233,-0.054651048,0.34206906,-0.42469615,-0.014398394,0.010621518,0.21167226,0.4461765,0.025322098,-0.15929711,-0.47221932,0.079442635,0.00085493503,-0.102020696,-0.21072535,-0.07406523,0.0012404791,0.0,-0.029920515,-0.05264246,-0.017588262,-0.0006222286,-0.09351638,-0.012397794,-0.043094732,0.00047575653,-0.058901303,-0.0004133333,-0.22925375
0.09009123,-0.68310905,0.07682685,-0.022725455,-0.8741363,0.11061872,0.019347996,-0.4205879,-0.08015734,-0.17557591,-0.37506357,0.07814329,-0.08666679,-0.99353087,0.08978532,-0.042902946,0.03996844,-0.21025215,-0.3599687,-0.04654929,0.022680597,0.071811765,-0.8627625,0.08572292,0.086902514,-0.27596447,0.012338153,0.0010452342,-0.07188662,-0.22187048,0.46827486,0.00039921975,0.0,-0.3188539,-0.025092838,0.0015223296,-0.0009190807,-0.020633282,-0.0041238144,0.3249986,0.07883195,-0.050585296,0.060824167,-0.40122083
-0.18468277,0.5207458,0.21087435,0.009713396,-0.9712034,-0.31625038,0.08572865,-0.21589278,-0.050662544,-0.1401235,0.26003075,-0.25526062,-0.42311573,0.20404847,0.052064277,-0.380807,-0.03897655,-0.2658987,-0.30773878,-0.23402958,-0.19171107,-0.2777839,-0.8577665,-0.4043153,-0.18393327,0.41089833,-0.041554563,-0.0071090255,0.053308703,-0.5148871,-0.45366302,0.00039921975,0.0,-0.10900282,0.012569571,-0.0046981866,-0.018282231,0.07028416,-0.30582333,0.25707653,-0.0843249,-0.026664253,0.01022221,-0.06907989
-0.014197828,-0.10999275,0.12561156,0.009833618,-0.091285154,0.09421581,-0.32103914,-0.122512765,0.15432341,0.112236306,0.29441246,-0.23659648,-0.16053769,0.23454027,0.11266887,-0.2504065,-0.10166786,-0.20325726,0.4714634,0.011525432,0.010093762,-0.3707624,0.75625086,-0.18347014,0.25154284,-0.45611897,-0.101137035,-0.4911265,0.05091625,-0.6901705,-0.11547666,0.0012404791,0.0,-0.065293886,-0.08065143,-0.022218894,-0.0012861483,-0.072712876,0.0664933,0.03210838,-0.05282965,-0.049571782,-0.022710018,-0.034449253
-0.38721743,-0.17130396,-0.3949947,0.0037939926,-0.75205874,-0.35490954,0.06871261,-0.64352256,0.13700144,-0.041981816,0.27784774,-0.3032764,0.082537554,0.31965208,0.05340673,-0.6211216,-0.1541412,0.2993345,-0.31317464,0.12396168,0.010606334,0.31835297,-1.0819253,-0.3256341,-0.12711056,0.6136062,-0.01933255,-0.0018842949,-0.0065924358,-0.14360204,-0.42815945,0.0012404791,0.0,-0.78123635,0.020433944,-0.009555768,-0.0038212975,0.060246393,-0.45372522,-0.3070874,-0.062330138,-0.0837861,-0.07425401,-0.25775412
-0.12422032,0.59912354,0.1931548,-0.011701625,-0.28489706,0.08663538,0.19689639,0.33954605,0.17588708,-0.20735592,-1.032197,-0.2339669,-0.29172602,0.46673876,0.012978798,-0.18836366,-0.026033247,-0.06511052,-0.23320365,0.093225144,0.014301615,-0.47900122,-1.1355418,-0.19947302,0.075051636,0.26104012,-0.07237874,-0.21350966,0.026188929,-0.5510211,-0.06056599,0.0012404791,0.0,-0.23255144,-0.044059902,-0.035084058,0.0018750757,-0.054988477,0.0959566,0.11504631,-0.08591799,-0.05491657,-0.071015276,-0.18379378
-0.34075183,-0.6345181,0.055685192,0.002709916,0.36857128,0.08085003,-0.21206637,-0.38719732,0.16546427,-0.093580395,-0.27550155,-0.2871121,0.11073874,-0.09965788,0.09998831,-0.27341393,-0.10351613,-0.04126383,-0.22101453,0.117162935,0.015232641,0.13287856,-1.0585567,-0.08350228,-0.31313843,-0.24116853,-0.115859516,-0.0089528095,0.0034531974,-0.11931456,-0.50378436,0.0012404791,0.0,-0.78183013,-0.045411397,-0.018585896,-0.00030315068,-0.08095485,0.14287223,-0.20969725,-0.09135194,-0.1070206,-0.0651375,0.13215123
-0.15605786,0.47285604,0.33381337,0.0029613604,-0.28694376,0.060412534,0.13089934,-0.5465983,-0.041215517,0.0231673,0.3431218,0.16236126,0.32208902,-0.8463122,0.0878652,0.89919907,0.038817644,0.4070593,0.8893821,-0.05413752,0.009382475,-0.28212753,-0.5597195,0.099204585,-0.12808344,0.5064523,0.07503547,0.1562052,0.033075742,0.43694174,-0.18144998,0.00039921975,0.0,-0.014166154,-0.0322259,0.0020894548,3.3301185e-05,0.007334759,0.17061713,-0.23874617,-0.35016167,0.04693284,-0.05852784,0.33826327
-0.049795993,-0.38744262,-0.34564134,-0.019010339,-0.29520455,-0.46414545,0.17403536,-0.27721092,0.15860653,-0.20737064,-0.25272858,-0.24081352,-0.21684432,-0.12407292,0.028065419,-0.194856,-0.10380965,0.24941674,-0.36044392,-0.030358838,0.016460482,0.25939232,-1.204049,0.06996537,-0.1578696,-0.27712858,0.03692674,0.055819914,-0.06444217,-0.12089285,-0.22159027,0.0012404791,0.0,-0.26026472,-0.098387934,-0.03173043,-0.0028062868,-0.059212394,-0.088232204,0.013978636,-0.08006917,-0.0953826,0.114171304,-0.33998793
-0.07239372,-0.1094796,-0.27991158,0.0012200035,-0.11398381,0.09620623,-0.1344912,0.17342924,-0.06791112,0.11197274,0.32913032,-0.18300068,0.34000507,-0.74745417,0.033284828,-0.0966148,-0.14606962,-0.26842695,-0.18543157,-0.11284438,0.01904463,-0.11908461,-0.62070096,-0.12456545,-0.1639957,-0.3117577,-0.0804208,-0.32875428,0.10238041,-0.6564216,-0.39389533,0.00039921975,0.0,-0.119479865,-0.008749702,-0.011035232,-0.001241345,-0.048003912,-0.0045890245,0.019684728,-0.05558698,-0.07109375,0.013912378,-0.327411
-0.23430037,-0.21097203,0.1618894,0.00879366,-0.8042573,0.07858979,0.012523333,-0.6067405,-0.0617825,-0.22965768,-0.32036892,0.12396758,-0.41816097,-0.8776996,0.039940886,-0.08046757,-0.002476277,0.041862454,-0.4042889,-0.12152635,-0.1369175,0.23274297,-0.73442394,-0.045389056,-0.12526412,-0.30580032,-0.071077935,-0.004911222,-0.060701896,0.35844594,-0.5428344,0.00039921975,0.0,-0.052693572,-0.0450497,0.0032342232,-0.0012248707,-0.047573768,-0.01831302,0.036730245,0.10720144,-0.01697971,-0.22338586,0.3184093
-0.12915577,-0.3158831,0.15974705,0.0019052343,-0.10104259,0.04660719,-0.010182947,-0.14372379,-0.063565195,0.02814576,-0.35136208,0.2073732,-0.4268069,0.022831554,0.12996097,-0.1887692,-0.28584862,-0.7565325,0.8876448,-0.12754205,0.01054183,-0.707877,0.6460043,0.099253014,-0.22311941,-0.45052606,0.017942537,0.032552768,-0.10558119,-0.15724598,-0.5495334,0.00039921975,0.0,-0.05090418,-0.059169058,0.010811072,-0.0012861483,-0.008857142,0.056763366,0.34114134,-0.39497757,-0.0137420595,-0.19942984,-0.31626365
0.031222576,-0.11716315,-0.42076495,0.002749774,0.4128724,0.059450384,-0.12562445,-0.6286748,0.18463062,0.13367404,-0.18966664,-0.13579409,-0.25642306,-0.64349455,0.060777873,-0.28104058,-0.17512311,-0.14182666,-0.18171616,-0.08878254,0.009037041,-0.30075863,-0.7760682,-0.05646946,0.11330584,-0.22975127,-0.013885157,-0.13528064,-0.092067584,-0.46470094,-0.32174832,0.0012404791,0.0,-0.64807147,-0.033748392,-0.019753875,-0.001241345,-0.08382194,0.13836873,-0.08166296,-0.10638056,-0.06254152,-0.1656903,-0.17720237
0.076271035,-0.2527736,0.094427556,0.0076713874,-0.12263396,0.07050999,-0.164238,-0.11811646,-0.07615526,0.07970981,-0.89991724,0.31029996,0.26889172,0.45600352,-0.08582187,-0.09852035,-0.13802156,-0.64006954,-0.507628,-0.012143314,0.010097539,-0.6298183,0.5914395,-0.028472427,0.16024198,-0.21391776,-0.12724406,-0.14022861,0.031782318,-0.11371164,-0.3345378,0.00039921975,0.0,-0.10596535,-0.03589123,0.008281758,-0.0012861483,0.023978889,0.10778044,-0.17222872,-0.13851671,-0.09153991,0.06520147,-0.37886828
0.22273126,-0.17045511,-0.13506655,0.00952551,0.33770412,-0.29433182,0.027628502,-0.16049314,0.17537422,-0.097127214,-0.27623466,0.20493916,-0.2932242,-1.0381918,0.051325113,0.35183242,-0.25385535,0.19432834,-0.5608896,-0.046168115,-0.12776795,0.3451981,-1.0284309,-0.06918451,0.19533874,-0.2638618,-0.09062861,-0.062236965,-0.09399593,-0.11644591,-0.21704257,0.0012404791,0.0,-0.51170874,-0.022765249,0.0024578914,-0.001241345,-0.06453092,0.012916507,-0.0635712,-0.10849519,-0.0034498724,0.06901795,-0.3220436
-0.2607473,-0.2596315,0.00074961997,0.0042479513,-0.108399674,0.051214017,-0.2306492,0.044295914,0.1904439,-0.1000358,-1.0572152,0.22069922,-0.25077233,-0.0752889,0.063600555,-0.12510654,-0.18987331,-0.14555544,-0.46781904,-0.14573236,0.012805097,-0.04923262,0.62131315,-0.04980265,-0.2234147,-0.33815652,-0.030747697,-0.06519878,0.000490207,-0.37889922,-0.3318023,0.0012404791,0.0,-0.7064747,0.008574909,0.009665342,-0.0012861483,-0.03201021,0.06842526,-0.2534088,-0.16773705,-0.015719945,-0.32294676,-0.09794222
-0.15415384,-0.16134629,0.1822238,0.0036492,-0.42587754,-0.4331387,-0.07296825,0.15882666,-0.07029521,-0.029037058,0.4171741,0.09321757,-0.34009254,-0.9932624,-0.04303917,0.015615244,-0.04166915,0.41123167,-0.33047658,-0.22378835,-0.15286715,0.077897206,-0.8555572,-0.2498382,0.049518604,-0.30515212,-0.052578032,0.021004252,0.022845902,-0.09335983,-0.31091943,0.00039921975,0.0,0.0066275345,-0.026049424,-0.0019130863,-0.00025516097,-0.038844865,-0.025222128,-0.19984308,0.19419643,-0.017065523,-0.21856879,-0.2374108
-0.1960312,-0.28505123,0.05669907,0.0035196904,-0.12951872,0.10812074,-0.11094334,0.38347352,-0.056748945,-0.15191652,-0.39566302,-0.29160157,0.0024267116,0.39098662,-0.037964445,-0.5963847,-0.09961482,0.3479882,-0.3114021,0.1608631,0.013861639,-0.09208768,-0.8141624,-0.44921264,-0.22549628,0.13559641,0.021387469,0.047061585,-0.13616996,-0.13776274,-0.44330847,0.00039921975,0.0,-0.003813641,0.02055999,-0.0011256661,-0.018282231,0.03161253,-0.47618613,0.048047874,-0.17875963,0.14994985,0.07518426,-0.06839709
-0.18434435,-0.11333605,0.15198334,0.006195252,-0.72035104,0.07179031,0.071199946,-0.74918646,0.14051467,0.09168477,0.22419137,-0.20230429,-0.05203643,-0.705344,0.07313357,-0.36335385,-0.061591726,-0.16402084,-0.22561914,0.0004562221,0.017711964,-0.13866334,-0.6602388,-0.28851253,-0.14964317,-0.30611128,0.029683284,-0.08984161,0.16229407,-0.24959509,-0.5522501,0.0012404791,0.0,-0.5996792,-0.0010286588,-0.004850955,0.0060131964,0.085240506,-0.1422044,0.31532028,-0.15506284,-0.062023282,0.012718621,-0.028140182
0.18932237,0.6324486,0.16757491,0.0006735004,-0.36076945,0.12227599,0.06652207,0.29529658,-0.053631477,0.028104927,-0.24742423,0.16870181,0.3405351,-0.9529562,0.004276392,-0.11528253,-0.029321814,0.53137106,1.1532223,0.010087641,0.01102184,-0.05959291,-0.71541613,0.1434943,0.063457645,0.77158004,0.08445094,0.03203978,-0.09225074,-0.14653948,-0.26064506,0.00039921975,0.0,0.042639986,-0.015310651,0.017342634,0.0025389954,-0.012270793,0.122704715,0.058398776,0.11824357,-0.02772296,0.12963167,-0.24521501
-0.24090192,-0.15040635,-0.08163523,0.0011184891,-0.46792856,0.09644081,0.117067315,-0.24892655,0.17691474,-0.18332735,-0.73118085,-0.20962985,-0.20303541,-0.6998748,0.048586015,-0.21622102,-0.1763324,-0.13710341,0.48329073,-0.097826585,0.0080877,0.0025595091,-0.8707614,0.056144215,0.11115061,-0.17853984,-0.08259632,0.06539071,0.08771202,-0.021979697,-0.39579728,0.0012404791,0.0,-0.4999573,0.024532998,-0.0040854327,-0.0009190807,0.100102656,0.05316839,0.05409206,-0.03953248,0.15928116,-0.33465454,0.0007081876
-0.094067484,-0.11918198,0.257438,-0.00725287,-0.10503835,0.15900782,0.112983145,-0.21219945,-0.045669366,0.13449383,0.50373226,-0.15878154,0.0060286624,-0.6439216,0.087487854,-0.06239029,0.08364339,-0.18743241,0.6117596,0.25209185,0.012531308,0.3641765,-0.81127626,-0.12858647,-0.23502816,-0.16762254,-0.068573646,-0.00017517665,0.15134674,0.00284791,0.8537044,0.00039921975,0.0,-0.045778647,0.025384422,-3.5714096e-05,-0.0007802318,0.15387508,0.05755515,0.15494715,-0.04457304,-0.03266808,-0.066380516,0.16875005
0.22053674,-0.1537393,-0.46294302,0.0077095535,-0.04021353,0.051225416,-0.22373083,0.13860255,0.19252597,0.051794514,-0.24922688,0.18270586,0.30834854,-0.80097324,0.05546276,-0.090001896,-0.33613977,-0.16149399,-0.4966521,-0.10495315,0.013919398,0.47585705,-0.7851986,-0.0688443,-0.2975479,-0.21185765,-0.08581699,-0.12642726,0.017648429,-0.4067919,-0.26260102,0.0012404791,0.0,-0.49987832,0.00020605308,0.008047583,-0.000625415,-0.02814757,0.07666832,-0.28630772,-0.12661016,-0.012999645,0.07925723,-0.08132577
-0.15515839,-0.18878262,0.123834446,0.0029517827,0.018513856,0.099239744,0.119459614,-0.29057914,-0.07878867,-0.033802398,-0.26575124,-0.21007101,-0.010256749,-0.057141643,0.06907737,-0.24895649,-0.08404412,-0.0028597093,0.48432913,-0.07209986,0.010306103,-0.036741223,-1.1218152,-0.076629594,0.15733157,-0.23942225,-0.043925226,-0.12826055,0.0014511254,-0.077051766,0.27395818,0.00039921975,0.0,-0.08395541,-0.0015526786,-0.0011159913,0.0060131964,0.16047724,0.04517574,-0.32236636,-0.008765792,-0.026466995,-0.28777227,-0.34209755
-0.18566148,-0.16560163,-0.01600398,-0.008004533,-0.06749167,0.08872283,-0.1542158,-0.42944282,-0.06691326,-0.1171599,-0.16136321,-0.28764352,-0.20991975,0.24757311,0.04691555,-0.35655382,-0.058691822,-0.031379104,0.6882795,-0.00030706543,0.0077954377,0.08082353,-1.0112551,-0.24129146,-0.25303757,-0.32922915,-0.09905723,-0.44584024,0.032650787,-0.66004515,-0.40579063,0.00039921975,0.0,-0.100686595,-0.01227566,-0.014594671,-0.001241345,-0.055917144,0.08009292,0.29524466,-0.028708192,-0.061521444,0.08651497,-0.22042824
0.18021235,-0.27205655,-0.40923712,0.0014439761,0.38815966,0.06849501,0.038968895,-0.099763736,-0.051640213,-0.021887738,0.36550307,0.4135273,0.26525524,0.07639739,-0.14876555,0.57300335,-0.14891662,0.51953816,1.2054666,-0.12151764,0.010814029,0.18364997,0.6044462,0.07289233,-0.22655237,-0.39137873,0.02560386,0.04589826,0.06277703,-0.15233196,-0.39825884,0.00039921975,0.0,-0.030180234,-0.015369282,0.01643803,-0.0006222286,0.039913546,0.021357456,-0.13006203,-0.015515183,-0.042687543,0.18588054,-0.10402222
-0.23592348,-0.19220808,0.19982699,0.0025324852,0.19788402,-0.20525753,0.067497425,-0.36845297,-0.058299493,0.011499501,-0.27790183,0.3803944,0.25564736,0.40787274,-0.16270286,0.55429554,0.046009675,0.040075175,-0.4033231,-0.108286425,0.015121861,0.15914682,0.66527396,-0.13025714,-0.21073993,0.9283532,-0.090940945,-0.072006695,-0.10874603,0.47187835,-0.38140392,0.00039921975,0.0,-0.019263983,-0.015561685,0.015819931,-0.0012066694,0.0038846682,0.112441614,-0.019087266,0.14168474,-0.004351237,-0.20363122,0.37509128
-0.21042033,-0.20639373,-0.5991604,-0.002869783,0.3601756,0.07730272,0.11563846,0.3959646,0.15103965,-0.27877408,-0.33831686,-0.2566827,-0.10591098,0.35771027,-0.050105907,-0.09812432,-0.15337798,0.28528103,-0.32223004,-0.030915454,0.009672257,-0.50614154,0.6345064,-0.40950084,-0.29153687,0.3635876,-0.13026816,-0.4071586,-0.029465001,-0.43990985,-0.015971301,0.0012404791,0.0,-0.20890102,0.040661044,0.01138034,-0.0005604911,0.13468526,0.05158897,0.08471124,0.0087874,0.1034532,-0.039000265,-0.05838482
-0.15601178,-0.27942675,-0.20095941,0.0032721444,0.16813171,0.107065596,-0.027168114,0.53844744,-0.07864351,-0.03459129,-0.3604773,0.10942706,-0.51016814,-0.91189,-0.024550712,-0.064441726,-0.057312932,0.05715667,-0.4352776,-0.1052963,-0.094762914,-0.28960857,-0.7832097,0.012595644,-0.16641636,0.3637865,0.021686494,0.026714627,0.052522,-0.18833132,-0.4935399,0.00039921975,0.0,-0.076957494,-0.025425997,0.00920837,0.0018750757,-0.05690884,-0.04824072,-0.2506839,-0.13258721,-0.055382945,-0.1425823,-0.27432314
-0.3381941,-0.21277177,-0.6818533,0.0074932687,-0.056535114,0.12695956,0.19893007,0.06955207,-0.08082801,-0.044386264,-0.33120045,-0.25954273,-0.10969465,-0.01837522,0.0047815843,0.1669274,-0.16331948,-0.025012692,0.85429716,-0.10606719,-0.1352846,-0.4010331,-1.0123416,-0.1009796,-0.22838151,0.48027784,-0.06946607,-0.120336965,-0.020505983,-0.0729234,0.54610056,0.00039921975,0.0,-0.081045054,0.0117152,-0.008944009,-0.0006994693,-0.060932133,0.009425277,0.29277676,-0.0061689653,-0.028437076,0.14025277,-0.012441543
-0.12489668,-0.18035999,0.29276922,-0.019227937,0.14897479,0.16740294,0.15836117,0.72829854,-0.07508749,0.14484194,-0.40825564,-0.15106443,-0.03838278,-0.6603689,0.15834644,0.12581143,-0.014957774,0.32855397,-0.24220441,0.17146151,0.021011952,0.22080505,-0.62085193,-0.30987942,0.19281954,-0.20637222,-0.058483712,0.047655363,0.15994956,0.10615484,0.87953943,0.00039921975,0.0,-0.014228371,0.04435648,0.011532754,0.0060131964,0.24322486,0.048751704,0.33628228,-0.09863819,0.0049780714,0.117293745,0.23297846
-0.40456328,-0.13785698,-0.34529844,0.0040772837,0.10334836,-0.30311963,0.06099961,-0.37661743,0.16988982,-0.05282524,-0.71018195,0.21106867,0.22628066,-0.031616192,0.028312342,0.59657943,0.024929792,0.03672689,0.97367924,-0.035355914,0.0059259087,-0.13815384,-1.0449629,-0.034266405,-0.19139384,-0.29753768,-0.01378713,-0.047389522,-0.10859037,-0.16685776,-0.3254134,0.0012404791,0.0,-0.49720708,0.050376933,0.014196824,-0.001241345,0.007973013,-0.1108474,-0.074183844,-0.3274185,-0.023842406,-0.19881175,-0.27059078
0.23639002,-0.4260188,-0.2434415,0.0014083134,-0.15307368,-0.4780725,0.11770371,0.427301,0.14258923,-0.061754726,-0.29707053,-0.5275461,0.006479088,0.3089946,-0.15824613,-0.652735,-0.15349936,-0.061907686,-0.40478462,0.12802164,0.01583823,-0.06150507,0.41976997,-0.0027102195,-0.2771806,-0.36419898,0.019786235,-0.021379583,-0.11447107,0.19700944,-0.37673452,0.0012404791,0.0,-0.76766443,0.019648911,-0.007171311,0.0029539175,-0.01976326,-0.55880874,0.022719752,-0.107877575,-0.007327088,0.003384981,0.09043645
-0.14268227,0.48676348,0.1567958,-0.01902321,0.42985824,0.09607607,0.1659974,-0.28281838,0.13920046,-0.18010919,-0.20275642,-0.20242484,-0.159095,0.33411953,0.04361583,-0.295743,-0.14335722,0.30777368,-0.27354813,-0.12543446,0.019871797,-0.2947376,-0.8336705,-0.4835724,0.19341257,-0.27712774,-0.028815506,0.0075907987,0.07169201,-0.42173076,-0.11557167,0.0012404791,0.0,-0.033819966,0.03328893,0.027635906,-0.002384313,0.11808653,-0.28624585,0.0701966,-0.14430684,-0.024198556,0.094936416,-0.02990102
-0.2567689,-0.23063599,0.2568831,0.0009864351,-0.18043911,-0.45543775,0.11180636,0.07658367,-0.09270018,0.030626567,-0.8501515,-0.22531925,-0.0855343,-0.6547558,0.054001972,-0.24951671,0.045788642,-0.59036994,0.68114656,0.029612463,0.0068097543,0.19333655,-0.81985,-0.10137784,-0.16292621,-0.27827436,-0.07069477,-0.025625696,-0.096396476,-0.5569387,0.29335892,0.00039921975,0.0,-0.10867015,0.00296889,0.0073344233,-0.0009190807,-0.09039299,0.12097018,-0.07788618,-0.11240187,-0.025007226,0.110315286,-0.19270164
-0.3421718,-0.13447264,-0.45597103,0.0033494695,-0.65645367,0.123388134,-0.28551367,0.20591228,-0.057599068,0.031970914,0.8979065,-0.1984876,0.012834605,-0.9219102,-0.0013784985,-0.26233485,-0.11405421,-0.10619066,0.4623876,-0.14600547,-0.117050044,-0.112609014,-1.062017,0.09109875,0.10588735,0.2084643,0.0029882402,-0.03466634,-0.0075675705,-0.10570487,0.6980945,0.00039921975,0.0,-0.04525304,0.007708867,-0.003217858,-0.0096115805,-0.05594126,-0.16935444,-0.48177254,0.004194796,-0.036816806,-0.045882683,0.07526249
0.32057685,-0.27114204,-0.22452262,0.005448991,-0.19348893,0.039072886,-0.26205203,0.07742744,0.16228405,-0.10558538,-0.21831009,0.38637814,0.29033777,0.18345785,-0.15909746,0.6249057,-0.17364252,-0.12848829,-0.4655593,-0.12235484,0.015258001,-0.97024804,0.50447106,0.32596827,-0.2937133,-0.29915103,0.181159,0.12214514,0.025393352,0.36760205,-0.3059568,0.0012404791,0.0,-0.6390309,-0.07906271,0.004136662,-0.0014174661,0.016743898,0.29972026,-0.13427204,-0.11313747,-0.024460688,0.0736432,0.26340744
0.32734865,-0.25355804,-0.32610938,0.0035485034,0.37273523,0.072561376,0.047969088,0.51577634,0.16830967,-0.10958995,-0.23250172,0.18548602,-0.37611902,-1.0623848,0.033518553,-0.09800114,-0.14089735,-0.14645293,-0.45919755,-0.017912097,-0.13271093,0.15603451,-0.9356454,0.1207302,-0.118943304,0.4398683,0.00765305,-0.0011449913,0.05429629,-0.21320042,-0.39265117,0.0012404791,0.0,-0.67545575,-0.035802577,0.025870092,-0.0006994693,-0.04946436,0.005622313,-0.21529004,0.065899245,-0.023117322,0.12515058,-0.35498407
-0.15332067,-0.68379486,0.01877335,0.0016170869,-0.12215535,0.04774938,0.06722308,-0.1477437,-0.07820047,-0.010256955,-0.37929165,-0.32893243,0.25853357,0.28141254,0.2656016,-0.13039292,-0.19436109,-0.2727172,-0.36069366,-0.016425215,0.012552422,0.14439094,0.7977884,0.031920716,-0.36255708,0.44136605,-0.08461385,-0.21880142,0.030023234,-0.39700973,-0.46814674,0.00039921975,0.0,-0.12878288,0.0050937952,0.0052156677,-0.000257242,-0.04162216,-0.027045636,-0.329132,0.020632982,-0.011432198,-0.13094032,-0.4188225
-0.13738452,-0.115638986,-0.32361534,0.0023055575,0.36426088,0.017150952,-0.15317807,-0.48892006,-0.059213128,-0.13804805,-0.6648614,0.17338906,0.2740399,-0.004070173,0.017833855,-0.08476561,-0.1284409,-0.15463883,0.5704395,0.046650603,0.008775995,-0.15359725,-0.9928533,-0.36823708,-0.10491555,-0.26795515,-0.070357636,-0.3078103,0.061498176,-0.34114712,-0.21818323,0.00039921975,0.0,-0.05293789,-0.033434544,0.012379179,-0.001241345,0.01076333,0.123376206,-0.04555856,-0.24840596,0.034114834,-0.15330045,-0.051974665
0.21471396,0.80357134,-0.040420264,-0.003879105,0.518686,0.09195421,-0.30603236,0.4971983,0.15486775,0.06023402,-0.2503298,-0.30974466,-0.11537763,0.38355798,-0.13139904,-0.17187595,-0.0452106,0.28645656,-0.26715425,0.023197474,0.013719881,0.31865776,0.74141294,0.09222476,-0.12366629,0.6160891,-0.09945734,0.002218823,0.039264753,0.22356279,0.02083917,0.0012404791,0.0,0.1488714,-0.044184152,-0.028251458,-0.00054274965,-0.059657518,0.07760702,-0.21037209,0.09358444,-0.0658689,-0.04952338,0.112950884
0.18223938,-0.34239206,-0.24222878,-0.0025079888,0.4207286,0.08587328,-0.15871443,0.044029996,-0.08448245,0.03891498,-0.731083,-0.40440753,-0.2017133,0.5110156,-0.17376947,-0.31896073,0.056872398,-0.67592996,-0.2645673,0.038972992,0.0073393146,-0.11530868,0.50714403,0.007892045,0.1581923,-0.24132904,-0.2008746,-0.016182858,-0.0069255107,-0.092444584,-0.40283924,0.00039921975,0.0,-0.1716005,0.02015043,-0.0064923777,-0.0013767437,-0.08117195,0.08949426,-0.27995652,0.069175094,-0.031516798,-0.20757994,0.06589699
-0.3536755,0.42934865,0.09521199,-0.00032257638,0.31411225,0.04979255,-0.3710728,-0.26133394,0.12890723,-0.010396592,0.2865684,-0.20082065,-0.24143876,-1.0122036,0.049757782,-0.43554953,0.07915178,0.03687034,0.20563895,-0.04290116,0.011505018,-0.41367206,-1.0307674,-0.2515441,-0.15753242,0.6134635,0.10660489,0.081891656,0.031809557,0.21966788,-0.5560066,0.0012404791,0.0,-0.6867827,-0.017291447,-0.008974522,-0.00063061854,-0.06332169,-0.03930181,-0.25683355,-0.06953457,-0.10669217,-0.10712073,0.17043394
0.06985172,-0.63189465,-0.3228075,0.004267921,-0.9976536,0.105858885,0.1073983,-0.18651217,0.13977742,-0.15547055,0.24462596,0.30547318,0.14665933,0.30273926,0.14581776,0.29942164,-0.053267974,0.3028957,-0.45257923,-0.05639511,-0.20139152,-0.15289597,0.8510894,0.046537656,-0.19288057,-0.32766667,-0.003071173,0.07770869,0.025164807,-0.20086057,-0.38926533,0.0012404791,0.0,-0.6488857,-0.05659883,0.0015190989,-0.000712824,0.0036102766,0.008322607,-0.18188006,-0.19402064,-0.017365607,-0.0928066,-0.44883183
-0.29216066,-0.12487511,-0.09220023,0.015179038,-0.74995196,0.08208463,-0.31270978,0.18118602,-0.075764984,0.052257784,-0.2896895,-0.21064393,0.057061877,-0.86445075,0.0044922796,-0.38470128,0.027398111,-0.004170872,0.5358019,-0.106677115,0.00789986,-0.12498562,-0.92558926,-0.15062091,0.1513061,0.4438138,-0.026446033,-0.023077697,-0.014120933,-0.021969989,0.39069563,0.00039921975,0.0,-0.042039324,0.0072364947,-0.003217858,0.004576212,0.04191143,-0.37933415,-0.464564,0.0347503,-0.05700861,-0.048567723,-0.018063245
0.012911838,-0.15215664,-0.4297879,-0.013706436,-0.17506607,-0.3542736,0.004950845,-0.59821534,-0.06934813,0.0793426,0.2959617,-0.34588793,0.100815885,-1.2088785,-0.25022987,-0.3086046,0.012124551,0.3736603,-0.36709294,-0.06902001,-0.11679544,0.19085813,0.50235415,-0.042179585,0.19920416,-0.39389327,0.09114972,0.09528085,-0.042407293,0.32724753,-0.399413,0.00039921975,0.0,-0.07386616,0.00067649875,0.011617507,-0.002982408,-0.10821975,-0.55625707,-0.33732283,-0.27389282,-0.01597626,0.16617614,0.09830603
-0.19086401,-0.27740613,0.19785942,-0.016966736,0.3182244,0.088387676,0.19338809,-0.21179914,-0.07729781,-0.0932677,-0.3476385,-0.25035313,-0.074710585,0.3345883,0.067055576,-0.07024871,-0.11645157,-0.26249805,-0.31546405,-0.17822552,0.013030364,0.071294606,-1.2553858,0.03159015,-0.26443192,0.33570006,-0.0378602,-0.15444258,0.07948966,-0.007902391,0.5550702,0.00039921975,0.0,-0.09743569,0.012806173,0.0010870527,-0.007037035,-0.0639607,-0.2279284,0.2233915,-0.12229991,-0.014105096,0.016157674,-0.011405501
-0.034948293,-0.6387867,0.13397199,0.0040730094,-0.18288377,0.06855455,-0.1067405,-0.5375463,-0.06789835,-0.07248692,-0.27722618,-0.17728615,-0.30003434,0.25966534,0.07167814,-0.22234386,0.015834082,0.6127067,-0.19102867,0.011387049,0.013675726,-0.37894154,-0.9681922,-0.04586016,0.07023869,0.3518769,-0.028561838,-0.34150296,-0.11433731,-0.07883188,-0.3809412,0.00039921975,0.0,-0.04370473,0.010507479,0.0018337416,0.0025389954,-0.04862731,-0.02842067,-0.12193313,0.080359794,-0.033386134,0.121508025,-0.044063825
-0.13273565,-0.466178,0.16893172,0.0073308954,0.059926927,-0.23528539,-0.124151714,0.0875163,-0.067408815,-0.10538158,-0.37068227,-0.16398169,0.008447484,-0.9151227,-0.30608284,0.024651838,-0.23974779,-0.30878803,-0.26786944,-0.151532,0.013849721,-0.38082805,0.43598443,-0.058861688,-0.16154549,0.5625543,-0.048465572,-0.037909377,0.13414286,-0.047361854,0.62163216,0.00039921975,0.0,-0.10142761,0.009517139,0.00033336197,0.005712802,0.19852217,-0.007649313,0.31158176,0.101635106,-0.03596927,-0.03792279,-0.13309349
0.15729204,-0.34776744,0.102529116,0.0025511472,0.07389025,0.04257358,-0.026678951,-0.1957383,-0.0823407,-0.020918835,-0.35468897,0.42146417,-0.5204359,0.45281082,-0.04331467,0.058959953,-0.19384958,-0.16940229,-0.43385267,0.0014735451,-0.14650711,0.0067110974,0.71834266,0.18546861,-0.26409045,-0.42481902,0.18442062,0.19315259,0.04177851,0.41873476,-0.6897415,0.00039921975,0.0,-0.1160154,-0.031192174,0.0022112138,-0.0013704017,0.019231461,0.014654437,-0.22255243,-0.07919693,-0.04483678,0.05713199,0.17324711
-0.30864248,-0.19344012,-0.46791825,0.006128248,0.14657354,0.08366933,-0.2407604,0.094040275,0.17769833,-0.10126358,-0.26135764,0.1399026,-0.28514808,0.2758775,-0.0014898872,-0.09573388,0.09335622,-0.07724797,-0.3524078,0.04871393,0.011384623,0.4476303,-1.387398,0.03346309,0.13027057,0.6065349,-0.121289596,-0.06907258,0.072398044,-0.060206167,-0.4099533,0.0012404791,0.0,-0.62724185,-0.050948404,0.01917118,-0.0006994693,-0.05070226,0.03769389,0.20414902,-0.10621736,-0.048817422,-0.33167022,0.108545594
-0.24681294,-0.18635252,0.19378263,0.006688416,0.28374022,-0.40646562,-0.22200526,-0.31432682,0.11915601,-0.2552065,0.324141,-0.27517968,0.12853628,0.17753243,0.06446127,-0.44982585,-0.19111891,0.4887116,0.61171204,-0.043341856,0.010483155,-0.1397992,-0.80195546,-0.34424645,-0.31061035,-0.32546732,-0.05769095,-0.30206132,0.040577143,-0.14527018,-0.52310914,0.0012404791,0.0,-0.694767,-0.0074844062,-0.0041958876,-0.0003834354,0.059081562,-0.26494548,0.040719375,0.042180978,-0.07703263,0.053323224,0.065583155
0.05398024,0.64058405,0.17381604,0.009704435,-0.20592023,-0.3103189,0.06620645,-0.53348356,0.13181171,-0.10809108,-0.15835357,-0.2455333,0.15788141,0.27037254,0.08483358,-0.30992776,-0.12557591,0.30079556,-0.379017,0.08855786,0.012688976,0.07028113,-1.044987,-0.0608297,0.11791463,-0.36702633,-0.020906392,-0.01607623,0.11295096,-0.27172387,-0.36815667,0.0012404791,0.0,-0.73731035,0.024542427,8.1791484e-05,-0.0024840226,0.08029834,-0.21646376,0.056563187,-0.06837199,0.16989781,0.15825889,-0.052654233
0.16245016,-0.32800588,0.05943818,-0.012419363,-0.22560202,-0.3728072,0.17042048,-0.5656167,0.16192432,-0.18798378,-0.17109911,-0.2896556,-0.20112045,0.51813203,0.04729136,-0.21255061,-0.16678585,0.32097822,-0.27294028,-0.14003623,0.015744543,0.14225502,-1.0998573,0.022403236,-0.20460643,-0.31272924,0.0023162025,0.04672781,0.024382241,-0.1572884,-0.12669264,0.0012404791,0.0,-0.1903369,-0.09218905,-0.028001001,-0.00025516097,-0.06582396,0.121091425,-0.1503036,-9.649852e-05,-0.10598915,-0.1714533,-0.30911693
0.18799828,-0.31837085,-0.28608784,0.0037982578,0.01923313,0.1288705,0.12964447,0.5018594,0.16006126,-0.02714173,0.31130233,0.4101197,-0.27560762,0.23824885,-0.0873702,0.48118758,0.100669555,-0.06943533,-0.44693223,0.0052084345,0.016738558,-0.061013393,0.6951885,0.21785407,-0.23951419,-0.311416,0.13904497,0.16298999,0.029032206,0.35849562,-0.21197768,0.0012404791,0.0,-0.60927314,-0.042733274,0.0032383653,-0.0013704017,0.02037168,0.27854872,-0.09880321,-0.08171119,-0.01420038,0.05635284,0.23763031
0.24241251,0.7470601,-0.11582457,0.0043623066,-0.71810544,0.07092505,-0.22594878,0.5761466,0.18338841,0.033914946,0.31700805,0.21986108,-0.28173652,-0.04860592,0.09456965,0.31623223,-0.28568596,-0.17917332,-0.49063626,-0.006035441,0.017592097,-0.15572545,-0.9764983,0.05147287,-0.21702169,-0.17468269,-0.11508652,-0.009927485,-0.085115604,-0.12873463,-0.46843526,0.0012404791,0.0,-0.64445436,-0.056800537,0.010725437,-0.00030315068,-0.025309384,-0.015838021,0.020507613,-0.16141069,-0.02737177,0.09943877,-0.3666408
-0.36558214,-0.16490929,-0.35451293,0.0055803773,-0.42925707,-0.3470326,-0.19574307,-0.091569774,0.16997258,0.0028962262,-0.29265064,0.18289089,-0.22139774,-0.19550405,0.018088726,0.5730156,-0.15670694,-0.010732124,-0.48334593,-0.08194141,0.018693995,0.08743963,-1.1586311,-0.34321386,0.07566695,-0.24017444,-0.09987678,-0.0111681875,0.016692095,-0.18734339,-0.45409366,0.0012404791,0.0,-0.7228343,-0.07177699,0.007993082,-0.001241345,-0.038463216,0.07610831,-0.16479002,-0.12802108,-0.030758806,-0.25822303,0.08995528
-0.1571858,-0.33693683,0.18599944,0.0044573755,-0.14782129,-0.6234202,0.03882457,0.1566254,0.16008523,-0.11338476,-0.26838052,-0.31574443,-0.14064527,0.40225923,0.030395025,-0.16665612,0.023900252,0.19875629,-0.3686135,-0.0042459704,0.012562022,-0.1228922,-0.8812997,-0.005694277,-0.45226735,-0.26043612,0.031027801,0.020130655,0.00062932866,-0.17420273,-0.4062637,0.0012404791,0.0,-0.8280071,0.032292426,-0.0037214973,-0.00030315068,0.123482764,0.014490557,-0.16498457,0.042188693,0.17724353,-0.058837604,-0.31707317
0.27027908,-0.28374732,-0.1962335,0.020269718,0.07892017,-0.42470905,-0.010113424,-0.17310013,-0.08006273,0.0138036115,-0.35917106,-0.32871833,-0.10406729,-1.0876133,-0.30212334,-0.20844953,-0.14185655,-0.7161161,-0.29676762,-0.17187205,0.013184495,0.2646736,0.4037159,0.058974594,-0.16936976,-0.34948495,0.020489464,-0.038184766,-0.08655597,0.18687424,0.4895346,0.00039921975,0.0,-0.08641832,0.0019099107,0.0018933881,-0.0014174661,-0.097821675,0.1222616,0.04271652,-0.018766586,-0.008332191,-0.29158986,0.2821769
0.0034233641,0.7071927,-0.32233196,-0.0022316223,-0.7747742,0.12241156,0.07080707,-0.24231969,0.17306784,0.029352589,-0.74314713,-0.26602608,-0.12069808,0.49794188,0.022734446,-0.20322344,-0.00092354766,-0.056634016,-0.23304166,-0.07658761,0.014560613,0.3834487,-1.1358277,-0.0062328917,-0.11333217,-0.13269491,-0.09927402,0.0009907885,-0.09018747,-0.0758399,-0.08919565,0.0012404791,0.0,-0.12753284,-0.10944601,-0.05145988,-0.001241345,-0.03875906,0.12978669,-0.02829375,0.108330466,-0.08325925,0.01597691,-0.32872552
-0.21057828,-0.2207374,-0.47416386,0.008309521,0.36084518,0.0961924,0.041318644,-0.17653759,-0.065393545,0.106360324,0.34913114,-0.3162751,0.027001614,-0.092737205,0.035807576,-0.40565887,0.10486897,-0.18006077,-0.32109934,-0.12222058,-0.14399198,0.3420993,-0.91186446,-0.07518568,-0.18258414,-0.31103367,-0.08067986,-0.42809936,0.1021743,-0.56755936,-0.5257361,0.00039921975,0.0,-0.15330577,-0.018758621,-0.005359842,0.0021094605,0.06428309,-0.40587354,0.29963788,-0.102476105,-0.031340726,-0.020680351,0.11578361
-0.30135366,0.569565,0.122825086,-0.00267241,0.11628043,-0.27913702,-0.25071856,0.08328725,0.17332742,-0.15914585,-0.337611,-0.34925377,0.021421844,-0.074417904,-0.2035467,-0.41658896,-0.016432043,0.352145,-0.3543996,0.016902307,0.009503396,-0.060861807,0.5646993,-0.6095525,-0.15100406,0.47504097,-0.08040723,-0.14157835,-0.15581411,-0.47957373,-0.3818012,0.0012404791,0.0,-0.8000152,0.017224984,-0.0030757422,-0.0010495621,0.03575931,-0.5542658,-0.1280851,-0.15691186,0.051599994,-0.24974942,-0.08176081
-0.17948027,-0.66731095,0.075446345,-0.011730217,0.29979074,0.12931493,0.20213088,0.59548974,-0.06964854,0.06581212,0.3543609,-0.18819422,-0.13684946,0.34856692,0.016871927,-0.19030617,-0.38605222,-0.2716347,-0.22627173,-0.035216022,0.01859852,0.14176759,-1.2583376,-0.030536976,0.16029775,-0.29546416,-0.082324065,-0.24890983,0.041904632,-0.023518732,0.6158726,0.00039921975,0.0,-0.09429645,-0.0017432084,-0.00022703694,-0.0009190807,-0.07194267,-0.082572006,0.22642708,-0.29185945,0.0019436413,-0.13093385,0.13135108
0.04323431,-0.0028595186,-0.06628133,0.0016131873,0.42850128,-0.2106138,-0.07422389,-0.5491647,-0.06743883,0.10453789,-0.67901975,-0.1608729,-0.10153944,-0.031951,0.20261542,-0.14138602,0.23112065,0.42855677,-0.2031174,0.023069123,0.021655982,-0.3645343,0.7876964,0.06686271,0.15667896,-0.30879116,0.034169044,0.07709574,-0.07642877,-0.03875799,0.6266265,0.00039921975,0.0,-0.0064661433,0.029844932,0.0018401807,-0.000712824,-0.062152963,0.12122536,0.11484628,0.02003796,-0.0019739764,0.24170257,0.29100463
-0.036384936,-0.24483031,-0.4481724,-0.0018479447,0.23312853,0.107837394,0.095673256,-0.35018265,-0.08089401,-0.07653689,0.33596587,-0.21089743,-0.08702526,-0.037417155,0.10419872,-0.1578672,-0.06490178,-0.27450895,-0.18869635,-0.18129356,0.019689212,-0.07175029,-1.1449448,-0.018376257,-0.2015283,-0.27359837,-0.05015832,-0.15205657,-0.011561878,-0.088059664,0.49710274,0.00039921975,0.0,-0.09857093,0.016348109,-0.0003197592,-0.010153457,-0.070691496,-0.40797225,-0.4361212,0.16781306,-0.027493384,-0.15235785,0.109802276
-0.36618608,0.55870646,-0.36871812,-0.022266252,-0.91156447,-0.39675128,-0.24292943,-0.57712626,-0.06458555,0.06956238,-0.13745503,0.14248179,-0.16467835,0.2516685,0.052008178,-0.07929217,-0.21511047,-0.50517684,0.5967134,0.10341457,0.010090503,0.19086619,-1.0671631,0.10645694,0.032626864,-0.19211642,-0.054250233,0.063363254,-0.060720798,-0.11104889,0.3448053,0.00039921975,0.0,-0.2266632,-0.03393899,0.0035181763,-0.0013471262,-0.0031008576,-0.039296992,-0.0594332,-0.011549955,-0.059290074,-0.18102106,0.07862075
0.3071065,-0.23428173,0.13011576,0.005741736,0.30199146,0.027069047,0.117311545,-0.37648752,0.15301968,-0.1070399,-0.118622825,0.30005196,0.38146037,0.24511686,0.027876083,0.63687503,0.024009705,-0.08995421,-0.46005774,-0.034372814,0.015395402,0.49016744,-1.0057067,0.22488739,-0.13141407,0.73522866,0.13799003,0.1520196,0.04847467,0.4469985,-0.29014507,0.0012404791,0.0,-0.54021376,-0.057604477,0.0027654385,-0.001141558,-0.008633951,0.06257597,-0.15806592,0.12859142,-0.03815909,0.14452916,0.2673266
0.2377939,-0.19743031,0.39835858,0.007434235,-0.038751706,0.13839588,0.30519712,-0.17029922,-0.075378045,-0.13557985,0.3527456,-0.30317506,-0.08536503,0.07253384,-0.2675008,-0.22221944,0.28642946,-0.21297441,0.847785,0.12555057,0.010530401,-0.3117291,0.6295685,0.07087403,0.3385031,-0.35030183,-0.08199771,-0.009076081,-0.012499146,-0.016215479,0.3886022,0.00039921975,0.0,-0.07421764,-0.016522821,-0.0016845593,-0.0012861483,-0.08942935,0.13618541,-0.40615356,-0.20294131,-0.014966197,-0.14149824,0.21132953
0.026255233,-0.33379427,0.2739061,0.0035002993,0.42941895,0.09100976,0.01935905,-0.27025366,-0.07549389,0.042785566,-0.8070727,-0.21080251,-0.11597695,-0.10113294,0.049692634,-0.22752865,0.008728197,0.015998669,-0.22847219,0.08163206,0.014940788,-0.0657669,-0.91098374,-0.032020986,-0.20133257,-0.31848872,-0.093536,0.11683514,-0.110055655,-0.0648748,-0.4063791,0.00039921975,0.0,-0.18495303,0.015446799,5.823624e-05,-0.0009190807,-0.05499429,0.16561498,-0.06453977,0.073456615,-0.024642937,-0.13034207,-0.3011836
-0.11973989,-0.2788055,-0.32986596,-0.002981951,0.11479078,-0.27701008,-0.1068496,0.014943909,-0.11397449,-0.108031906,-0.3151634,-0.41781774,-0.22775674,-0.092835784,-0.25954932,-0.17782693,-0.19869952,-0.23452751,-0.35884753,0.033408735,0.011555688,0.21503931,0.5989282,-0.04477381,-0.3285736,-0.41670522,-0.117122985,-0.16285437,0.01166247,-0.2912643,-0.41138935,0.00039921975,0.0,-0.1853745,0.0032853384,0.0040686745,-0.0007608137,-0.11537882,0.1408466,-0.24800822,-0.12869053,-0.034022607,0.030654825,-0.029016193
-0.03390395,-0.11032538,0.2692097,0.025351191,-0.2844082,0.04135958,-0.13937047,-0.10244038,-0.06896922,-0.08017848,-0.40108615,-0.17727903,-0.012762193,-0.82187355,-0.28590244,-0.10325912,0.15554914,0.53550005,-0.16189371,0.11704686,0.02009971,-0.019805808,0.49544656,-0.04545295,-0.1594691,0.6406983,0.0120712705,-0.00010665547,0.07653946,0.00853118,0.7327234,0.00039921975,0.0,-0.055820655,0.00603903,0.0027904904,-0.0012066694,-0.09064549,0.12266431,0.29476574,0.21516319,-0.019087499,0.12619928,0.22720443
-0.062470976,0.6668978,0.048124783,-0.0011139754,0.46187705,-0.40046796,0.09178506,0.06968736,-0.09272139,-0.06763822,-0.27592167,-0.22956997,-0.104221486,0.3546103,0.06041478,-0.094106525,0.14188226,-0.25182953,-0.28205308,-0.06556797,-0.11601216,-0.44295782,-1.0011243,0.07371329,-0.18585107,0.32784706,-0.03113226,-0.52912134,-0.16117664,-0.31123123,0.21147496,0.00039921975,0.0,-0.12137036,0.009387534,-0.00014063931,-0.012269821,0.16726096,-0.14339727,-0.1912531,0.07475859,-0.036202643,-0.14963135,-0.43171647
0.01292111,-0.23183706,0.14806007,-0.019494688,-0.06457252,0.11241256,0.24391954,-0.66034293,0.1481952,0.03501317,-0.20781116,0.4119001,-0.24170928,0.07150987,-0.031687547,-0.10953471,-0.20635071,-0.08795374,0.96296537,-0.068713956,0.008212045,0.31434473,0.8252881,0.3303427,0.13129191,-0.3328392,0.15547685,0.15890014,0.028917097,0.34924474,0.103601284,0.0012404791,0.0,0.11455005,0.14350927,-0.0042338576,-0.0013704017,0.022411749,0.004547813,-0.22612569,-0.16222501,-0.005362828,0.054045204,0.1793586
0.057384104,-0.33890808,0.027217232,-0.005546979,-0.06207676,-0.41412935,0.087946534,-0.4553603,-0.063369706,-0.04157253,-0.21490684,-0.49899444,-0.29652727,0.10439351,-0.25582138,-0.41670468,0.06902542,-0.10013684,0.74990684,0.0435251,0.009152385,0.37851676,0.5381788,-0.24915242,-0.38922527,-0.42602983,0.14659166,0.17142648,0.02446241,0.29638338,-0.28431624,0.00039921975,0.0,-0.12367536,-0.008197736,0.007360842,-0.0032154778,-0.104242384,-0.17743963,-0.2057831,-0.10451262,-0.015698284,-0.0069995895,0.20595822
-0.043447617,-0.21806058,0.22428837,0.0031709862,0.14693838,0.103601955,-0.1566982,-0.63645077,-0.051683806,0.19333906,0.44067445,-0.23343025,0.010750697,0.3497426,0.20875695,-0.010721961,0.13297859,0.54728305,-0.23561023,0.08498717,0.021084009,0.0070121703,0.63092333,-0.06202877,-0.30531642,-0.4455447,-0.09390884,-0.4670742,0.07281737,0.34101555,0.68465996,0.00039921975,0.0,-0.006778649,-0.017790692,0.00067096244,0.0019036101,0.14328177,0.021733712,0.43973243,0.016098794,-0.020125825,-0.07846688,0.18922465
0.055890806,-0.82733446,-0.087388,0.0071527516,0.41479576,-0.23385283,-0.18461704,-0.65922534,0.15486297,0.03804646,-0.1711439,0.33255762,0.19655052,-0.109934725,-0.18971999,-0.111995995,0.12909083,0.20825958,-0.4288634,-0.093248464,0.013944285,0.1578779,0.7590829,-0.11822807,0.10371702,-0.37347484,-0.114784874,-0.0027539213,0.14683664,-0.26156375,-0.3156555,0.0012404791,0.0,-0.61070144,0.01162606,-0.00028629252,-0.000712824,-0.00041820132,0.009073401,0.11696753,-0.052775126,0.00993851,0.011470637,-0.061551165
-0.24400523,-0.12050739,-0.5488547,0.0014195965,-0.101088196,0.12892911,-0.2584125,-0.37120378,0.15314002,0.026449973,0.30716208,-0.24553831,-0.1306337,0.23576584,0.080636,-0.34371838,-0.008306254,-0.10638898,0.34365708,-0.028609406,0.010162264,-0.2946598,-0.9491096,-0.3374339,-0.26935235,-0.23727149,-0.044825114,0.065638095,-0.023593413,0.029434863,-0.4320695,0.0012404791,0.0,-0.6283418,0.014573779,5.8846344e-05,-0.010153457,0.04810649,-0.18314314,-0.3358925,0.03032811,0.1257053,-0.068981,-0.089999996
-0.05221575,0.74459237,0.4789622,-0.016873306,-0.13072346,0.072210215,0.25008267,-0.7162615,0.14152226,0.09897885,0.81786627,0.19360182,-0.20189509,0.038869478,0.06207236,0.54970527,-0.1080475,-0.60066444,-0.30694044,0.044786055,0.017668683,-0.4243603,-0.8582253,0.14916961,-0.106332086,0.5977814,0.097836666,0.061842564,-0.041648988,0.37966514,0.013826717,0.0012404791,0.0,0.10164377,0.018589122,-0.00040723896,-0.00063061854,-0.037425943,0.054898012,0.2107504,-0.13862999,-0.020991346,0.024236392,0.28721425
-0.36679593,-0.22551996,-0.4222339,0.005075124,-0.8065769,0.10991783,-0.23071463,-0.26251382,0.1669438,-0.014995339,-0.25210553,0.17712857,-0.26050204,0.5021451,0.034353707,-0.16121529,0.10117988,0.0046822783,-0.3324336,0.0789523,0.013785109,0.16955154,-1.2550151,0.042907838,0.10636894,-0.13101584,-0.011764696,0.009755441,0.015588621,-0.12734959,-0.43086857,0.0012404791,0.0,-0.717528,0.0014105318,0.0076597016,-0.001241345,-0.031998295,0.099089086,-0.26302677,0.068164065,-0.03034136,-0.26988384,-0.014940152
-0.057149492,-0.1674893,-0.053162057,0.0023903204,0.34439114,0.094184965,0.096819006,-0.57661617,-0.066140786,-0.12191613,-0.18872291,-0.27410772,0.057450544,-0.07391334,0.03884902,-0.49117738,-0.23727745,-0.04229006,0.57543606,-0.060362805,0.0063620405,-0.22439611,-0.820388,-0.39446318,0.12062345,-0.20890948,-0.038524576,-0.3721098,-0.10735968,0.0387477,-0.39148027,0.00039921975,0.0,-0.089910954,-0.021335872,-0.0076469453,7.869676e-07,0.01832428,-0.36828288,-0.11968582,-0.2550332,-0.034713466,-0.24559377,-0.043582037
0.03569559,-0.18345053,0.13781995,-0.01127738,-0.17315105,0.10309892,0.18523285,-0.99387646,0.1781466,0.12937298,0.24824211,-0.2034454,-0.16601448,-0.051149487,0.051704027,-0.30440173,-0.18053824,-0.13433522,-0.21805902,-0.05438736,0.013513152,-0.07251653,-0.91839534,-0.07753433,0.080335364,-0.3365895,-0.03307108,-0.37724832,-0.10548553,-0.1886418,-0.11013337,0.0012404791,0.0,-0.024461437,-0.093611546,-0.0304748,-0.0012248707,-0.060163986,-0.020738108,-0.05479333,-0.25933978,-0.06200957,-0.16550952,0.10651321
-0.3191193,0.46413293,-0.56636494,0.0032941406,0.47256193,-0.27949575,-0.15144527,-0.71826434,0.16170262,-0.02643477,0.08495105,-0.15270126,-0.034875542,-0.8739691,0.08109435,-0.23353516,-0.06958307,-0.41728538,-0.15497623,0.105328955,0.013265356,-0.41142234,-0.7399083,0.097913586,-0.1015678,-0.23804268,-0.09754528,-0.059603974,0.0037050643,-0.07118659,-0.49811924,0.0012404791,0.0,-0.67392963,-0.018590901,-0.020250238,-0.001241345,-0.046084974,0.03891688,-0.20422561,-0.1957269,-0.109877214,-0.030178526,-0.034044273
-0.3566061,-0.46514866,0.32875216,-0.0024243095,-0.9318642,-0.444206,-0.26981014,0.5562462,0.122222215,-0.023068663,0.3208925,-0.29183993,-0.07901842,0.010577601,0.0014257082,-0.29429096,0.14172788,0.23122883,0.72367114,-0.13329293,-0.11704772,-0.21047108,-1.0696383,-0.39868987,0.10288503,0.24846853,0.028957434,0.003972563,-0.019523041,-0.1361784,-0.5253937,0.0012404791,0.0,-0.7026044,0.013937639,-0.014076769,-0.012269821,0.06945459,-0.20571107,-0.26642063,0.021941192,-0.01173711,-0.25074488,-0.31753632
0.17176546,-0.17710738,0.04359001,0.008666869,-0.07334595,0.078951694,-0.2288948,-0.40544254,0.16292787,0.009592822,0.77468807,-0.2610449,-0.22360483,0.34086356,0.07434023,-0.18601182,0.08568557,0.008139445,-0.21153471,-0.062491894,0.012820646,-0.13123254,-0.9735564,0.0011073397,-0.25951236,-0.29205927,-0.085437685,-0.058849227,-0.021847278,0.017982082,-0.29792923,0.0012404791,0.0,-0.52749014,-0.049673,-0.014006581,-0.009831192,-0.04371899,-0.38101375,-0.34183845,-0.029470064,-0.08546554,-0.23113826,-0.134974
0.22215508,-0.28316906,-0.1331952,0.0042093997,-0.16199982,0.08591142,-0.04449635,0.4429989,-0.09706959,-0.12768303,-0.3367904,0.20973155,-0.55121446,-0.18726245,0.057145644,0.12825023,-0.13517617,-0.21238151,-0.5559095,0.08377584,0.013705939,0.17493069,-0.9349102,0.07154424,0.07911021,-0.18569918,-0.14476562,-0.0019222931,0.041629523,-0.16858487,-0.6847162,0.00039921975,0.0,-0.017238555,-0.040585075,0.013367474,-0.001241345,-0.03143456,-0.06721375,-0.2055907,0.0019766917,-0.104923785,0.11719457,-0.28661823
-0.10126407,-0.075200826,-0.33559266,0.011909496,-0.20274277,-0.37427044,0.07931765,-0.1445741,0.16823573,0.05121283,-0.18481316,-0.20305905,-0.17106123,-0.8711785,0.17466496,-0.31419072,-0.027874868,-0.15685534,0.6402157,0.055841297,0.007603485,-0.3828843,0.6528882,-0.077985376,0.10975464,-0.34917268,-0.09657487,-0.2019388,-0.0046692616,-0.49304882,-0.12141663,0.0012404791,0.0,0.090443105,-0.072458506,-0.02362605,-0.0013767437,-0.06589276,0.10391881,-0.32053638,-0.3042586,-0.0611053,-0.059963483,-0.14154872
0.25439182,-0.18841913,0.07667693,-0.0047011087,-0.4013967,0.08355575,-0.18399979,0.7308323,-0.061204072,0.09229272,0.46083134,0.2700681,0.06040929,-0.86993563,-0.13503948,0.24074623,-0.083260275,-0.18384889,-0.2620201,-0.0032678186,0.01882008,-0.027195025,0.46037912,0.32891446,-0.15343904,-0.21136147,0.18088697,0.13160953,0.034972265,0.4835826,0.41039065,0.00039921975,0.0,-0.25181198,-0.025174674,0.0004605048,-0.0013704017,0.018881824,0.10650726,-0.17760125,0.17397,-0.0034442206,0.048505027,0.31054813
-0.37226394,-0.17050639,-0.61880594,0.0027883453,0.35988206,-0.3523963,-0.118230805,0.60078925,-0.060079757,0.06409671,-0.23241128,-0.1785979,-0.15778267,-0.5532197,-0.007734284,-0.16622567,-0.09543547,0.24522698,-0.1403179,-0.11270048,-0.12892623,-0.19223599,-0.74541456,-0.13813308,-0.39076477,-0.24836539,-0.056777395,-0.29278272,0.0658104,0.07919488,-0.4737286,0.00039921975,0.0,-0.12082822,-0.0062737474,-0.0014117814,0.0020206007,0.13589114,-0.15473549,0.060915902,0.18160349,-0.060118522,-0.19333194,0.15787546
-0.13570039,0.49085572,-0.34097517,-0.0052017244,0.29409885,0.09121958,0.1799762,-0.8669948,-0.07831242,0.024069533,-0.12702546,-0.13123585,-0.12690312,-0.97239274,0.121431164,-0.28711587,-0.101071954,-0.225428,-0.17427853,0.15158774,0.01715408,-0.42913553,-0.75101656,0.10176411,-0.13123745,-0.25597078,-0.111436024,0.036091413,-0.008372395,-0.03905159,0.678622,0.00039921975,0.0,-0.07537537,0.028905474,-0.004533648,-0.001241345,-0.06736281,0.14912666,-0.36855856,-0.22313878,-0.02889268,0.027334828,0.18464877
-0.2708083,-0.21117531,0.06391905,-0.0252255,-0.09830314,0.14528735,-0.30010024,0.28465024,-0.05912957,-0.05310243,-0.32550555,-0.2321434,-0.15121119,0.2372492,0.13158047,-0.4000142,0.0984244,0.38243064,0.4115123,-0.071366444,-0.10841253,-0.37428585,-0.8081108,-0.35973975,0.17422861,-0.22339062,0.003787225,0.057885475,0.008953206,-0.06817554,0.44033104,0.00039921975,0.0,-0.3110033,0.012806761,-0.0014030116,-0.00025516097,-0.05846491,0.074496284,-0.27839902,-0.07754518,-0.039816722,-0.047340885,0.0196101
-0.2747933,1.050124,0.08195945,0.0025732398,0.34727985,0.12094222,0.15189475,0.67827106,0.15832436,0.02976928,-0.24525794,-0.2482131,-0.30413535,-0.046210222,0.10704517,-0.18671718,-0.047128886,-0.066100955,-0.28390574,0.07987592,0.016058508,0.11025506,-0.9208556,-0.29189655,-0.17167321,-0.16365704,-0.11685091,-0.02007394,0.011697674,-0.078806154,-0.4597174,0.0012404791,0.0,-0.82748294,-0.03040543,-0.018198015,-0.0009190807,-0.078751,0.0015282371,-0.13396774,0.020431325,-0.05702577,-0.01359188,0.07239347
-0.26020575,-0.080854036,-0.5039736,0.005980113,-0.369475,0.10780717,-0.15744174,-0.58467156,0.16862918,0.10549499,0.19358715,-0.18478931,0.12983274,-0.7002532,0.0882494,-0.34224483,0.21408139,-0.12799838,-0.15139925,-0.056276724,0.011821061,0.43149707,-0.78061724,-0.06917096,-0.14939418,-0.2973264,0.014821982,-0.0013958404,0.11831952,-0.6282558,-0.460113,0.0012404791,0.0,-0.43398085,-0.042902056,-0.023714239,-0.001241345,-0.05923321,0.12687588,0.21123469,0.13247934,-0.10063415,0.0041024885,-0.03821255
0.14257513,-0.33123022,0.1908611,-0.021836115,0.16280602,0.087817304,0.27240613,0.16812599,0.18266006,0.15796229,1.0553257,0.36467564,-0.18942367,0.27112445,-0.11937321,-0.052270867,-0.1188932,-0.11910999,-0.39508873,-0.033567365,0.015133641,0.009776544,0.7229295,0.21889226,-0.22116032,-0.44977522,0.13060272,0.01782636,-0.0639193,-0.17773333,0.13497698,0.0012404791,0.0,0.22162993,0.02572926,0.0016618767,-0.0012861483,0.00855958,0.007694831,-0.10468947,-0.06857332,0.012904858,0.09874106,-0.2156942
0.0033517964,0.7230129,0.159497,0.00536295,-0.8909111,-0.34010714,-0.12706137,-0.6902065,-0.056860793,0.19376549,-0.20360869,0.1660739,-0.27332166,0.5714565,0.08177697,-0.11496533,-0.21158563,0.50485873,-0.3744781,-0.116412535,0.015414144,-0.051426854,-1.0699817,-0.023631684,0.10659143,-0.31121546,-0.00081131095,0.03176265,-0.07749588,-0.044118844,-0.4799889,0.00039921975,0.0,0.027306367,-0.017383622,0.002467971,-0.00025516097,-0.029008398,-0.03965202,0.017261378,-0.062177792,-0.07539731,-0.08181632,-0.119191356
-0.18199407,-0.050864805,-0.18650194,-0.0037857485,-0.737402,0.12218316,-0.3083268,-0.22214898,0.14205001,0.025529139,0.2676748,-0.38606262,-0.27746475,0.0045431373,-0.20103411,-0.46027246,-0.19090682,0.47635338,0.6761784,0.041153565,0.005476757,-0.34274283,0.58033806,-0.34946668,0.15059984,-0.25687927,-0.03514875,0.038840197,-0.02732141,-0.0018924882,-0.32267025,0.0012404791,0.0,-0.701978,-0.0059724953,-0.0005435194,0.00061031594,0.036349297,-0.2224118,-0.28244224,-0.31895456,-0.019072833,-0.18942739,-0.18717727
0.45922235,-0.19944115,-0.4604511,-0.01118517,0.07761522,-0.2647025,0.19901267,-0.58176136,0.16871119,-0.2270752,-0.09661917,-0.23347397,-0.26822782,0.019249216,0.010475351,-0.3378354,-0.34807423,-0.16089953,0.61023736,-0.0035375592,0.0065601524,-0.3697577,-0.9931426,0.14555329,0.10809537,-0.25839806,-0.123144835,0.028680831,0.015802344,-0.069321126,-0.14999011,0.0012404791,0.0,-0.077554956,-0.06754968,-0.03610245,-0.001241345,-0.05820184,-0.03331601,-0.2997731,-0.35746664,-0.07178208,-0.15755492,-0.28738904
0.31423047,0.7925397,-0.34668544,0.0034892503,-0.07680176,0.0931573,-0.010265696,-0.0509211,-0.063855186,-0.034611024,0.38895968,0.35848105,0.22673935,0.076575845,-0.118726924,-0.03349482,0.019639175,0.46758887,-0.2731923,0.05872218,0.021671152,-0.03825981,0.74246395,0.11559487,-0.11123304,-0.32449582,0.122892424,0.07913997,-0.061222672,-0.15735108,-0.229399,0.00039921975,0.0,0.024479564,-0.028143376,0.002946821,-0.000712824,0.032836933,0.11629781,0.21538384,0.06734688,-0.00020158605,0.07235676,-0.20204975
0.119479515,-0.81373906,0.0075761285,0.0042845197,-0.017568905,0.06157402,-0.12734532,-0.18828396,-0.07403118,0.00292552,-0.32478637,0.25558874,-0.49226245,-0.14929183,0.040211946,0.61588013,-0.07846904,-0.17550601,-0.45651522,-0.06305153,0.017084925,0.15946122,-1.2248036,0.14624475,0.08972184,0.37218213,0.20881768,0.21301016,0.04219548,0.37651885,-0.55187976,0.00039921975,0.0,-0.05326885,-0.04128075,0.00043827435,-0.001141558,-0.021251572,0.2701515,-0.26500586,-0.068407506,-0.009932082,-0.05066824,0.33634242
-0.11674851,-0.12000224,-0.27716246,-0.0147911105,0.5237748,-0.16609077,-0.05718355,-0.47196496,-0.07673616,-0.023457317,-0.16463615,-0.20407604,-0.26899606,-0.89004326,-0.13095535,-0.17554799,-0.008914301,-0.19829734,-0.31381837,0.009760162,-0.09503856,0.04180589,0.40327853,-0.29723954,-0.16553277,-0.3958504,-0.052007273,-0.31573313,0.1592181,-0.44699475,-0.3869395,0.00039921975,0.0,-0.17731872,-0.015251027,-0.0034588,-0.0012861483,-0.09308619,-0.023904707,0.3333232,-0.10677244,-0.052379202,-0.027329681,-0.0766859
0.019985627,-0.25092492,-0.6046087,0.004474599,0.4236385,0.035982385,0.023163812,-0.75502133,-0.06979951,0.014216341,-0.23765056,0.25188524,0.4626274,-0.09644607,0.05233309,-0.015809622,-0.039518822,-0.1190224,-0.42355537,0.008568391,-0.1666677,0.15738255,-1.1559125,0.278642,0.13243704,-0.26493543,0.13588372,0.12208985,0.024296008,0.464559,-0.40252504,0.00039921975,0.0,-0.08452448,-0.033515874,-0.0004192856,-0.0013471262,-0.026214052,0.055638094,-0.2503352,-0.0564462,-0.032008413,0.06425839,0.28505543
0.055959605,0.44831634,-0.118020736,0.009605873,-0.048015196,0.082591206,0.018632414,-0.7539864,-0.10662823,-0.14997746,-0.23494434,-0.26639777,-0.09964088,-0.107829235,-0.27886343,-0.16147043,-0.17802043,-0.24242453,-0.3589628,0.0031922208,0.011998314,-0.5495642,0.45463973,0.03219311,0.28931284,-0.36174607,-0.011055368,-0.37855253,-0.15452573,-0.15870294,0.15711893,0.00039921975,0.0,-0.15613315,-0.0063218903,0.00015525374,0.0090078255,0.06166707,-0.07331606,-0.23287594,-0.27575308,-0.009334131,-0.091397144,-0.19173884
0.0754682,-0.2950657,0.114518546,-0.018165,0.09352129,0.11796882,0.19640286,-0.32641143,-0.07946373,-0.06650753,0.463511,-0.25161624,-0.13672002,-0.08463196,0.074284054,-0.24871713,-0.001089988,-0.2656921,-0.27353457,-0.04707642,0.020722581,0.290327,-1.0161976,-0.027252208,-0.13470629,-0.30677265,-0.038006887,0.013768511,-0.10161063,-0.10750155,0.5290086,0.00039921975,0.0,-0.063493334,0.00617926,0.0030436993,-0.009831192,-0.0638223,-0.1048093,-0.11658218,-0.07184861,0.0012299598,-0.2580826,0.12446377
0.08197508,-0.29385304,0.031424206,0.0014827624,-1.1300994,0.0874804,0.037901573,0.213798,-0.07980459,-0.09500031,0.4664845,-0.40181836,-0.48699227,0.0021644721,-0.32099095,-0.11947516,-0.04110773,-0.29348722,-0.4001803,0.004444508,0.015830899,0.13747266,0.4673874,0.045606833,0.09574892,0.27707395,-0.011123061,-0.0367054,-0.15785585,-0.19135216,-0.6089671,0.00039921975,0.0,-0.12545066,0.00081354054,-0.0030528684,-0.000873172,-0.064699836,0.06633296,0.007095568,-0.027480412,-0.017377384,-0.20157844,0.06916113
0.051389858,-0.30016392,-0.008904623,0.004191513,0.29994175,0.080033146,-0.33479932,0.09463296,0.16151485,-0.04689707,-0.21092962,-0.2566335,-0.0041897614,-0.6344319,-0.0057599447,-0.2955994,0.11197672,-0.43807897,0.690713,-0.07036612,0.007922953,0.5394216,-0.79245085,-0.03317022,-0.33977556,-0.24634692,-0.07838226,0.027106375,0.033386685,0.1283474,-0.3811025,0.0012404791,0.0,-0.5055546,-0.03793777,-0.0296896,-0.00060894067,-0.080257796,0.09328974,-0.0014207149,0.012764704,-0.07807475,-0.069720134,0.13961504
-0.3614541,0.6697466,-0.35125732,0.006236474,0.16298737,-0.35282108,0.06997118,-0.1233356,0.18304788,-0.08399962,-0.303246,0.21471334,0.22037877,-1.4109097,-0.22262807,0.28500494,0.089302436,-0.4076278,-0.4991194,0.028846517,0.009027266,0.3321378,0.44121197,-0.026616488,-0.27465495,-0.30588618,-0.07697847,-0.0019477559,-0.08952483,-0.09430545,-0.27957386,0.0012404791,0.0,-0.46164414,0.0082672695,0.009109529,-0.0006702183,0.011394122,-0.019130465,-0.07929032,-0.17325272,-0.019887613,-0.27509156,-0.045493532
-0.00194226,-0.33699957,-0.24282852,-0.00072175585,-0.1424447,0.14133543,0.07280748,-0.2408084,0.17316747,-0.13586356,-0.25901365,-0.27068108,-0.21701913,0.5798879,0.013602648,-0.22840331,-0.052282736,0.329919,-0.33085182,0.023712365,0.0137855215,0.15643653,-1.344107,0.07096659,0.2669063,-0.1944023,0.017423503,0.04533258,-0.09002786,-0.11660574,-0.1535932,0.0012404791,0.0,-0.28865793,-0.09082586,-0.03173043,-0.0028062868,-0.07480662,-0.105238326,-0.017198445,0.068893716,-0.0606771,0.0115462355,-0.358431
-0.26098612,0.37776604,-0.39118704,0.023950603,-0.20821151,-0.4410475,0.1327537,0.4340958,-0.08184643,0.026711013,-0.19471174,-0.2980561,-0.057541676,-1.074992,-0.2247814,-0.19324218,-0.14184251,0.31105033,0.7473995,-0.029873699,-0.07814465,-0.077818125,0.551749,-0.19566171,-0.113333784,-0.34524587,-0.050689902,-0.020239824,-0.020147106,-0.3157187,0.38124245,0.00039921975,0.0,-0.050126165,-0.009217003,-0.0018831131,-0.0013767437,-0.08377932,0.1202371,-0.2391947,-0.16958393,-0.015811296,-0.019770918,-0.39366615
-0.32377777,0.36706835,-0.24370708,-0.008647241,-1.039451,0.12777293,0.19140577,0.37618697,0.16093867,-0.19665146,-0.2849472,-0.4126604,-0.04810212,0.39579737,0.11319148,-0.61431074,0.031829707,-0.10549056,0.6952115,-0.083023824,0.0067145894,0.34131205,0.74947375,-0.65289193,0.20473367,0.13065827,-0.094635986,-0.020151176,-0.04403172,-0.08616945,-0.28012216,0.0012404791,0.0,-0.62098414,0.02131755,-0.016398113,0.0019986555,0.021008685,-0.44249207,-0.33389446,0.041884053,0.07173401,-0.050606154,0.056385208
-0.114554174,-0.13658072,0.3088605,0.0021579163,-0.7110697,-0.43897888,0.076964974,0.40063322,-0.058623474,-0.086964935,0.5998109,-0.17112656,0.09412671,-0.02157565,0.21728326,-0.007620398,-0.08168317,0.55808085,-0.2904402,0.15372184,0.021009823,0.015226171,0.8363357,-0.07804397,0.1358266,0.88867074,-0.03873897,0.15648973,0.11443877,-0.0024560862,0.6276878,0.00039921975,0.0,0.028027708,0.026013747,0.0010157456,-0.0013499148,0.17816417,-0.031413116,0.25963968,-0.011611744,-0.0043846,-0.08835897,0.20909278
0.104087345,0.58330834,0.04357181,0.017979011,-0.5124568,0.0557307,0.09049445,0.07743014,-0.09396427,-0.08091414,-0.34231928,-0.24612911,-0.12275085,-1.1793648,-0.24751343,-0.13243735,-0.21559468,-0.32220072,-0.40799242,-0.009146766,0.01047283,0.28174528,0.40350246,-0.015913209,-0.080182195,0.41851968,-0.08354142,-0.17042474,0.0008955756,-0.6466104,0.19324908,0.00039921975,0.0,-0.15383802,0.007745489,0.002199818,-0.000873172,-0.09343203,-0.061401673,-0.4287046,0.07284801,-0.011630639,-0.18330479,-0.43808615
-0.39068112,0.8237772,0.29952937,-0.012072117,-0.85017574,-0.45653117,0.2195074,0.4430815,0.13888827,-0.21579644,-0.27984124,-0.23351324,-0.124921165,-0.03678021,0.0055543957,-0.17056862,-0.07736907,0.22540969,-0.2738911,-0.0040338608,0.015891327,-0.025311751,-1.0447984,-0.050949458,-0.08786458,0.3452344,0.16667666,0.16563815,0.025943644,0.23462667,-0.1321158,0.0012404791,0.0,-0.11511436,-0.07872744,-0.014383238,3.3301185e-05,-0.051389072,0.07946069,-0.2232496,0.021600189,-0.067113884,0.022995714,0.13747479
-0.16732945,-0.26997912,-0.40646848,0.0062940903,0.4292955,0.05090011,-0.061483473,-0.62233984,-0.08147056,-0.12005924,-0.27847087,0.24609672,-0.3187983,0.32865927,-0.21137498,-0.07086015,-0.12067854,-0.17546064,-0.466966,-0.07343711,0.010980442,-0.024298377,0.6864396,0.0076011787,-0.24581051,0.43542814,-0.12893808,0.059262227,-0.12835239,-0.20656365,-0.56482667,0.00039921975,0.0,-0.071815446,-0.011453159,0.008533573,-0.0012244108,-0.012562791,0.1333064,-0.06033609,-0.1034273,-0.036034733,-0.2451462,-0.30410817
-0.1431553,-0.7528189,0.21397038,0.003947399,-0.22118397,0.08180871,0.053050492,-0.29629496,-0.05936201,-0.08544558,0.37736613,0.2030282,0.3204532,-0.02500606,0.037016287,0.6182735,-0.14505775,-0.16121872,-0.45116523,-0.010632265,0.023528077,-0.09397871,-1.1718656,0.1644992,-0.15678458,-0.39615363,0.118761435,0.14867896,0.041063927,0.39218172,-0.47126365,0.00039921975,0.0,-0.055922102,-0.023294367,0.0017418193,-0.0012248707,-0.00913845,0.24741176,-0.16691217,0.09519727,-9.04178e-05,-0.40046456,0.43691945
-0.33574447,0.5102115,-0.015277486,0.0048111593,-0.99664474,-0.3524242,0.02216839,-0.5227806,0.15809351,0.041804057,-0.1985066,-0.21941417,0.020715028,-0.19282854,0.09407491,-0.17695639,0.107090734,0.3064019,-0.3385863,-0.011547217,0.009981077,0.3605333,-1.0408198,-0.4774409,0.0608512,0.56727993,-0.08341372,-0.018284235,-0.16456476,-0.036594465,-0.43140635,0.0012404791,0.0,-0.7442139,0.031877104,0.008153644,-0.0022644112,0.06048136,-0.27888262,-0.043431424,0.07175189,0.13793811,0.015073381,-0.18381661
-0.3699109,-0.33355057,0.09194886,-0.005082641,0.34865507,0.05560345,-0.31241181,0.3768056,0.14642133,-0.19221286,-0.26801658,-0.2181864,0.13329653,-0.03774356,-0.03718739,-0.40999418,-0.22949947,-0.00089379196,-0.29500386,-0.08150082,-0.11669269,0.070398174,-0.98780483,-0.1885375,-0.19227192,0.5409995,0.17178774,0.108694725,0.03409054,0.1510491,-0.0108325,0.0012404791,0.0,0.033622764,0.052493498,0.020844944,-0.00954273,0.10652515,-0.66556233,-0.1981168,-0.1049124,0.11442826,0.13099667,0.1148778
0.12348371,0.80482745,0.09616576,0.0042716716,-0.89365613,0.040006746,0.13214126,-0.30754903,0.17734109,0.17824098,-0.22756465,-0.2908123,0.07228381,0.50539815,0.07017661,-0.20236216,0.16439106,-0.19900332,-0.2627136,0.034182638,0.016553067,-0.090604305,-1.1172733,0.060939293,0.27773178,-0.17960455,-0.01807648,-0.023715153,0.037961915,-0.07951034,-0.350084,0.0012404791,0.0,-0.677361,-0.019797284,-0.015121896,-0.0009190807,-0.04422177,0.078518204,-0.2125264,-0.04833287,-0.019898508,0.04346292,-0.10232786
0.07143679,-0.24232532,0.16518243,0.0078112097,-0.14168999,0.13034119,0.047984816,-0.98671967,0.15589221,0.09497858,0.29860076,-0.27275756,-0.2253978,0.32859403,0.07080992,-0.25868574,-0.20780544,0.08172902,-0.3057043,-0.02527641,0.011465006,0.46953344,-1.060987,-0.03115986,0.1819618,-0.3133303,-0.048610747,0.11024788,-0.09246586,-0.042026605,-0.4181205,0.0012404791,0.0,-0.67724276,-0.055099107,-0.012380222,-0.0009190807,-0.06797484,0.078666106,0.07583923,0.00943106,-0.02320084,0.17520821,-0.121851966
-0.17944196,-0.29750356,0.121288985,0.0024039089,-0.5020168,0.1063334,0.15700774,0.13474126,-0.09254195,-0.07967169,-0.42665976,-0.307131,-0.043145426,-0.0803359,0.16103587,-0.13858156,-0.12544522,-0.28619322,-0.34556928,-0.0974847,-0.22379968,-0.046569295,0.5263721,-0.31494406,-0.21849889,-0.27768767,-0.084223524,-0.5341738,0.0379707,0.0139811,0.4963793,0.00039921975,0.0,-0.096639514,-0.0084380135,-0.0001839954,-0.0013704017,-0.06767959,0.06378873,0.2744077,-0.2130174,-0.00013149419,-0.02044976,0.23269872
0.15628962,0.8370059,0.17929852,0.005109685,0.5626557,0.05080901,-0.060622215,-0.17081459,-0.07333505,-0.01804798,-0.25493369,0.21304873,0.4078278,0.012449776,0.04013264,0.06242832,0.1819371,-0.18718556,-0.37188768,0.015871244,0.01879664,-0.04026706,-1.0819112,0.29049766,-0.24051514,0.4447382,0.08556024,0.10447404,-0.06395411,-0.1519419,-0.20104584,0.00039921975,0.0,-0.034942936,-0.012322104,0.008352413,0.0024910057,-0.013034402,0.015876448,0.10723294,-0.0033317343,-0.0560282,0.16382246,-0.20820375
-0.104671754,-0.16908585,0.11089382,0.0034030387,0.51314896,-0.22050123,0.10305531,-0.08017671,0.19766635,-0.0014909792,-0.6561216,0.32850835,0.2347018,0.624367,-0.036542427,0.06929055,0.1849873,-0.10516877,-0.36289677,0.18178357,0.014774483,-0.027682455,0.7419168,-0.12584157,0.43687594,-0.32205442,-0.047785435,-0.17847285,0.10927425,-0.434319,-0.17555985,0.0012404791,0.0,-0.36714807,-0.025440129,0.01001244,-0.0012861483,0.03930552,0.12102889,0.11113056,-0.058247145,0.009224486,-0.24548669,0.15872905
-0.12184564,-0.23924245,-0.21905005,-0.0070935334,0.4967682,0.050401364,-0.021726914,0.62672186,-0.08340686,0.07414271,-0.38869208,-0.2302984,-0.38667157,-1.2821227,-0.22930247,-0.09963617,0.08922688,0.4870445,-0.40655607,-0.0541199,0.0077381227,0.26557893,0.42996907,-0.17565428,0.12042156,-0.29567528,-0.1375769,-0.06822104,-0.11403099,-0.02731775,-0.5210258,0.00039921975,0.0,-0.11010218,-0.023514336,0.001923969,-0.0006222286,-0.100050576,-0.02379624,-0.10877623,0.04963554,-0.003543823,0.00047557882,-0.21183705
0.12486432,-0.14400169,0.2750283,0.002418578,-0.720896,-0.2445294,-0.11532603,0.38511008,-0.058222473,0.16284145,0.5032899,0.24575822,-0.2911302,0.52517825,-0.13287169,0.30042148,0.07405361,0.6596578,-0.3210751,-0.021346163,0.014419011,0.017661382,0.689277,-0.0065132575,0.08303551,0.83608335,-0.07727854,-0.17781708,0.040947318,-0.08433629,-0.3212587,0.00039921975,0.0,-0.010121406,-0.0056423666,0.014277618,-0.00020925229,-0.0091312155,0.08040418,-0.24134041,0.017575456,-0.033223897,0.09240012,-0.048120487
0.21225843,-0.24888901,-0.27174604,-0.011264451,-0.102246605,0.07975967,-0.1335794,-0.8418372,0.17001039,-0.040125128,0.1950416,0.2519565,-0.20566134,0.0064211045,-0.16505748,-0.13201769,0.058109403,-0.63573784,-0.38728395,0.04683053,0.012095726,-0.83807296,0.5477806,0.01336378,0.10967467,-0.34739974,0.008367903,-0.0065563982,0.0051977285,0.34521627,0.027675632,0.0012404791,0.0,0.02716101,0.03587587,-0.003762689,-0.0014174661,0.0022043316,0.0049046185,-0.17828417,-0.32659766,-0.018018728,0.09864986,0.17439929
0.04545085,-0.1727757,-0.3883929,0.027858645,0.42423096,0.11036551,0.251082,0.63792413,-0.07013884,0.18525429,-0.64619726,-0.20641972,-0.0865193,-1.0858823,-0.11748655,-0.11138648,0.023982283,0.5359278,0.89556646,-0.055519275,0.006343677,0.23849517,0.7040704,0.05933942,-0.09271,0.24930146,-0.04865479,0.02889708,0.007705067,-0.028374216,0.38575846,0.00039921975,0.0,-0.018945048,0.028397575,0.0073542893,-0.0005604911,-0.07344024,0.1523397,-0.33301985,0.26833415,0.0007944318,0.14548236,-0.26502636
-0.21766537,-0.2006358,-0.60617477,-0.0017174273,-0.2522079,0.10389768,-0.18615982,0.46351323,0.1755267,0.06327933,-0.83441067,-0.26201177,-0.17857724,0.2695669,0.03392587,-0.30235893,-0.15576974,-0.06378247,-0.27986655,-0.010970642,0.00844973,-0.38430715,-0.6738476,-0.28689766,-0.33649716,-0.15011722,-0.07285659,-0.2820972,-0.07537695,-0.38177806,-0.17741358,0.0012404791,0.0,-0.020098725,0.021777643,0.008006207,-0.00015500945,0.09526364,-0.14663525,-0.028804472,-0.02747077,-0.06841788,0.013668177,-0.031867668
-0.28350073,0.7124731,0.24235986,0.0056714327,-0.41353115,0.064368956,-0.3028495,-0.12364339,0.1469736,-0.2570896,0.35568944,0.16285416,0.2253154,0.2730763,0.03845931,0.42533702,-0.20451981,0.23756959,-0.44840792,-0.12450606,0.013204874,0.107963145,-1.1417987,0.062034357,-0.15787764,0.3328058,-0.08332081,0.10457296,0.015512449,0.024211435,-0.39393502,0.0012404791,0.0,-0.6684877,-0.097043805,-0.0022309346,0.0018750757,-0.025354022,0.03692727,-0.27379864,0.021780789,-0.032998785,-0.32312128,-0.15211415
-0.1680924,-0.1747428,-0.37267634,0.0045311255,-0.67476463,-0.35398504,-0.17491655,0.23905797,-0.05227031,-0.053852003,-0.62273586,-0.19187775,-0.03463857,-0.62212455,0.12705475,-0.54593724,-0.09908138,-0.09276592,-0.17929783,-0.01912371,0.013070999,-0.2021368,-0.44506416,-0.30982277,-0.14221111,-0.17613961,-0.05212875,-0.010162287,0.00093674334,0.26458654,-0.44560084,0.00039921975,0.0,-0.059354093,0.02701098,-0.00560308,0.0028016195,0.07207355,-0.4732373,-0.29852912,0.010156375,-0.06802333,-0.24614972,0.19384791
-0.12754801,-0.24008912,-0.04185165,0.008763518,-0.50211865,-0.5146116,0.02042933,0.41746688,-0.110132076,-0.16905007,-0.85586745,-0.3503783,-0.06605453,-0.18083,-0.17267813,-0.1608439,-0.114236765,-0.7407678,-0.33306727,-0.0012544733,0.007932317,-0.57943356,0.36644208,0.018579552,-0.16853845,-0.35695192,-0.10741053,-0.115961485,-0.04279106,-0.040061444,0.280351,0.00039921975,0.0,-0.14588687,0.027415581,-0.0002893813,-0.0001520383,0.1109699,0.0791561,-0.23465768,-0.22035049,-0.037428882,-0.22147457,-0.23782146
-0.26396155,-0.51759017,-0.23189309,0.0008055513,0.4094077,0.11905518,-0.23834209,-0.46148095,-0.05131868,0.06944523,0.74518424,-0.20834869,-0.03979891,0.3773059,0.10752777,-0.32532966,0.05238999,0.02630173,-0.1798318,-0.056995917,0.017921627,-0.051911883,-1.2852821,-0.2993892,0.14401387,-0.23685902,0.08336073,0.112116575,-0.015265101,0.13051635,0.5419968,0.00039921975,0.0,-0.041793503,0.0027762065,0.00037777395,0.00812187,0.0913125,-0.41400215,-0.42663586,-0.051540785,-0.047001954,-0.18551214,-0.16863582
-0.08616218,0.7914521,0.39265493,-0.02290612,-0.51030177,-0.4332322,0.20397902,-0.20076798,0.14382441,-0.25232098,-0.27771357,0.1470832,-0.20258439,-0.023041734,0.0074134013,0.31306887,0.06290892,0.23444258,-0.35293674,-0.09048355,0.024181258,-0.33940157,-1.0692782,0.09379085,-0.12444682,-0.4015396,-0.034942344,-0.008195534,-0.06942017,-0.17022593,-0.10621883,0.0012404791,0.0,-0.116572894,0.04449675,-0.010587361,-0.00025516097,-0.04817825,-0.13541701,-0.008310614,-0.14212048,-0.024803454,-0.10115428,0.048892867
0.23239362,-0.27627003,0.10055951,0.0050262855,0.4293079,-0.32773986,-0.13316222,-0.11039085,0.12381292,-0.026957797,0.42264527,0.3604374,-0.23366536,0.3271968,0.11282659,0.13290527,-0.080659844,0.34438476,-0.35715947,0.09845864,0.01821737,0.27624995,0.90092915,0.042027377,0.22262466,-0.40004018,0.07407021,0.013198946,-0.053325523,0.19111782,-0.37765908,0.0012404791,0.0,-0.70613766,-0.017680109,0.0009056544,-0.0006222286,-0.022669673,0.05069465,0.2522492,-0.057117816,-0.009019596,0.085657015,0.10615614
-0.028676009,-0.07286098,0.345211,0.0043591396,-0.017843122,0.05709883,-0.06829116,-0.28054726,-0.05735346,-0.024330134,-0.26338452,0.16375653,0.28675243,-0.06022532,0.038730748,0.54187393,0.23084445,0.45986387,-0.35965797,0.11295951,0.018013047,-0.20616652,-0.7206971,-0.09286022,-0.0395903,1.1424936,-0.027415793,-0.30926827,0.089977466,-0.1411769,-0.13487305,0.00039921975,0.0,1.3198587e-05,-0.020877015,0.0021728827,0.0025389954,-0.016330397,0.030012066,0.1848298,0.194472,0.011824494,-0.11315,-0.010915267
0.05111192,-0.28541446,0.04176437,-0.0010077137,-0.81502616,-0.4378736,-0.1481308,0.102989964,-0.06845871,0.017213391,0.40000117,0.1485942,-0.061774373,0.20670597,0.0005327165,0.22657064,-0.21043202,-0.71612006,-0.41823402,-0.114023626,0.01349299,0.17465763,-1.075275,0.08888561,0.13683754,-0.40120408,0.046529833,0.02705382,-0.0530445,-0.19538032,0.3058192,0.00039921975,0.0,-0.04714884,-0.027424812,0.002144751,-0.0009190807,-0.02830384,-0.16669458,-0.09729373,-0.00054297317,-0.11151664,0.06759307,-0.56997734
-0.19114788,-0.20745718,-0.3971707,-0.010071777,0.45038968,-0.36990386,-0.07669107,0.037641805,-0.07647972,-0.050391246,-0.8424211,-0.20803854,-0.23899345,-1.2599823,0.18886596,-0.38179955,-0.14649889,0.0055404743,-0.15834524,0.0332584,0.020492794,-0.13572744,0.48777625,-0.075974844,0.14286213,-0.30181172,-0.022265494,-0.029551975,-0.073322736,-0.18007861,-0.43159825,0.00039921975,0.0,-0.104448766,0.009677474,-0.004057027,0.00044075493,0.06763543,0.12994705,0.029810306,0.16716878,-0.064798206,0.0072714454,-0.03869297
0.50251275,-0.16905534,-0.28362468,0.002476648,0.0042465404,0.09872125,0.053281255,-0.16666467,-0.05330614,0.038755074,-0.7880454,0.32751,0.48169297,0.34163094,0.004164966,0.9744662,-0.12359113,-0.10974509,1.1024672,0.0037376855,-0.12403618,-0.08984881,-0.89405185,0.2835396,0.13246225,-0.18662572,0.14721903,0.15186967,0.055034805,0.43365237,-0.46853393,0.00039921975,0.0,-0.051113576,-0.030766554,0.014103911,-0.0013471262,0.027124466,0.31175438,-0.15973848,0.06391434,-0.0036703777,0.16336915,0.22538696
-0.11751941,-0.5574231,-0.498774,-0.006626016,-0.1631839,0.08086817,0.14628264,-0.19204144,0.13879263,-0.22215042,0.23789284,-0.21678852,-0.086899124,-0.859833,0.04328639,-0.25295624,-0.028260797,0.14685984,0.48799786,0.115191355,0.008630228,0.103096545,-1.0511667,-0.24599145,-0.31757575,0.2841855,-0.142375,0.00862448,0.03487509,-0.4654256,-0.17670704,0.0012404791,0.0,-0.14292534,0.043627888,0.020308716,-0.0025445456,0.12133862,-0.07978106,0.055435266,-0.049105935,0.22125293,0.00011860608,-0.22408773
-0.1269027,-0.30138567,0.20845206,0.0013203137,-0.18152058,0.057802614,0.035596993,0.5889711,-0.07458234,-0.13394465,0.4315678,-0.3680327,-0.16610026,-0.11833335,-0.31451434,-0.10797283,-0.1539623,-0.085691005,-0.417848,-0.026885048,0.016847761,-0.4561874,0.4261116,-0.2179696,0.40941486,-0.41685915,0.0416094,0.020722365,-0.102269754,-0.20610565,-0.34730354,0.00039921975,0.0,-0.08850103,-0.01907054,-0.005891607,-0.0012861483,-0.08048004,-0.01715914,-0.15426128,-0.20961319,-0.019316696,0.023261942,-0.3761859
0.17616707,-0.18827493,0.212081,0.010228851,0.35818207,0.092198335,-0.18583821,0.16713431,-0.0635961,0.016352795,0.99575126,-0.2575081,-0.067492835,0.528741,-0.28344604,-0.05450479,0.12279169,0.4566684,-0.27480638,0.0032660211,0.0144522535,-0.52657175,0.54056245,0.07151644,-0.36523375,-0.3903453,0.07058074,0.06422443,-0.05521388,-0.06747818,0.3587002,0.00039921975,0.0,-0.017391752,0.004451173,-0.0001423413,-0.00036989478,-0.08813566,0.13941507,0.06414369,-0.12465057,-0.019343806,-0.0036333466,-0.4229517
-0.10952644,0.7772626,0.27117208,0.004997874,-0.9183903,0.10895469,-0.16812623,0.07595554,-0.05781428,-0.18846434,-0.36689556,0.16017313,-0.37038618,0.47666812,-0.011082445,0.248935,-0.08976946,0.339839,-0.4364168,-0.030989643,0.0141792055,-0.4645161,-0.93075585,0.11691542,0.095490865,0.24158874,0.015533691,0.07776048,-0.07869814,-0.12631202,-0.5437733,0.00039921975,0.0,0.012670038,-0.016643653,0.002961097,0.0018750757,-0.018340843,-0.118922435,0.051778655,0.014530668,-0.063311465,-0.15193143,-0.33983028
-0.18825448,0.555103,-0.5557318,0.0029349653,0.39620832,-0.36847275,0.15576907,-0.30177388,-0.06612047,0.00896032,-0.14804466,-0.23412324,-0.1633281,0.040411063,0.05257825,-0.4293827,-0.064850815,-0.18076746,0.40851027,-0.15453951,0.0109711345,-0.33099112,-1.1650839,-0.059209257,0.11636986,-0.24817343,-0.10111764,0.08204498,0.008921268,-0.06907535,-0.29999006,0.00039921975,0.0,-0.11827505,0.008759218,-0.01265806,-0.0013471262,-0.06972418,0.059539367,-0.27599072,-0.27599737,-0.05358841,-0.050252616,0.1639731
-0.27447447,-0.26630875,0.18183713,0.004391798,-0.9197156,0.017995464,0.1277978,-0.14779162,0.14766811,-0.08443504,-0.428038,0.2553652,-0.2768861,0.44456795,-0.23883487,0.012646582,-0.18459438,0.021671595,-0.4560194,0.08527175,0.013796285,-0.80802304,0.61846757,-0.014675588,-0.2370418,0.4265431,0.07708093,0.108825706,0.039557487,0.16147667,-0.33867723,0.0012404791,0.0,-0.646196,-0.0009921428,0.002620483,-0.0012066694,-0.01313352,0.107427895,-0.25552052,-0.10472405,-0.01764422,-0.44062006,0.21277653
-0.23739618,-0.17751457,-0.25812128,0.001843711,0.52645093,-0.4756763,0.08625665,0.4617957,0.17697144,-0.21489485,-0.26760268,-0.37552002,0.14982207,0.38730553,-0.103122786,-0.47824976,0.07391714,-0.020686341,-0.39806888,-0.06456699,-0.095960855,-0.31270868,0.5598579,-0.38008958,0.28572348,-0.30227518,-0.018864065,-0.369609,0.05447617,0.029175047,-0.033252463,0.0012404791,0.0,-0.037453845,0.00061514555,0.007234131,0.0029954156,0.00658517,-0.35643375,0.20986833,-0.22336558,-0.020106468,-0.22552426,0.076441415
-0.20751154,-0.22520334,0.20798309,-0.014586917,-0.2824924,0.108623944,0.18518598,-0.5633084,-0.05117282,-0.16327178,-0.3980847,-0.19637385,-0.05127193,-0.016050972,0.059758727,-0.23618767,-0.23399389,0.23783116,0.48738018,0.12783219,0.0131182205,-0.10750803,-1.0756565,-0.25524974,-0.1258142,0.3361168,0.025931673,0.10457092,-0.10241854,0.16455767,0.60303885,0.00039921975,0.0,0.01235143,0.010053229,0.003205955,-0.00954273,-0.03913485,-0.3682326,0.114384264,-0.1875278,-0.012634464,-0.031424943,0.13951693
0.1653074,-0.18806951,0.07013785,0.0031617293,0.14519778,0.08282105,-0.1804491,0.07215533,-0.07970896,0.026500747,-0.29425398,0.2987913,-0.17981654,-1.0400602,-0.15037963,0.67806584,-0.104851015,-0.20959723,-0.40035564,-0.053658154,0.01861706,0.015780333,0.53461343,0.35592458,-0.10361333,0.39030454,0.21812616,0.19527073,0.052870285,0.5012544,0.41314948,0.00039921975,0.0,-0.032409072,-0.026823467,0.0005621067,-0.0012066694,0.008848389,0.40350896,-0.22909869,-0.0069774883,0.03668295,0.13318567,0.37952957
-0.22446695,-0.21373007,-0.6489723,-0.01122545,0.5343069,-0.38729355,0.16917345,0.38759628,0.1673383,0.20290816,-0.29742482,-0.29429835,0.13872151,-0.15006095,0.039772317,-0.5086526,0.048376553,-0.045864105,-0.28442693,-0.11970557,0.01000713,-0.11949348,-0.9454298,-0.4448036,0.14323606,0.18201701,-0.07991542,-0.029358072,-0.0142004965,-0.34348252,-0.056418054,0.0012404791,0.0,0.0035749935,0.022204362,0.008530436,-0.0014361977,0.054992788,-0.4428786,0.052303955,-0.0354741,-0.0023825904,-0.24355274,-0.11332937
0.14435948,0.5339134,0.09312039,0.008796784,-0.13636222,0.10441775,0.10054789,-0.24445374,0.17836507,0.01592999,0.26745218,-0.2632731,0.020814262,-0.083547674,0.058281377,-0.074962966,-0.05235584,-0.15763356,-0.4085738,-0.06581657,-0.14502048,0.34943688,-0.9967041,-0.018699093,0.088120945,-0.3799987,-0.052129548,-0.5124091,0.111513264,-0.6258455,-0.29035437,0.0012404791,0.0,-0.4522165,0.0028031783,-0.0028713546,-0.009831192,0.10248773,-0.12013916,0.03882395,-0.07236174,0.12642252,0.016394757,-0.28403124
-0.34591153,-0.21406588,-0.1569113,-0.008017362,0.29561147,0.1319434,0.18137622,0.7463267,-0.04368351,0.12149634,0.36046734,-0.24737279,0.061768267,-0.8716938,0.15218309,-0.5930603,0.15585175,-0.014905427,-0.26115525,0.06376402,0.01597363,-0.037569325,-0.6789163,-0.37272784,-0.18108904,0.18557285,0.060373705,0.05605737,-0.024539625,0.1934039,0.45161444,0.00039921975,0.0,-0.028455313,0.03868203,0.00046376808,-0.0018867082,0.0705594,-0.5540226,-0.3894714,-0.070770286,-0.010484118,-0.16973639,0.20207149
0.024741903,-0.20208433,0.3396655,0.0013390952,0.06221272,-0.45273745,0.09850483,0.5668981,0.16161278,-0.037609566,-0.27183393,-0.21143804,-0.34211713,-0.80531317,0.025080303,-0.30053827,-0.0877822,-0.23246694,0.9112483,-8.0871396e-05,0.008725464,-0.35397774,-0.92889655,0.10028554,0.1265258,0.25762936,-0.10091112,-0.07816635,0.01918329,-0.007656575,-0.34806764,0.0012404791,0.0,-0.7011476,-0.036481153,-0.02560665,-0.007037035,-0.074346185,-0.09814487,-0.23766729,-0.045145176,-0.041666273,0.03604166,-0.07618853
-0.50340813,-0.27444357,-0.4282499,0.00453405,0.28747222,-0.3940091,0.06502689,0.118402,-0.050720684,-0.12330342,-0.2911349,0.15613513,0.30873942,-0.91313124,-0.019330012,-0.33479306,-0.15208468,-0.030040614,0.82919884,0.1455287,0.009792556,0.22808687,-0.7702438,0.06676577,-0.20651278,-0.32785583,0.09594331,0.065166354,0.02616429,0.3046462,-0.24966109,0.00039921975,0.0,-0.062410764,-0.021484608,0.0050033326,-0.0101369815,0.0061837053,-0.22106054,-0.24730554,0.034653373,-0.00036155363,-0.2839852,0.1551531
-0.36110723,0.37678105,-0.6408411,0.0023572885,-0.37536293,0.057798218,0.09060818,-0.47884142,-0.05419089,-0.044589445,-0.15273918,0.14675505,0.32685617,-0.8979201,0.019270908,0.8897217,-0.07471278,-0.12077174,0.91284925,-0.07155761,-0.08898132,-0.12273374,-0.76448625,0.25904903,-0.12167589,-0.30035377,0.11916941,0.12694319,0.05369619,0.4030845,-0.34064022,0.00039921975,0.0,-0.068045,-0.033547774,0.00502911,-0.0013471262,0.009731004,0.24156313,-0.23071678,-0.4381811,0.038950592,-0.28961274,0.30919433
0.18643549,0.6165069,0.120319344,0.005228398,-0.5431046,0.054568578,-0.029093094,-0.67134374,-0.083700545,-0.11687889,-0.287667,0.14592399,-0.3343382,-1.4619306,-0.20912564,0.09435766,-0.18005471,-0.11743366,-0.34183076,-0.04429464,0.014992037,-0.04361827,0.4397436,0.031010117,0.28409895,0.3768658,-0.022887543,0.027034892,-0.1513745,-0.27836457,-0.4764869,0.00039921975,0.0,-0.071163476,-0.03718607,0.0069768187,-0.000873172,-0.0015270857,0.0113050435,-0.026131762,-0.24177907,-0.060535595,0.07938462,0.05790284
-0.15312135,-0.340799,0.010747819,-0.0019524575,-0.009083499,-0.43543947,-0.17445818,0.48629194,-0.070674896,0.022598939,-0.2995174,-0.20445454,-0.09925615,0.1827611,0.10507423,-0.060760524,-0.16994675,-0.24285243,-0.28352398,-0.11678472,0.014622958,-0.33905303,-0.8984677,0.02476843,-0.31721503,-0.30405766,-0.056183152,-0.008933566,0.050859395,-0.22835973,0.39047745,0.00039921975,0.0,-0.079450965,0.009398527,-0.0006809608,-0.0007802318,0.20328267,-0.0052480563,0.02546651,-0.14909974,-0.012929561,0.032096706,-0.31873223
-0.30758753,-0.21033674,-0.4777059,-0.010193589,-0.849012,-0.5146066,0.20649019,0.122046426,0.14232336,-0.21556617,-0.25236756,-0.2609901,-0.05832908,0.3194286,0.021374911,-0.29461744,-0.22019824,0.3428186,0.5656873,-0.1289221,-0.08980507,-0.06212978,-1.3964508,0.039738018,0.12851694,0.22741866,-0.0060749073,-0.014802648,-0.09671179,-0.06327379,-0.13557746,0.0012404791,0.0,-0.27232814,-0.060212098,-0.037100017,-3.5549572e-05,-0.04493635,0.08220477,-0.011031197,0.08712802,-0.06729813,-0.06628111,0.027698912
0.2182083,-0.22606276,-0.57955104,0.0048313625,0.3775024,-0.20784374,0.07493424,0.14470053,0.17818382,0.044598818,-0.6808391,-0.24930914,0.0450251,0.3065534,0.04224578,-0.092274845,0.2433678,-0.10797382,-0.33818,0.09279705,0.0124954395,-0.109081715,-0.95931256,-0.029267546,0.31784296,-0.23776175,-0.03515135,-0.33095223,0.106063426,-0.32917342,-0.29632443,0.0012404791,0.0,-0.5955526,0.034878116,-0.006071978,-0.010153457,0.12505522,-0.16941328,0.13651323,0.041902967,0.1600194,-0.035853196,0.0723068
-0.059481725,-0.20695937,0.05409804,-0.0039336956,-0.7137897,-0.4339269,0.17826946,-0.17692463,-0.08534428,-0.17835605,0.35912326,-0.42927334,-0.021441711,0.4467172,-0.26190987,-0.15431036,0.021596178,-0.7766613,-0.3131993,-0.13991779,0.010716555,0.24683945,0.5644982,-0.084329896,0.13484909,-0.38972118,-0.11179426,-0.47040686,-0.07569288,-0.43397105,0.39162126,0.00039921975,0.0,-0.13607684,-0.004877561,0.0027642674,-0.0012861483,-0.08931083,-0.093334064,-0.14508915,0.06521006,-0.0031700092,-0.0023566738,-0.18047614
0.07979659,-0.21548255,0.15222779,0.0037152306,0.36863855,0.004160662,0.021616975,0.08242078,-0.0866391,0.023003941,-0.3951069,0.14717917,-0.5214087,-1.0394762,0.055063035,-0.12444313,-0.06032188,-0.21003133,-0.44776547,-0.051065102,0.0117024295,0.14281188,-0.7680189,-0.0087535335,0.080116525,0.39834732,-0.06274553,0.15496257,0.029374426,-0.29827055,-0.5027639,0.00039921975,0.0,-0.10671787,-0.026808906,-0.0014927501,0.0018750757,-0.04323152,-0.11102594,-0.36183023,-0.04439425,-0.065799296,0.035256177,-0.061197523
-0.24934454,-0.19277826,0.19373631,0.0036743102,-0.33412257,0.084594935,-0.26391825,-0.8206391,0.13420483,0.06305828,0.24335018,-0.19414613,0.021465277,0.03572453,0.06411755,-0.30060405,-0.06626011,0.025320573,0.3494215,-0.07043956,0.011196096,-0.31008318,-0.8176256,-0.052404564,-0.3799883,-0.27559307,-0.09018923,-0.031191638,-0.0342818,-0.18876672,-0.5298968,0.0012404791,0.0,-0.6938491,0.004777596,-0.0065746326,-0.00030315068,0.09929089,0.04826218,-0.28729817,-0.36307743,0.10885789,-0.29958004,0.01520724
-0.07299038,-0.3292046,-0.5667947,-3.1351577e-05,0.12470037,0.074461356,0.0939877,0.07503789,0.18867797,-0.1218997,-0.39554718,-0.2645464,-0.23263898,-0.04955925,0.065620504,-0.17560102,-0.15479554,-0.16447751,-0.4066213,-0.04584532,-0.15623324,0.37654287,0.8465361,0.026159357,-0.20352603,0.32634336,-0.17878294,-0.1251158,-0.12664627,-0.11333019,-0.08532292,0.0012404791,0.0,-0.19634904,-0.07717515,-0.037646044,-0.0012244108,-0.06415396,0.09441264,-0.112002395,0.0076739136,-0.08476537,0.047113318,-0.06333559
-0.34226567,-0.30196837,0.12618276,-0.009656325,-0.07302822,0.11348358,0.1278911,-0.69025654,-0.04526195,-0.06277868,-0.30845895,-0.41367638,0.065854475,-0.102758154,0.1501943,-0.6341026,-0.25654677,0.37047738,-0.4044622,-0.056862734,0.017163888,0.07868081,0.46101934,-0.40223807,-0.2263358,-0.36630717,0.023293208,0.037691202,-0.007201656,0.12370096,0.16528876,0.00039921975,0.0,-0.015666427,0.012832473,0.0031427646,0.0005688177,0.016660105,-0.48461047,-0.33639824,-0.23756911,0.03460888,-0.047181353,0.16341323
-0.0069601904,-0.11571705,-0.015890034,-0.010756925,-0.1786582,0.052326154,-0.0013753386,-0.6310597,-0.08828569,0.029069412,-0.21258669,-0.25210708,0.08919417,-1.0336591,-0.24979666,-0.17118959,-0.23912749,-0.21811242,-0.32931277,0.074709475,0.00767663,-0.11042707,0.2978129,-0.07287264,0.103541516,-0.33039618,-0.03469991,-0.31358486,-0.0345218,-0.25129572,-0.4251107,0.00039921975,0.0,-0.15932058,-0.011059657,-0.0041282964,-0.0001520383,0.054784186,0.068613775,-0.3169955,-0.14904779,-0.03649322,0.14586374,-0.14720032
-0.236609,-0.16988054,0.12331976,0.006526571,-0.39527428,-0.2756471,-0.23084946,-0.6959678,0.16397661,-0.05659185,0.1618958,-0.4492177,-0.23324616,-0.056615874,-0.2653965,-0.14548497,-0.16872627,-0.20416658,-0.26579797,0.04369075,0.013511312,0.3068946,0.49011022,-0.35831687,-0.22927012,-0.45370048,-0.07373987,-0.07418313,0.08225739,-0.60968506,-0.44610712,0.0012404791,0.0,-0.53756917,-0.03830473,-0.01742944,-0.0012861483,-0.08126673,-0.009311687,0.21983428,-0.116390675,-0.07755093,-0.043193378,0.03372707
-0.13541372,-0.5810873,-0.13293514,0.0064810384,0.29968718,-0.31421337,0.055695295,-0.4904039,-0.07907917,0.024047274,-0.14420941,-0.20605141,0.12189116,-0.7793961,0.089703895,-0.35518274,-0.16995876,-0.17612611,0.76994795,-0.109767325,0.0056899884,0.29419172,-0.9736449,0.09514693,0.227521,-0.23455763,-0.05598833,-0.050234124,-0.10770096,-0.09729593,-0.2517378,0.00039921975,0.0,-0.12902018,-0.0033079274,0.0021168815,-0.010153457,-0.07981166,-0.26037967,-0.1177339,-0.055844296,-0.044161446,-0.03745541,-0.37633917
-0.3767232,-0.15448181,-0.048544373,0.026841348,-0.104753576,0.096812,0.13774182,-0.6015418,0.13720152,-0.16549927,-0.2259648,-0.33196402,0.059406355,-1.0706463,-0.17219019,-0.6061408,-0.116235726,-0.03735821,0.7241155,-0.017506294,0.0043075234,-0.09915118,0.40594488,-0.2905684,-0.18439361,-0.33670267,0.13877252,0.06244042,0.0026077616,0.1832156,-0.081631996,0.0012404791,0.0,0.09654967,-0.00032475078,0.0069587654,-0.0040279515,-0.0050568217,-0.53601986,-0.2523018,-0.5095488,0.101868026,-0.27194342,0.13191205
0.061587267,-0.13460882,-0.38354883,-0.034895245,0.07815432,0.07952622,0.10087569,-0.15709066,-0.0801743,-0.105162375,-0.31002757,-0.16044581,-0.1863183,-1.0220782,0.25807497,-0.31691644,-0.06813886,-0.9599142,0.4410053,-0.07771556,0.010881815,-0.37674034,0.7043977,-0.15035099,0.1354543,0.5438417,-0.08931348,-0.45414913,0.052074283,-0.05266549,0.43256456,0.00039921975,0.0,-0.34932747,-0.009203759,-0.001867712,-0.010136522,-0.061268248,-0.09023848,0.15775904,-0.12555034,-0.031580705,-0.26442292,-0.08623781
-0.2503218,-0.55004036,0.08604683,0.0048554866,0.45435005,0.07289123,0.02607066,-0.41812155,-0.074599236,-0.12255502,-0.35986805,0.16695876,-0.435291,-0.1432153,0.054834202,-0.1773373,-0.1759789,0.22052252,-0.41233662,0.0604159,0.016235922,0.12838487,-1.160417,0.06913939,0.2399814,-0.34151506,-0.011314898,0.06478431,0.019875878,0.26373214,-0.48262978,0.00039921975,0.0,-0.00880006,-0.029486611,-0.0009960283,-0.00056095095,-0.0457141,0.123152524,-0.28461823,-0.0807226,-0.025274951,-0.37297073,0.25197238
0.23900807,0.7239091,0.27950755,-0.0109706,-0.8561136,-0.5113568,0.13036203,0.13286641,0.15873805,0.040589277,0.85720336,0.42263007,-0.07832071,0.021484215,-0.10659432,0.36405453,-0.041771956,-0.10419841,-0.43757105,0.023171932,0.019331332,0.27923906,0.7152204,0.22065724,-0.107390635,-0.25804344,0.22029051,0.21097732,0.035003442,0.40573177,0.09949814,0.0012404791,0.0,0.1494223,0.05174551,-0.008010462,-0.0013704017,0.011272036,0.29142827,-0.12536365,-0.0512149,0.010678218,0.0979615,0.22495449
-0.3090044,-0.22374114,-0.26928487,-0.001156237,-0.9793621,-0.55184233,0.047399066,0.55847853,0.34594056,-0.08811316,0.43302295,-0.43182284,-0.033480063,-0.08837611,-0.30433914,-0.29630363,-0.2975086,0.2331937,-0.43655482,0.05709075,0.014034808,0.12667848,0.581918,-0.05148225,0.23825833,-0.37885612,0.037842385,0.01939309,-0.0061251903,-0.17361052,-0.35662273,-0.011950837,0.0,-0.0291053,-0.07042117,-0.011940751,-0.0013767437,-0.08946363,-0.026798962,-0.21017309,-0.20469113,-0.03330131,-0.039253123,-0.2935053
0.21359174,-0.16360112,-0.043335445,0.003571398,-0.11380829,0.060766093,-0.114061676,0.6479561,0.14063215,0.061480165,0.3881717,0.1738061,0.33599725,-0.95929027,0.09300505,0.20026232,-0.027392492,0.45261824,-0.45549667,-0.100832455,0.015907861,-0.19252087,-0.783683,-0.001760092,-0.2739281,-0.21951742,-0.009339162,-0.037671484,0.013636988,-0.11975307,-0.4997419,0.0012404791,0.0,-0.6508275,-0.027611483,0.005976392,-0.00032509147,-0.015225417,0.04587491,-0.18441494,-0.09389642,-0.061996475,0.11310996,-0.14784709
-0.1503676,0.5853401,0.19392782,0.004487536,-0.19747286,-0.570541,0.035176698,0.46856162,-0.071159035,-0.031424414,0.37185705,-0.2284898,0.123572126,-0.0590335,0.0723,-0.16628292,-0.18770438,-0.08508614,-0.3388585,0.11544525,0.018191516,-0.4681582,-0.96683174,-0.0020293035,0.23297356,-0.4067241,-0.088363945,0.017399026,0.078030474,-0.101518564,-0.38776234,0.00039921975,0.0,-0.046737537,-0.02261863,-0.0046886276,-0.0009190807,-0.06328789,0.12785089,-0.025840882,-0.13156411,-0.032644838,-0.051572286,-0.25096503
-0.20863134,0.62922305,-0.18602587,-0.010867973,-0.86725926,0.11422742,0.19700982,-0.2754947,0.18676205,0.06557906,-0.26198354,-0.2360231,-0.13053985,0.46580666,0.06763009,-0.21271138,-0.10263126,-0.61075956,-0.19467244,0.1066826,0.011570234,-0.5647518,-0.94769835,-0.004646533,0.06880599,-0.2050739,-0.02840468,0.020134721,-0.0665146,-0.12643117,-0.015332215,0.0012404791,0.0,-0.1351259,-0.06522724,-0.038519498,-0.001241345,-0.03749511,0.0011651395,-0.05449947,-0.15078135,-0.046447117,-0.025505349,0.03135503
0.0013485731,-0.24500366,0.039683096,-0.0020178943,-0.53186786,0.10069064,-0.20091256,0.5774841,-0.105906524,-0.092751,-0.84206396,-0.25938812,-0.117003165,0.33533484,0.06737788,-0.1871186,-0.04486449,-0.31295785,-0.2621695,-0.043612298,-0.10689946,0.2688788,-0.89157414,0.015493576,-0.2648651,-0.19293208,-0.07529295,-0.30483088,0.021917518,-0.59338754,0.13608733,0.00039921975,0.0,-0.17269617,-0.0052988078,0.007583506,-0.00030315068,-0.052885294,-0.099389486,-0.229063,-0.15634003,-0.006461887,0.008493684,-0.53051704
-0.3169352,-0.10624798,-0.6512694,0.0003970974,-0.08752721,0.097657606,-0.2527559,0.109377466,0.15222713,0.069679305,-0.2649947,-0.21890546,-0.07105332,-0.6185422,0.07603496,-0.44959477,-0.13561009,-0.6737076,0.35631838,-0.115881145,0.0063355598,-0.27899626,-0.74854165,-0.36694792,-0.14584033,0.17851295,-0.11788944,-0.0066433633,-0.12368067,-0.33942464,-0.48773408,0.0012404791,0.0,-0.61934924,0.017291816,-0.007972277,-0.0014361977,0.037406366,-0.3473538,-0.0822378,0.0018623346,0.14534494,0.09833712,-0.028020976
-0.14068675,-0.32719615,0.17012523,0.010221934,-0.18998823,0.15398537,0.10635554,0.6857858,0.14705124,0.07456336,-0.76683235,-0.23599628,-0.042087108,0.47326618,0.00393728,-0.32701144,-0.20626378,0.34672725,-0.31675497,-0.13112667,0.008765305,0.25991407,-1.0381347,0.0003469222,0.13186629,-0.114589214,-0.08063345,-0.10276912,0.0021052193,0.090706564,-0.4077596,0.0012404791,0.0,-0.73278975,0.028019011,-0.010089733,-0.0024840226,0.0712045,-0.344423,-0.16907404,-0.17020349,0.10521171,-0.0109326765,-0.12712109
-0.052218825,-0.19133979,0.17314246,0.024965435,-0.36826882,0.08599638,-0.07603045,-0.647366,-0.08923577,0.060425874,-0.26492527,-0.18427369,-0.071892194,-0.97944695,-0.27509865,-0.27442163,-0.24136885,-0.29308426,-0.36377853,-0.08275225,-0.097647324,-0.024216326,0.35826626,-0.0024180657,-0.24922572,-0.27489534,-0.10205759,-0.04899213,-0.13841139,-0.03994892,0.6233339,0.00039921975,0.0,-0.12569441,-0.013137983,0.000605487,-0.0031312245,-0.08938614,-0.054624185,-0.1188742,-0.17339957,-0.012917669,0.06669165,-0.08355328
-0.27260345,-0.21540798,0.10376191,-0.016156452,-0.4014265,-0.37869814,0.18234651,0.091832064,0.14046428,-0.17867897,-0.35335058,-0.3464523,0.09592429,0.40233785,-0.20741656,-0.57264,0.2042931,-0.051350046,-0.4320937,0.018099789,0.009290701,-0.29171044,0.48632947,-0.499994,0.1747204,0.34969166,0.08330111,0.008703768,-0.07508604,-0.037101112,-0.03078339,0.0012404791,0.0,-0.051419437,0.026721083,0.015101339,-0.0002996074,0.014136398,-0.4826042,0.011392499,-0.09423202,0.16887718,0.045409713,0.01583579
-0.14969222,-0.42091012,-0.24529387,0.0041365833,0.3939232,0.043049697,0.034006655,-0.9057199,-0.058007732,-0.13090943,0.80145216,0.2333506,-0.3232521,0.0071071237,-0.17832008,0.37960902,-0.32134244,-0.04457776,-0.39080298,-0.042605262,0.011086171,-0.54686403,0.49571085,0.024390133,-0.18530656,-0.488214,0.07378701,0.13494165,0.013574781,0.40766242,-0.393179,0.00039921975,0.0,-0.06715865,-0.012660326,0.0020336842,-0.0013704017,-0.00012510072,0.03462026,-0.24515061,-0.27533683,-0.02452373,-0.34552732,0.24776348
-0.11051425,-0.38841492,-0.14110412,0.0034675805,-0.17267276,-0.34636986,0.08318743,-0.27602234,0.18963678,0.0284493,-0.23076774,-0.22899562,-0.007931329,-0.071187615,0.06334709,-0.20878184,-0.13711715,-0.13402295,-0.19765204,-0.036622338,0.012724197,-0.24687341,-0.81077415,-0.14806935,-0.30561996,-0.3194724,-0.02803966,-0.2871924,-0.08702993,-0.48919234,-0.3608403,0.0012404791,0.0,-0.53221524,-0.04246732,-0.013333725,-0.00030315068,-0.058233257,0.04682707,-0.05728405,-0.11544777,-0.056562707,0.079747915,-0.20391248
0.25021154,-0.18622048,0.2753719,0.0038373498,-0.7108219,0.093707934,0.1925543,0.21187364,0.14100607,0.041396964,0.3419979,0.26062167,0.36468768,0.30556405,0.030879937,0.60304314,-0.08164496,-0.111190684,1.1672617,0.073166765,0.011843145,-0.45920524,-0.7395621,0.16763481,0.33258736,-0.19163169,0.15290418,0.0982766,0.01991651,0.36259,-0.20962629,0.0012404791,0.0,-0.42684558,0.0106239915,0.0065481686,-0.0012248707,0.01078409,0.10623324,-0.17941901,0.09421945,-0.022116031,0.17194788,0.20528437
-0.2530974,-0.18209417,0.0036839526,-0.010472549,-0.7338183,-0.3379016,0.042053048,0.09279038,0.19299415,-0.09390447,-0.7485342,-0.31650913,-0.23993021,-1.0471094,-0.2408949,-0.1967922,-0.23196025,-0.7429034,-0.3692079,-0.13180475,0.0077783545,-0.13035198,0.3148891,-0.08089266,-0.13287292,0.37443224,-0.025127532,-0.0062612235,-0.17344707,-0.15293632,-0.3331022,0.0012404791,0.0,-0.5955556,-0.04087425,-0.013680143,-0.009785283,-0.06812839,-0.14795902,-0.15987824,-0.17384319,-0.0685748,-0.049399767,-0.251593
-0.24107318,-0.27617714,-0.089259416,0.0034770595,0.40382764,0.08114736,-0.18352167,-0.6319079,0.16778886,0.026500443,-0.7670623,-0.32436326,0.16134754,0.3455766,0.07801854,-0.22390072,-0.43798867,-0.14674546,-0.25372863,0.05089028,0.010423146,-0.13319036,-1.0017374,0.052664332,-0.2743201,-0.21797973,-0.01581338,0.02078032,-0.08343,-0.116564624,-0.5914632,0.0012404791,0.0,-0.8638206,-0.026957884,-0.02136194,-0.001241345,-0.0688092,-0.019558115,0.03257609,-0.04492222,-0.075172424,0.027487244,-0.13114257
-0.12490914,-0.31566688,0.02636595,0.0050667827,-0.14852375,0.079092644,0.02363354,0.47813955,-0.06371252,-0.10634774,-0.36836857,-0.3010568,-0.008200505,0.31513488,0.11733308,-0.56520027,-0.23721635,-0.010365582,-0.37004766,-0.13909829,0.0077279853,0.22584923,-0.7093556,-0.4042996,-0.24111457,0.12091657,-0.029960616,-0.014561354,-0.13841231,0.07163295,-0.49326923,0.00039921975,0.0,-0.08394647,0.02628248,0.0002397885,-0.018282231,0.053166997,-0.55381644,-0.026373385,-0.21229634,0.18772611,-0.038483467,-0.10500827
-0.32034308,0.571764,-0.46805555,-0.007920328,0.27696252,0.07899637,-0.21268135,-0.2937701,0.15137222,0.12067667,-0.27475908,0.11567031,-0.23133004,-1.181063,0.035051085,-0.2366867,0.05529453,0.2151341,-0.2864164,0.014702849,0.017381378,0.14257206,-0.9929927,-0.066420436,-0.09912148,-0.25625214,-0.09106655,-0.053761784,0.02533841,0.2624938,-0.13611984,0.0012404791,0.0,0.027721398,-0.014756586,-0.019086719,-0.0006832065,-0.0578819,0.013377518,-0.23316315,0.04895237,-0.044591114,-0.3769442,0.13159867
-0.074506216,-0.19995245,0.26465487,-0.0033319676,0.2282123,-0.14308515,-0.17344649,-0.39557326,-0.07356413,0.054130454,-0.20921993,-0.3903031,0.31300002,0.52005607,-0.22396772,-0.04423393,0.32079586,-0.24984026,-0.1920431,0.123895034,0.012599078,0.23176412,0.68547094,-0.022536095,-0.087716214,1.1021893,-0.06730121,0.002338727,0.008484647,-0.19367889,-0.2315644,0.00039921975,0.0,-0.1251489,0.01685257,-0.0042607156,-0.000873172,-0.06399876,0.0696219,-0.3070107,0.20286684,-0.053216845,0.040698584,0.13069521
-0.1550253,-0.20949337,0.19784057,0.0023921498,0.47573623,-0.3879732,-0.019785365,-0.6426368,-0.07033777,0.018965522,-0.17440438,-0.18173611,-0.13318512,-0.8652922,0.10862218,-0.33092034,-0.18778816,0.3751124,-0.30843207,-0.14395808,0.0113754505,0.06856289,-0.7894753,-0.058463156,0.12749965,-0.36785972,0.03899598,0.021585857,-0.11515887,-0.1773642,-0.3614656,0.00039921975,0.0,-0.06155343,0.0157714,0.0106461635,-0.00025516097,-0.06499446,0.114718795,0.21447974,-0.22307397,-0.039545015,0.023092078,-0.28133252
0.32462505,-0.19051917,-0.47817662,0.0040873773,-0.87789863,0.086492844,0.016116666,0.39435256,-0.07003479,-0.17038797,0.3388109,0.18150955,-0.5128891,-0.07899734,0.08794829,0.37342766,-0.14469562,-0.17373833,-0.44262508,-0.05892064,0.016506586,-0.51899064,-1.0127699,0.11025156,0.08453132,0.5521353,0.15982096,0.19248939,0.04349231,0.37164846,-0.6322083,0.00039921975,0.0,-0.041294873,-0.021659493,0.010760929,-0.001141558,-0.031687133,0.22726269,-0.20833404,-0.074993774,-0.01823279,0.13220626,0.25227308
-0.25935268,0.6429841,-0.15988399,0.004285113,-0.49326566,0.120714635,0.00022636238,-0.6590466,-0.062710844,0.0358184,-0.19812033,-0.2554366,0.07144355,0.31086883,0.0715926,-0.34950826,-0.22209649,0.01369334,-0.27776116,-0.08666344,0.013700748,0.1529684,-0.93770576,-0.49325466,-0.22026426,-0.21404852,0.0003596805,0.07093538,-0.11811508,-0.11823563,-0.6155561,0.00039921975,0.0,-0.078701004,0.01104751,0.004541411,0.00812187,0.04959543,-0.3566054,0.060248572,-0.08397722,-0.066600285,0.0017525274,-0.37067655
-0.20757088,-0.23205762,0.25447693,0.008126594,0.3673418,0.07436204,0.09943819,-0.22364284,0.18736905,0.10850678,0.313703,-0.25175968,-0.20769793,-0.00071605144,0.06307213,-0.08039,-0.20766896,-0.45612234,-0.23322013,-0.052451257,0.013150953,0.21205966,-1.0339206,-0.39736265,-0.19848384,0.3171025,-0.0650004,-0.39968762,-0.15684845,-0.44465232,-0.326019,0.0012404791,0.0,-0.6075857,0.040079083,-0.0036956037,-0.007037035,0.17462045,-0.20622803,-0.04076069,-0.10709013,0.14220163,-0.22764945,0.03981655
-0.18889749,-0.059621453,-0.32867435,0.00304925,-0.23437938,0.11256545,0.2362002,0.60156727,0.16313115,-0.12271592,0.88227594,-0.36832726,0.11515306,0.3274966,-0.01648032,-0.36413783,-0.12617762,-0.10590591,0.7254815,0.08000472,0.0052755107,0.26293555,0.61773264,-0.38509002,0.18291482,-0.17784193,-0.11006676,-0.34211376,-0.058930285,-0.52990055,0.024289709,0.0012404791,0.0,0.036767248,0.008322261,0.0024481742,0.0029954156,0.011264527,-0.35450694,0.014583339,0.14377294,0.16239408,0.023750344,-0.0061861346
0.2386055,-0.32902747,0.22152077,-0.022931337,0.5306543,-0.22864866,0.09428834,-0.5341221,-0.06319447,0.14454614,-0.8068681,0.3305703,0.053007506,0.5638587,0.035073806,0.061628245,0.15683645,-0.4745909,-0.32922292,0.124963365,0.020397777,-0.036952347,0.67689,0.32622346,-0.18867642,-0.32447278,0.120438956,0.14423683,0.04482481,0.35447776,0.47047898,0.00039921975,0.0,-0.22761118,-0.024956431,0.00041229953,-0.0013704017,0.00095631747,0.09631972,-0.116316356,-0.004915193,-0.009241543,0.11381693,0.31723356
-0.29491922,-0.2102045,-0.45546758,0.006202107,-0.34884217,0.070764415,-0.14540952,-0.6251399,0.182048,-0.123166904,-0.87706065,0.14755051,-0.28034428,-0.0484412,0.07876063,-0.074506365,0.052399848,-0.16424906,-0.39587814,0.007341801,0.009680695,-0.33460298,-1.045705,0.04744316,-0.15528816,0.23229103,-0.104131445,-0.026445476,-0.106341526,-0.06368638,-0.45128423,0.0012404791,0.0,-0.65716004,-0.029414466,0.009818763,-0.0006994693,-0.040045932,-0.016255476,-0.035001706,-0.050199687,-0.032102793,-0.182301,-0.2981387
-0.22888996,-0.2122944,-0.24728383,0.005240775,-0.53922355,-0.38199145,0.038333245,0.39111048,-0.06376988,0.11843237,-0.286281,-0.31470367,0.1426973,0.2839283,0.054561608,-0.43818802,-0.2676802,-0.12711847,-0.34540376,0.23250578,0.010566048,0.2892789,-0.7793402,-0.33027622,-0.19219832,-0.21013407,-0.051712625,-0.0717068,0.05190507,-0.62924105,-0.38225386,0.00039921975,0.0,-0.07939491,-0.0070916675,-0.013701964,0.0021094605,0.07347327,-0.35997546,0.17581967,-0.12142645,-0.02113305,-0.017142251,-0.26630452
0.10452156,-0.43096083,-0.06178926,-0.003292826,0.3746023,0.06418694,-0.22758298,0.09360206,0.18886167,-0.14227924,-0.32521734,-0.3933362,-0.104826786,-0.047664538,-0.19424437,-0.17515175,-0.18959375,-0.5370981,-0.4532163,0.09147592,0.009694006,0.19821069,0.5541086,0.06039176,-0.43807825,-0.36120424,-0.13249852,-0.03230374,0.039251022,-0.079525314,-0.05564729,0.0012404791,0.0,-0.026799131,-0.056386918,-0.024391674,-0.0032218199,-0.086046234,-0.048385315,-0.114005685,-0.15437576,-0.08697055,-0.13011076,-0.14903513
0.104824945,-0.26686502,0.103891104,-0.00032293168,0.3064502,0.079815134,0.07385343,-0.31302622,-0.078369804,-0.17292248,0.3984985,-0.22848357,-0.16133907,0.40309763,0.08109702,-0.22011402,-0.29369986,-0.24689272,-0.31223962,0.11659572,0.016475728,-0.039856106,-1.1400381,0.03365657,0.32503387,-0.32267442,-0.11455799,-0.019339107,-0.0006568618,-0.099150255,0.2421904,0.00039921975,0.0,-0.089316644,0.00251409,-6.4450374e-05,-0.0009190807,-0.07815849,0.064506605,-0.43156835,-0.07645645,-0.016342472,-0.13455075,-0.41105708
0.45282656,0.53005403,0.1786634,-0.0064639123,-0.19319369,0.073478006,-0.25656658,0.092854224,0.1473439,-0.080944896,-0.25154755,0.31004214,-0.15716326,-1.2339984,-0.016959984,0.7342144,-0.036850505,-0.089988016,0.8440584,-0.0024415585,0.007899631,-0.08093875,0.57312137,0.39999858,0.08428671,-0.2398892,0.21266787,0.16712415,0.030300103,0.45040753,0.025662694,0.0012404791,0.0,0.04414176,0.087215655,0.00049309316,-0.0013704017,0.015417829,0.2839808,-0.17199777,-0.3942434,-0.029640948,-0.0056459676,0.21415725
0.23240468,-0.29892617,0.024339685,0.0060938573,-0.5188931,-0.24695557,0.05136839,0.40168867,-0.061021622,0.01024542,-0.3730902,0.36845702,0.38813195,0.044660024,-0.13630958,-0.009745405,-0.07430146,-0.079188265,-0.42034963,0.06633962,0.014243753,0.010482445,0.60298103,0.0883663,-0.36808586,0.71892446,0.2150466,0.18637395,0.033010013,0.40753755,-0.37096465,0.00039921975,0.0,-0.038667522,-0.0261777,0.0049198195,-0.00059073936,0.007914346,0.121846825,-0.19819565,0.09683354,0.010494062,0.18424235,0.3352858
-0.23186463,-0.19625717,-0.18184808,0.007823648,-0.15135862,0.083291635,-0.2614808,-0.44764918,0.14176977,0.02236965,-0.25682098,-0.31950378,-0.11509554,0.0862098,0.18587199,-0.16953318,-0.03204661,0.24006365,0.80099386,0.06821969,0.011987038,0.46285918,0.97027373,-0.091892175,-0.1657805,0.5223696,0.24008346,0.16653344,0.038361553,0.26914975,-0.032855883,0.0012404791,0.0,0.032976426,-0.07664668,-0.016515614,-0.0013383289,-0.06267905,0.12942824,-0.26072514,0.1126131,-0.07073436,-0.037211783,0.13996767
0.15272859,0.60027766,0.06497094,0.004185139,-0.46089235,0.058600057,0.025848141,-0.6433843,-0.08179508,-0.07770088,-0.72085834,-0.21616909,0.22114511,-0.10117315,0.06109541,-0.22389746,0.13138223,-0.27389705,-0.26649737,0.010657474,0.012403443,-0.08847891,-0.85482913,0.07581497,-0.18539648,-0.21622367,-0.084577985,-0.24065009,0.0034738253,-0.11976103,-0.33058152,0.00039921975,0.0,-0.15042546,0.006783861,-0.004205436,-0.00030315068,-0.043352906,0.15423812,-0.31121027,-0.29478654,-0.014110825,-0.22792864,-0.24818757
-0.019818027,-0.30054525,-0.38648263,-0.00012795505,-0.13087949,-0.43583396,-0.020287728,0.34710377,-0.07885109,-0.06811337,-0.3833606,-0.22273237,-0.13995269,0.3857109,0.00070817024,-0.22287278,0.095758386,-0.0627992,-0.32256117,-0.052873045,0.01413291,-0.5313281,-1.1083838,0.0011562639,-0.3699611,0.70338976,0.060921263,0.0556742,-0.07392409,-0.1383303,0.3798145,0.00039921975,0.0,-0.038551323,0.005020193,-0.0027813807,-0.0025445456,-0.055611305,-0.07644417,0.14611106,-0.11844061,-0.0331961,-0.0050894595,-0.34079933
0.2761846,-0.19310524,-0.20425004,-0.0035039675,0.45659968,0.07360454,0.22092259,-0.5818653,0.16343226,-0.05920135,-0.089203134,-0.2464927,-0.110473275,0.067719094,-0.18016106,-0.07784884,0.31274486,0.03386102,0.9288857,0.109147705,0.004799816,-0.24938728,0.727291,0.1583738,0.425778,-0.35680503,0.12474009,0.15585645,-0.06275371,-0.079225376,-0.041165985,0.0012404791,0.0,0.16549611,-0.043489624,-0.010890493,-0.010288855,-0.06639158,-0.23274893,0.20809837,-0.11833002,-0.032579083,-0.16588534,-0.096255735
-0.16018434,0.35097373,-0.512231,-0.010586323,0.43809444,0.07467955,0.14396447,-0.14858103,0.14183013,-0.20842898,0.29048353,-0.20266657,-0.10756563,0.33414668,0.112024575,-0.06589822,-0.112551674,0.18587974,-0.20992792,-0.015271464,0.015304954,-0.5322185,0.58805496,-0.50909805,-0.39277518,-0.46740702,-0.081652686,-0.5245657,0.04590599,-0.7245136,-0.08476721,0.0012404791,0.0,-0.1835465,0.016515918,0.024226803,-0.0032218199,0.11874786,-0.113310196,0.020327145,0.03269633,0.094639964,-0.012502668,-0.038882606
-0.2120326,0.5551678,0.15972468,0.029257977,0.37686804,0.08333091,0.17262417,-0.11082225,-0.0504814,-0.015598568,-0.27483392,-0.38818082,0.00524164,0.41765958,-0.07144574,-0.24173617,0.004150731,-0.48471737,0.84924966,0.030212812,0.007369113,0.23847832,0.7823915,-0.46644214,0.16697557,0.45462137,-0.13000935,-0.4299892,0.15991801,-0.4579164,0.46259233,0.00039921975,0.0,-0.06977815,0.013203053,-0.0032131078,-0.0002996074,0.070590764,-0.09442875,0.44682992,0.15730768,0.017092112,0.02117033,0.08311371
-0.11332828,-0.27652526,-0.04839977,0.0017682135,-0.07786403,0.118900985,-0.23413868,0.17702982,0.17577179,-0.2510131,-0.30561805,-0.32266805,-0.16286846,-0.08558656,-0.2723294,-0.34215608,-0.091072135,0.008559922,-0.31948307,0.07785527,0.018273452,-0.5105216,0.41980484,-0.07952919,0.19158891,-0.3578008,-0.10792825,0.08736854,0.11718124,-0.06441302,-0.44523185,0.0012404791,0.0,-0.7102275,-0.040230937,-0.007203457,-0.010288855,-0.0602343,-0.03854043,-0.054289326,0.05933014,-0.04909891,0.017902471,-0.36990327
-0.20932037,-0.18309559,0.15093803,-0.013849145,-0.48698545,0.12578255,0.1632265,-0.23739298,0.15929528,0.05182127,-0.22931716,-0.2197486,-0.15803401,-0.81095684,0.051811293,-0.29174042,-0.16204242,-0.5559152,0.8592136,-0.094657116,-0.068170786,0.3078201,-0.9447614,0.07376776,0.08523448,-0.30530143,-0.09029155,-0.069305986,0.04896099,-0.045766637,-0.091980904,0.0012404791,0.0,-0.032234795,-0.060670156,-0.04060381,-0.0009190807,-0.076988965,-0.13165244,-0.0062416587,-0.08019964,-0.052922577,0.057852335,-0.17110582
-0.22746338,-0.17901763,-0.011961486,-0.009258226,0.057799954,0.07314454,-0.14906412,-0.20728575,-0.07941825,-0.015177085,-0.33632666,-0.40089297,-0.30113128,-1.1199468,0.26423594,-0.44817218,-0.07344142,0.5494762,-0.23311159,0.14294887,0.01885595,-0.062227726,0.53301364,-0.4263429,0.24134532,0.33563018,-0.04304656,-0.03169996,-0.11399009,0.011154923,-0.39901876,0.00039921975,0.0,-0.04747819,-0.012140175,0.0006573926,0.0008322599,0.067304514,-0.1195462,-0.08203318,0.15890115,-0.0056908065,-0.16654938,0.22964387
0.06068444,-0.73162645,-0.010704713,0.0054810774,-0.24236053,-0.34357238,-0.123948954,0.034251656,-0.09476533,0.0050121043,-0.34563658,0.3614659,-0.35710248,0.32303214,-0.13761172,-0.027737811,-0.17957994,-0.06680374,-0.4164285,-0.1423923,0.0078676585,0.23992778,0.66461396,-0.04769291,-0.21068767,-0.34927663,-0.14262475,-0.18567856,0.023690822,-0.3174085,-0.54498917,0.00039921975,0.0,-0.11917019,-0.05101213,0.004717079,-0.0013767437,-0.004665353,-0.019326214,-0.25270116,0.068748966,-0.09274137,-0.048846994,-0.4266573
-0.28476235,-0.16978467,-0.23978256,0.004938894,-0.15752639,0.12783237,-0.2474908,0.5775251,-0.06077747,-0.11293766,0.3568932,-0.27035618,0.20392261,-0.09314636,-0.01582057,-0.56549555,-0.14337446,-0.09423896,-0.28081244,-0.0236956,0.017600164,-0.13418132,-0.81948215,-0.3712929,0.120970786,-0.19774234,0.10545603,0.07159054,0.020573927,0.14617324,-0.33670542,0.00039921975,0.0,-0.037459888,0.023090865,0.0011583616,0.0028016195,0.049150623,-0.6250316,-0.20653778,-0.06230498,0.13356829,-0.028094083,0.16699487
-0.3108544,0.6465799,0.07955677,0.0021939895,0.09065208,0.10298474,-0.18700315,0.029223299,-0.06613717,-0.03313361,-0.28431424,0.170104,-0.3992963,-1.0863557,-0.04001797,0.4210986,0.031636294,-0.21662362,0.786968,0.011537559,0.011088635,-0.058615893,-0.8469998,0.10887447,-0.19933733,0.31614357,0.046955395,0.053798568,-0.12594816,-0.16165937,-0.41898662,0.00039921975,0.0,-0.05544092,-0.03131128,0.02263382,0.0018750757,-0.023385463,0.04949579,-0.040091418,0.008664992,-0.016672984,-0.09773138,-0.00075764884
-0.18017071,0.7543915,-0.13098602,0.0034448947,-0.16100314,0.13678071,0.25268492,0.5028091,-0.08556683,0.121605866,-0.30474824,-0.38889548,-0.08635311,0.39882064,-0.21898869,0.1425628,0.13985169,-0.18412109,-0.35878703,0.05018175,0.013354675,0.054719348,0.61832607,0.041103583,-0.2218363,-0.34780315,-0.06874354,-0.13982303,0.15127547,-0.087394945,0.47321332,0.00039921975,0.0,-0.12895489,-0.0010205419,-3.83929e-05,-0.0031312245,-0.07726761,-0.071828455,0.11246191,0.0956312,0.012435085,0.07377315,-0.036405217
-0.20144705,-0.29504764,0.14415188,0.0041472414,0.15952381,0.102762565,-0.23550819,-0.26259577,0.1586563,-0.09093294,-0.24795067,0.22644788,0.21299891,0.5252788,0.027394135,-0.113575354,-0.12611412,0.2829796,-0.37372088,-0.04629221,-0.114351384,0.17094952,-1.1577905,-0.20617352,-0.22088535,-0.17143632,-0.09119791,-0.047495004,0.034317642,-0.060248826,-0.46752888,0.0012404791,0.0,-0.8051345,-0.051900316,0.0004882363,-0.00025516097,-0.022645462,0.16091727,-0.15214844,0.13227297,-0.05514133,-0.35346892,-0.36201882
0.13259722,0.97612303,0.019586382,0.0045357803,-0.11409696,0.111864045,0.027319817,-0.19708589,-0.08053686,-0.0018371488,-0.36273277,-0.38737452,-0.12731653,0.5296607,-0.2933795,-0.09815208,-0.22738048,-0.7469019,-0.31372356,-0.18746074,0.013385264,-0.8235472,0.48068836,0.041178543,-0.38112694,-0.3248123,0.029077504,0.078615904,-0.09687177,-0.044530727,0.44461232,0.00039921975,0.0,-0.09600355,-0.013990946,-9.2697155e-05,-0.0006702183,-0.07068087,0.1016357,0.04647078,-0.16457647,-0.0065752515,-0.23027183,-0.09577813
0.27248874,0.6782995,-0.37509418,0.0057342947,0.39182013,0.050244708,0.06971204,-0.85313046,0.1517859,-0.1620147,0.12664492,0.18082064,-0.24312857,0.38536593,0.053361084,-0.17120332,-0.08040979,-0.63382155,-0.36959738,-0.054618336,0.013019374,-0.6162771,-1.3187313,0.065254696,0.080059804,0.37067935,-0.07118131,-0.07923615,0.09346698,-0.16464402,-0.463951,0.0012404791,0.0,-0.62548065,-0.13912402,0.011086827,-0.0096115805,-0.050671484,-0.1429879,0.0655105,-0.03819395,-0.0074983155,0.09004531,0.040433794
-0.125208,-0.1753797,-0.51245093,0.004169889,-0.410242,-0.35788628,-0.027263064,-0.7284726,-0.06005603,-0.026052326,0.2741806,0.1365059,-0.38269258,-0.074444905,0.05902501,-0.06755227,0.018551797,0.020733597,-0.3395897,-0.011994201,0.015622915,-0.092844784,-1.0383177,-0.074282564,-0.14727952,-0.43403727,-0.06672224,0.004934099,0.07206972,-0.16098918,-0.46607882,0.00039921975,0.0,-0.07643401,-0.040463533,0.008334497,-0.001241345,-0.04106144,-0.11154724,0.2981375,-0.12475361,-0.049270365,-0.09970132,-0.20641519
-0.22900827,-0.076323844,-0.0036035948,0.0013911398,-0.83550215,0.07271812,0.074500255,-0.73529655,0.16168064,0.10212754,0.30807948,-0.16659807,0.034149777,-0.81913614,0.08619518,-0.32942122,0.088764966,-0.20972565,-0.18840715,-0.13477868,0.011863906,0.06594784,-0.78131753,-0.1159967,0.059388846,0.36239797,0.0028933752,-0.14957128,0.065711394,-0.45181262,-0.4206767,0.0012404791,0.0,-0.5430857,-0.03435373,-0.016855245,-0.0096115805,-0.03894558,-0.1909442,-0.022016628,0.088451095,-0.04940633,-0.067526005,-0.00829274
-0.26172924,0.43550923,-0.48494807,-0.0036632572,-0.899382,0.100403786,0.095765874,0.43091413,0.15537502,0.030766236,0.4328237,-0.25203422,-0.03358753,-0.04262872,-0.280346,-0.16810623,-0.24749362,0.32803154,-0.3817238,0.0324523,0.012355661,-0.45720926,0.5876349,-0.5225799,0.09242587,0.30216724,-0.027478958,-0.039743386,-0.11275682,-0.05458502,-0.104358606,0.0012404791,0.0,-0.12142238,-0.062865764,-0.019246843,-0.0005604911,-0.060506612,0.102169186,-0.0029067146,-0.28915793,-0.019594902,-0.0008292326,-0.090410165
0.060229924,-0.15675111,0.21513997,0.0026372634,-0.12443319,-0.27778342,-0.036029883,-0.45139238,-0.08099504,-0.053005062,-0.23075292,-0.1407867,0.31406012,-0.7376362,0.09285017,-0.33292973,-0.013041702,0.04911814,-0.2871959,-0.049792837,-0.11219637,-0.27282578,-0.76293904,-0.040433727,-0.1419695,0.46545175,-0.099233106,-0.07484023,-0.168301,-0.06316171,-0.34519678,0.00039921975,0.0,-0.12788665,0.010802934,-0.0028817859,0.0018750757,-0.056562413,0.045615386,-0.14200652,-0.18663597,-0.05300888,0.06877002,-0.2450888
0.13362865,-0.33026633,0.0381341,0.003331481,-0.98048526,-0.3535644,-0.10524092,-0.13074183,-0.07233864,-0.073049836,-0.33683428,0.4613464,-0.40648475,0.20691551,-0.1198224,0.22104788,-0.18405314,-0.18912363,-0.4661705,0.054572977,0.016046891,0.26962432,0.660395,0.21776561,-0.23205733,-0.38166225,0.16640687,0.15872334,-0.060336635,0.49867067,-0.5648502,0.00039921975,0.0,-0.08175177,-0.049308944,-0.0009119669,-0.0014174661,0.01967416,0.03261558,0.24624589,-0.061633404,-0.03634533,0.092316374,0.23061086
-0.17943871,-0.14649105,0.10883588,0.0022394399,-0.16742732,0.073424324,-0.08838766,-0.11916212,-0.05856651,-0.085793115,-0.36685577,-0.35007888,-0.25224906,0.30946183,-0.29409075,-0.20609407,-0.069832526,0.37176332,-0.34721774,-0.08034174,0.012999675,-0.4535579,0.5875289,-0.074599534,0.25875103,-0.48090634,-0.10408893,0.118426606,0.109617874,-0.004044502,-0.46696037,0.00039921975,0.0,-0.09655769,-0.018198935,0.0030043302,-0.0012861483,-0.09246035,-0.11883539,0.05946718,0.100290395,-0.009752169,-0.0058459183,-0.11321777
0.22384623,-0.35734776,-0.09374755,0.009593295,-0.04336852,0.10061221,-0.21673389,0.065175354,0.16818355,-0.11412052,-1.1188272,0.2762505,-0.27237844,-0.17678623,0.039937735,-0.12053899,0.11573168,0.23230083,-0.5217916,0.038577367,0.012154092,0.45167038,0.7339355,0.07022965,0.30527022,-0.20265344,0.00036311022,0.036501274,0.013712277,-0.18310194,-0.28528604,0.0012404791,0.0,-0.79470694,-0.004183759,0.0008765792,-0.0006222286,-0.025529893,0.10538245,-0.17807241,-0.023859667,0.006286057,0.114559256,-0.40793955
-0.25688025,-0.14812194,-0.38447317,0.006370024,0.3475471,0.05565507,-0.12844357,-0.13884425,-0.068164095,-0.098482095,0.35513732,-0.5194706,0.03800726,-0.083289705,-0.19519906,-0.48102674,-0.18263601,-0.22557238,-0.35732996,-0.17111942,0.013877176,0.32189497,0.4703622,-0.36143267,0.21982743,-0.3623561,-0.09599393,-0.10933705,0.086118855,-0.66782904,-0.4272765,0.00039921975,0.0,-0.145945,0.009787248,0.009564867,0.0029954156,0.023761861,-0.587253,0.07501238,-0.070782,0.14686297,0.019167548,-0.0064539933
0.24310596,-0.3496512,0.1577451,0.0035200457,-0.8600539,0.13638017,0.059197333,0.60741466,0.16963233,-0.07067517,-0.39564803,-0.2529731,0.05887961,-0.017474888,0.05014027,-0.17734957,-0.13543044,-0.67366064,-0.3936401,-0.009405646,0.013158677,-0.47644085,-0.68551177,0.06278802,-0.1804317,-0.19901054,-0.04699082,0.003646997,-0.10675168,-0.18632561,-0.39850637,0.0012404791,0.0,-0.7400954,-0.04994071,-0.01423765,-0.0009190807,-0.042934258,0.06561449,0.030823503,-0.13915975,-0.046407584,-0.21948947,0.032718617
-0.109203026,-0.50880593,0.23027222,0.00863118,0.028217118,0.07295115,0.024648419,-0.72324556,-0.07672445,0.05431071,-0.22146206,-0.14169899,-0.106386274,-0.9085624,-0.23982832,-0.24348518,-0.106864884,0.520211,-0.35227713,-0.10658007,0.009825854,-0.29990208,0.37183112,-0.17767873,-0.121629804,-0.41448057,-0.0071444595,-0.019689657,-0.16110508,-0.54256135,0.42832205,0.00039921975,0.0,-0.08115009,-0.0142185725,0.001542282,-0.0028510902,-0.08434617,-0.051862158,-0.13516216,-0.1678746,-0.022647535,-0.071573086,-0.48739338
-0.028725227,0.8053681,0.20236407,-0.0011205361,-0.4050162,-0.65630347,0.120063305,0.39106047,-0.06318226,0.2583424,-0.2813639,-0.19789168,-0.01412604,0.07552037,0.14180568,-0.08347386,0.15006888,0.45327425,-0.1548468,0.07954902,0.023380224,-0.3496014,-0.5441009,-0.013110964,-0.101335384,-0.2120491,-0.029953491,0.05113591,0.014885401,0.21898742,0.5782419,0.00039921975,0.0,0.024339397,0.02128395,0.0027425482,-0.0027898126,-0.045566708,-0.0037279937,-0.20107485,0.2825025,-0.019796062,0.14769427,0.38078225
0.15083897,0.62426096,0.037517108,0.00031151483,0.3600032,0.064023465,-0.075829394,-0.59245557,-0.068122685,-0.095593214,-0.25732473,0.12861224,-0.17305103,-1.0148286,0.05160392,0.44567928,-0.124214076,-0.67288333,-0.43540668,-0.111429945,0.017235607,-0.11913569,-0.68596244,0.1026355,-0.10095221,-0.38646752,0.045544796,0.022529015,-0.05779066,0.17732722,0.4563803,0.00039921975,0.0,-0.06434588,-0.01569568,0.0027400283,-0.0009190807,-0.033180233,-0.022067945,0.011952974,-0.2985979,-0.020350574,0.13256572,0.08725722
-0.040127452,-0.20516147,0.13811004,-0.010857708,-0.0042011887,-0.28744993,0.13624215,-0.5109424,-0.07222775,-0.033108268,-0.7125613,-0.1876615,-0.08488156,-0.0301208,0.050007965,-0.25365904,0.041283578,-0.6394959,0.6374107,-0.16211602,0.005384832,-0.3592513,-0.91098857,-0.015886342,-0.1700066,-0.27142128,-0.047747113,-0.26374084,-0.005882904,-0.23922773,0.16890308,0.00039921975,0.0,-0.1209993,0.0178489,-0.0004970408,0.0060131964,0.17793863,-0.025503356,-0.30421117,-0.2897992,-0.04171259,0.072982475,-0.41915217
0.0033316314,-0.35664156,-0.46172544,-0.005316975,0.062557675,0.08772901,0.04273019,-0.15771441,-0.07409256,-0.041138034,-0.32695177,0.40423223,-0.23720126,-0.08657958,-0.111144066,-0.04597043,-0.29768708,-0.14913122,-0.36776626,0.03702329,0.015760874,0.026007557,0.69872326,0.22621873,-0.44799504,-0.32100642,0.12004727,0.13684346,0.038019035,0.3950144,0.37140292,0.00039921975,0.0,-0.058246635,-0.02822993,0.0006025729,-0.00080153614,0.021812556,-0.022439254,-0.25289354,-0.02068957,-0.005257221,0.12643816,0.25474218
-0.41923782,-0.16458097,-0.46949834,-0.00056194153,-0.12610395,0.09863845,0.14304624,-0.23871993,0.15427387,-0.070659645,-0.8578372,-0.2607288,0.16820534,-0.8315523,0.043393124,-0.39526105,-0.017547278,-0.077210136,0.6670313,-0.033254404,0.008219021,0.058818087,-1.0076873,-0.2911387,0.2997099,0.12528154,-0.08254974,-0.057809237,-0.15168306,-0.061372392,-0.44997624,0.0012404791,0.0,-0.6732073,-0.039100636,-0.036317524,-0.0006994693,-0.065119326,0.07706757,-0.05742009,-0.09369111,-0.07110181,-0.14035879,-0.31819004
-0.4875015,-0.1952063,-0.44916487,-0.014944928,-0.4172212,-0.48589805,-0.17423363,0.5692063,-0.06642118,0.00030300557,0.30281168,-0.36115462,-0.26886183,-1.157455,-0.24776572,-0.38249093,-0.06790807,-0.06006729,-0.291671,-0.10820601,-0.13919091,0.15277678,0.4383606,-0.13656661,-0.26867336,-0.2737402,0.14809132,0.10075803,-0.0012287856,0.29190302,-0.35231847,0.00039921975,0.0,-0.1005361,0.004068733,0.009863896,-0.0032625424,-0.087121725,-0.2673511,-0.1852203,-0.10113686,-0.044079516,0.010924798,0.16881374
-0.06697852,-0.57002026,-0.21667054,-0.009441845,-0.063912004,0.041092515,0.0625223,0.1627175,0.18713325,-0.11236379,0.34343338,0.1676237,-0.16637567,-1.3479393,-0.15695688,0.20994306,0.030751431,-0.5937443,-0.40364742,-0.08333593,0.011913887,-0.557498,0.53768814,0.18844742,0.11104306,0.4565641,0.1217386,-0.01216282,-0.06662901,-0.19763412,0.027648253,0.0012404791,0.0,-0.093434595,0.008973551,0.0010306365,-0.0012244108,-0.012224839,0.014277269,-0.016840808,0.16992526,-0.015810173,-0.082305476,-0.41003358
0.37895587,-0.21368179,0.17032479,0.0005757861,0.34665722,0.0795858,0.13321014,0.077390425,0.14267384,-0.017381059,-0.77451897,0.2545706,-0.3524751,-1.1097102,-0.05509144,-0.23784418,-0.047872506,-0.0985365,0.970635,-0.026807716,0.00458279,-0.5783847,0.52632856,0.35716456,0.138321,-0.22283758,0.08802465,0.09467788,-0.0071778498,0.09003573,-0.27023694,0.0012404791,0.0,-0.646817,0.0013710507,0.0045355693,-0.0012861483,-0.016840221,-0.09229295,-0.254062,-0.3589722,-0.015421653,-0.060837947,-0.28172612
0.35024813,-0.15735184,-0.56079835,-0.005341723,0.37844962,0.07485996,0.20488828,-0.3595887,0.13008663,0.040551253,0.24804004,-0.2024536,-0.21726955,-1.00381,0.038958926,-0.38006228,0.13637023,0.29988387,0.41176504,-0.07003185,0.009947165,-0.07235687,-1.2757078,0.114890486,0.08651639,0.3029636,0.12572816,0.022096734,0.030880302,0.19152328,-0.12706561,0.0012404791,0.0,0.086029746,-0.033303455,-0.026741993,-0.00047763833,-0.087389074,0.017150551,-0.29008496,-0.02325181,-0.07209927,-0.28430718,0.11678132
-0.13176614,-0.22240688,0.25545934,-0.010845754,-0.19270578,-0.34405175,0.044910397,0.3521018,0.19799136,-0.1821631,-0.31175956,0.16753104,-0.29307485,-1.0092684,-0.01362803,0.08843963,-0.06967736,-0.105272256,-0.47359556,0.017834105,0.013060236,0.10490244,-1.0001576,0.12378063,0.26266465,0.30103672,0.0066494998,0.014987866,0.038144633,-0.15852752,-0.088526316,0.0012404791,0.0,-0.06114141,0.06338645,-0.007211084,0.0018750757,-0.054047555,0.037925042,-0.16932501,-0.016264202,-0.025338758,-0.17308891,-0.44179827
-0.06553605,-0.40788466,0.38656226,0.0071323463,0.607586,-0.2711726,0.1537666,0.482425,-0.049068294,-0.028448666,-0.1763969,-0.21075884,0.24978071,0.2855186,0.04761448,-0.108442955,0.28270513,-0.19953406,0.9111194,0.08466112,0.01051899,-0.15674476,-1.049254,0.050488975,0.2024698,0.386681,-0.05326252,-0.09901183,0.059836388,-0.4267173,-0.25586388,0.00039921975,0.0,-0.059558988,0.015158223,-0.016204175,-0.012269821,0.06741517,-0.19388835,0.19046524,0.103090174,-0.047739163,0.12082187,-0.23442636
0.08288379,0.59347314,-0.7019723,0.0038822833,0.45207405,0.06666344,0.02058961,0.5015093,-0.07538408,-0.07419526,0.9411527,0.17682274,-0.3810321,-0.09116345,0.031037124,0.00081411155,0.0033751712,-0.23929547,-0.38243085,-0.1017314,-0.1372937,-0.0129834805,-1.255735,0.012620135,0.09488107,0.3052161,-0.089859724,-0.2574032,0.060769286,-0.7537094,-0.4444488,0.00039921975,0.0,-0.09550171,-0.00026178826,0.010027319,-0.0006994693,-0.05634765,0.027496329,-0.21701024,-0.04852167,-0.08794973,0.048129197,-0.32032555
-0.2045808,-0.15028478,-0.6386209,0.0035626139,-0.0811537,0.0545129,0.023506675,-0.2584058,-0.060661174,0.018074738,0.31398562,0.14771341,0.40700296,-0.92546415,0.045121588,-0.03817388,-0.106597036,-0.19377665,-0.32501662,-0.016294474,0.017583525,-0.38864246,-1.0509375,0.18051739,-0.3523182,0.3460558,0.08811526,0.12280781,0.03576769,0.17164801,-0.41767454,0.00039921975,0.0,-0.063802674,-0.028610531,0.0030447142,-8.3539286e-05,-0.010860013,0.051642068,-0.35208562,-0.2069173,-0.01213117,-0.2153991,-0.40230396
0.018215759,-0.29715824,-0.23869327,0.002184948,0.45705628,-0.34265307,0.03418018,0.0975001,-0.076391906,-0.0887754,-0.30432245,-0.1791389,-0.19404443,-0.9317438,0.14353912,-0.20333658,-0.17970176,-0.042742666,-0.26926968,0.12393872,0.01696527,-0.018454006,-0.7754774,0.016475,-0.1964775,0.33871683,-0.11381441,0.0537317,0.02757198,-0.077607885,0.51160806,0.00039921975,0.0,-0.03500328,0.018329127,-0.0006841487,0.0018750757,-0.07102959,-0.103297226,-0.3836214,-0.07607189,-0.030396698,0.07602951,-0.23067555
0.0039347652,-0.2378144,0.19183195,0.010782668,-0.87699693,0.08699162,0.09040877,-0.8509994,0.12840044,-0.22279951,0.20165312,0.16150558,0.21588904,0.270354,0.048123464,-0.1775981,-0.1240272,0.30224642,-0.4031441,0.03719451,0.014342572,0.39645,-1.1528114,0.06512759,0.036893837,0.29847556,-0.08466546,-0.06612575,0.023905143,-0.27398965,-0.41693667,0.0012404791,0.0,-0.7297299,-0.098084696,0.0004882363,0.0025389954,-0.010376986,0.10296899,-0.2807022,0.121368825,0.003850446,-0.13795508,-0.026094291
-0.10317173,-0.10406955,0.31571707,0.007983091,-0.19076033,0.124460764,-0.1368413,-0.57547754,-0.04924394,-0.02106133,-0.16536617,-0.19558328,0.25044608,0.42183506,0.05826129,-0.3280088,0.09504267,0.69338006,0.8229357,0.03142896,0.005040924,-0.10672922,-0.7145125,-0.3075729,0.21906227,-0.16949724,-0.023735337,0.05768383,-0.08496025,0.112075604,-0.15182652,0.00039921975,0.0,-0.036891557,0.01102947,0.0066213263,-0.002384313,0.052536145,-0.20240378,0.05883596,0.09994372,0.18658516,0.25700814,-0.13280053
-0.1165973,-0.2109867,-0.039123002,0.00413863,-0.38622308,-0.46547258,0.10851216,0.37443054,-0.061473224,-0.01347092,-0.27560788,-0.2810545,0.23200074,0.3123938,0.064104035,-0.41841653,-0.11269781,-0.23494384,-0.25798374,0.25694764,0.013014331,-0.27137542,-0.65061,-0.30759022,-0.1959629,-0.17874545,-0.029323515,-0.0104121575,0.042863544,-0.11882774,-0.41786078,0.00039921975,0.0,-0.023251895,0.005225474,-0.005393326,0.0020016644,0.031787165,-0.34998077,0.17620653,-0.007997489,-0.040363777,-0.08318151,0.13376552
-0.22813603,-0.31336313,0.016680172,0.005909394,-0.326343,0.07585397,0.0435943,-0.69392544,0.15382652,-0.020169923,-0.24636026,0.16681255,-0.24095958,-0.15215638,0.028670523,0.055210847,-0.19391708,0.19495086,-0.5193095,-0.03977616,0.015473672,0.08198302,-1.0707865,0.06978427,-0.17679538,-0.39111078,-0.015422976,0.017974114,-0.0893856,-0.27520525,-0.36461675,0.0012404791,0.0,-0.72735363,-0.008214977,0.0024614793,-0.0009190807,-0.05365088,-0.033959262,-0.08699682,0.011522531,-0.0063565006,-0.29922292,-0.36246476
-0.33106416,0.5151412,-0.5128611,0.000612974,0.4445258,-0.361956,-0.20426613,0.09935718,-0.0679852,-0.044746116,-0.17783959,-0.36921167,-0.2475047,0.019465141,0.03095891,-0.2893598,-0.14971249,-0.1299751,0.42744714,-0.058492567,0.008988679,-0.13258287,-0.87869096,-0.47395277,-0.20476927,-0.2479668,-0.11997005,-0.3524184,0.050552968,-0.54468364,-0.36410668,0.00039921975,0.0,-0.13341416,0.00117093,-0.01884928,0.00812187,0.051818933,-0.088053845,0.19877113,-0.08149663,-0.04181695,-0.2599521,-0.0072659994
0.40492252,-0.12666065,-0.32839993,0.0024662288,0.26670817,0.0036961783,0.13648476,-0.10533648,0.14363016,-0.04317375,-0.15791334,0.25882983,0.3486168,-0.91811484,0.15453914,0.45568544,0.266603,-0.103240624,0.89731705,0.033657715,0.008864661,-0.47719684,0.6958401,0.3508494,-0.19743009,0.35105413,0.15475583,0.15113847,0.032073174,0.38356882,-0.29785925,0.0012404791,0.0,-0.48243308,-0.00088189536,0.0052026934,-0.0013383289,0.00054824445,0.12090683,-0.28677496,-0.3010613,-0.027122958,0.16569382,0.26187417
0.071497776,-0.22115338,-0.46035123,0.0014093292,0.47155225,0.046615966,-0.13530208,0.11295417,-0.076612964,0.079073824,0.21955816,-0.23761521,-0.22764991,-0.88132864,0.06007685,-0.2940275,-0.16306952,-0.66719395,-0.2845533,-0.05963025,-0.13614368,0.12490847,-0.9253811,-0.04999664,0.110444956,-0.34788713,-0.097303115,0.07495801,0.0623825,-0.41360092,-0.45705664,0.00039921975,0.0,-0.13979435,0.013658574,0.00377787,-0.001241345,-0.065025814,0.18484685,0.011130663,-0.11084984,-0.04896148,0.10192164,-0.17648186
-0.21251193,-0.28174198,-0.30664754,0.003647008,-0.3251784,-0.5217474,0.17785008,0.3811473,0.16437711,-0.036220297,-0.29904687,-0.4294308,-0.13535625,0.3109566,-0.1630479,-0.21682449,-0.09908933,-0.066875145,0.7995679,0.048975512,0.007947637,-0.5877301,0.56473374,-0.25288838,-0.2727649,-0.34016708,-0.10367608,-0.049740758,0.017325412,0.066826314,-0.084338844,0.0012404791,0.0,-0.007458654,-0.064277254,-0.031743888,-0.010329577,-0.059823282,-0.42120853,-0.19238769,0.022167988,-0.06231034,-0.07080779,0.077998586
0.08177287,0.6876846,0.33376873,0.0043113455,0.16510203,0.071779974,0.04584475,-0.5336123,-0.07494026,-0.03892868,-0.19961464,-0.22732264,0.10761259,0.40077907,0.081943184,-0.18665798,0.12710188,-0.25170285,-0.24526429,-0.03104445,-0.14154418,-0.044312477,-0.9890243,0.027663225,-0.09998309,0.35867342,-0.012651177,-0.25511983,-0.18440922,-0.064057335,-0.36152592,0.00039921975,0.0,-0.18790343,0.008137252,-0.0052385074,-0.012269821,0.07134618,-0.15657723,-0.10243236,-0.007835485,-0.042314835,-0.066207424,0.08831394
-0.03653618,-0.30294365,-0.5251821,-0.018642874,-0.12349664,0.13034326,0.009599647,-0.239744,0.1624367,0.09042477,-0.26774368,0.26879522,-0.24982037,0.2862129,0.022439873,-0.12779908,-0.11272549,-0.002730198,-0.37950882,0.053114004,0.014408753,0.40450692,-1.2480233,0.035025075,-0.3677641,-0.18728477,0.01451377,-0.007852777,-0.073637724,-0.13840725,-0.08877709,0.0012404791,0.0,-0.09612283,0.053523693,-0.012246587,-0.000625415,-0.04147427,0.07247634,0.031156398,0.096153945,-0.0042160084,0.032835823,0.0035674344
0.19036153,-0.28866675,-0.29032245,0.0055454234,-0.47846764,-0.021159906,-0.14562209,0.44900838,-0.061643824,-0.032951973,-1.0932239,0.29704198,-0.3169197,0.4426137,-0.051237732,-0.07783457,0.08348624,0.49111584,-0.37563604,-0.04966043,0.012982048,0.032623816,0.6972504,0.033475332,-0.17011192,0.18478088,0.0052083503,-0.009779848,0.04745672,0.14841503,-0.58073986,0.00039921975,0.0,-0.035331942,-0.03666992,0.014447987,-0.00054274965,-0.01452557,0.10110454,-0.22542739,-0.10215935,-0.03776364,0.07030365,0.16818345
-0.21675807,-0.12866232,-0.43720502,-0.00087657175,-0.35158625,-0.42628112,0.08126347,-0.11282708,0.18061644,-0.1041764,-0.2824275,-0.28926408,0.16838951,-0.07090497,0.11124463,-0.42933553,-0.20857792,-0.63604814,-0.29328525,-0.14455612,0.0110765295,-0.36608753,0.46713644,-0.31655943,0.18067992,-0.2798771,-0.066748485,-0.34360316,-0.09132624,-0.39673182,-0.050208896,0.0012404791,0.0,0.006199101,0.013776729,0.022473443,0.0029954156,0.045371987,-0.2719804,-0.051800244,-0.06816591,0.20042828,0.023405382,-0.04812187
-0.2593413,-0.2679641,0.23762126,0.007575025,0.48861086,-0.45744875,-0.14954983,0.53882605,0.1507084,-0.08641776,-0.26875526,-0.32295567,-0.045977592,0.35463485,0.015100385,-0.527565,-0.120065264,-0.021342123,-0.23295946,0.038847454,0.013382432,0.020082615,-0.9028895,-0.416904,0.18147278,-0.19879071,-0.008684212,0.014407604,-0.099525824,-0.17394066,-0.52959657,0.0012404791,0.0,-0.8551661,0.0017460799,-0.015516522,7.869676e-07,0.04011828,-0.5415108,0.06301547,-0.037794586,-0.019887954,-0.16240093,-0.08304207
-0.015152477,0.3808702,-0.6989441,0.001907932,-0.17395231,0.08303702,0.01428413,-0.1884606,-0.07881732,0.039385036,-0.21716593,-0.20647994,-0.23005587,-0.97079796,0.075178646,-0.14736041,0.05993328,0.016167335,-0.2186714,-0.12166343,-0.18387637,-0.12818086,-0.87759155,-0.13485833,0.047741916,0.5874147,-0.12168291,-0.4400495,0.05771164,-0.092472196,-0.45269328,0.00039921975,0.0,-0.14367823,0.00299241,-0.0059142546,-0.0096115805,-0.049249433,-0.2024687,0.19981964,-0.098959625,-0.06764002,0.008088098,-0.37437642
0.020450234,-0.2562498,0.031817302,0.0077716047,-0.99358314,0.044436734,0.03378743,-0.7616773,-0.06974747,-0.15692174,-0.27466556,0.32567593,-0.5060512,0.41819856,-0.18899025,-0.13047573,-0.23190813,-0.22424342,-0.42519036,-0.07776897,0.014420861,-0.8136151,0.55736995,0.20830695,0.14827079,-0.28334105,0.108189255,0.14439015,0.023818612,0.38462907,-0.5932028,0.00039921975,0.0,-0.08649382,-0.029294804,0.0014766066,-0.0013704017,0.0020128952,-0.05874902,-0.2656198,0.043536,-0.05420479,0.041804012,0.23016424
-0.21424598,-0.13767256,-0.18372037,0.0033286167,-0.5405686,-0.25679445,0.013896031,-0.1212718,-0.07243011,-0.054403514,-0.28289184,0.12990391,-0.17280415,-1.0713302,-0.2728077,0.005293265,-0.17836866,0.052224163,0.8296618,-0.09791033,-0.09767264,-0.45761713,0.559139,0.053237174,-0.16143061,0.43993178,0.002783605,0.0061851554,-0.1344088,-0.19467406,0.5665783,0.00039921975,0.0,-0.05223735,-0.021676457,0.0034959484,-0.0012244108,-0.022898823,-0.09287957,-0.029098645,-0.3602562,0.0067157927,-0.14388408,-0.2434014
-0.28889012,-0.17857316,-0.42892474,-0.0031221258,0.25717822,0.06816789,-0.23208648,-0.86343545,0.15930147,-0.06129727,0.23483387,-0.43202507,-0.010997844,0.32372588,-0.25238636,-0.5707699,-0.20062092,-0.0056523755,-0.27446496,0.02939888,0.011350289,0.06189882,0.67369,-0.47624633,0.34088105,0.33210295,-0.11921833,0.018870942,-0.015068569,-0.111682534,-0.42074975,0.0012404791,0.0,-0.8230578,0.022998212,-0.0043198983,0.008011065,0.012096587,-0.2627491,-0.37125364,-0.17797953,-0.02541225,-0.22794472,-0.30687106
0.28457555,0.76704717,0.13909657,-0.00084718555,0.49486458,-0.29881164,0.12105415,0.22022381,-0.05681226,-0.11083216,0.27767584,0.25713027,-0.18356365,0.55220306,0.016315028,0.51564866,0.0019843073,-0.13817325,-0.3591712,0.029740598,0.023400543,-0.010105564,-0.92358714,0.23172143,0.138142,-0.23301983,0.17927851,0.21433519,0.026590422,0.43566734,0.5563687,0.00039921975,0.0,-0.03319156,0.0019293211,0.00083725783,-0.0012248707,-0.03774028,0.09023451,-0.19314584,0.01992656,-0.026237132,0.1390597,0.3709209
-0.283248,-0.2671495,0.07279252,0.009097038,0.31671023,-0.49997655,-0.15573466,0.034292094,0.17319447,-0.24703445,-0.32962894,-0.33734855,0.105270155,-0.121887736,0.038020525,-0.42610282,-0.21004198,-0.054780334,-0.30304122,-0.121619865,-0.106062375,-0.09570696,-0.7884369,-0.42501545,-0.4267385,-0.23517635,0.007923441,-0.1965687,0.04444482,-0.032056782,-0.47056794,0.0012404791,0.0,-0.66125304,0.012099856,-0.0066577955,-0.0022636831,0.05883629,-0.3535731,0.18416542,-0.09665097,-0.07669948,-0.22744128,-0.10454227
0.14351857,0.81036377,-0.37218964,-0.008680892,-0.34076577,-0.53243417,0.22849795,0.3761357,0.15607911,0.0036757381,-0.21570507,-0.22245194,-0.16810466,0.4429972,0.0058214013,-0.047901347,-0.12033228,-0.06497163,-0.30448332,-0.13173442,0.016251592,-0.53622776,-0.9241177,0.052500706,-0.18745548,-0.2403621,0.019831639,0.074525215,-0.06171256,-0.108299874,-0.09295496,0.0012404791,0.0,-0.13589342,0.025768928,0.021150732,-0.010153457,0.13537711,-0.13125078,0.16788325,0.083547994,0.25146616,0.06959926,-0.25166014
-0.113175884,-0.2485536,0.17714025,0.006347666,0.1904223,0.0928798,-0.027077978,0.1697953,-0.08265404,-0.009125996,-0.32723382,0.16712661,0.33160073,-0.98369193,0.15092176,-0.07372103,-0.017932583,-0.21729262,-0.42442593,-0.11742054,-0.12647066,0.29016367,-0.7137845,0.1040058,-0.1553485,0.2730393,0.019381415,0.015583637,-0.11102378,-0.1465236,-0.38177022,0.00039921975,0.0,-0.04512546,-0.03507539,0.0049270447,0.0018750757,-0.0060934057,0.05797137,-0.0025085697,0.010406854,-0.03392446,-0.1405753,-0.42000434
-0.37396082,-0.2859459,-0.36868232,0.004969921,0.08113167,-0.4016519,0.061943706,0.01798913,0.1427929,0.129224,-0.37462983,0.3188717,0.21769345,-0.08060108,-0.1512485,0.34695855,-0.12241794,0.1735949,-0.46500754,-0.0059280936,0.017606867,-0.038706705,0.6724251,-0.002261246,0.15052499,-0.5165918,0.013816801,-0.006157195,-0.07069745,0.27214372,-0.41881055,0.0012404791,0.0,-0.70220876,-0.037071798,0.004987536,-0.0013704017,0.040364422,-0.042276695,-0.04316218,-0.22488607,-0.006446966,-0.39597014,0.13704763
-0.16355684,-0.11950302,-0.022341149,0.0054805665,-0.68840706,-0.35238418,-0.18863198,-0.5492074,0.1584081,0.048558056,-0.16199918,0.112144366,0.15135896,-0.7523869,0.1006832,0.53774023,0.10757162,0.06543783,-0.40216926,-0.09605708,0.015171515,-0.2547485,-0.69803137,-0.011384431,0.07516373,-0.35852632,-0.08032551,-0.029348299,0.013959494,-0.18004143,-0.5006632,0.0012404791,0.0,-0.6773501,-0.014798876,0.008515868,-0.001241345,-0.018011965,-0.027744751,-0.18634218,-0.15396295,-0.042593226,-0.1886661,0.03888085
0.1301624,-0.11028532,0.1970534,0.0050575044,-0.12950067,0.055757094,-0.20309858,-0.28178224,-0.054829467,-0.029771531,0.29060113,-0.21126615,-0.022993363,-0.6619166,0.07469059,-0.4664034,-0.090515375,-0.26791638,0.5584393,0.0055424008,0.0072926986,0.04200711,-0.83696467,-0.018642692,-0.15895112,-0.29574627,-0.054638628,-0.19518687,0.002676524,-0.27875036,-0.34578845,0.00039921975,0.0,-0.14570667,-0.0037403735,-0.006505061,0.0060131964,0.034266736,-0.39537877,-0.39579532,-0.0121617075,-0.072177395,0.010141568,-0.1825751
-0.22520268,-0.12107854,-0.097106844,0.00194025,-0.129552,0.1143471,0.11203439,-0.29125246,0.12358531,-0.17435175,0.31803814,-0.29037476,0.0095046135,0.20541058,0.054299377,-0.2392822,-0.17905226,0.3318528,0.50702965,0.029408839,0.01042397,-0.1573164,-0.99777216,-0.4374668,-0.26022783,-0.3090847,-0.065598935,-0.30251047,0.0425201,-0.57152396,-0.59094405,0.0012404791,0.0,-0.6159391,0.020328298,-0.015757978,-0.0028062868,0.05404251,-0.12026389,0.23323369,-0.0692204,0.07419389,0.04133896,0.053083364
-0.2625359,-0.24975486,-0.2504437,-0.0041801184,-0.17247002,-0.3726823,0.031126259,-0.56482005,-0.08239255,-0.105744824,-0.18809853,-0.35856667,-0.2229846,-0.0025240928,0.25458542,-0.13990286,-0.1956974,-0.67053115,0.8283249,0.008148808,0.009087659,0.24259736,0.7614494,0.09308721,0.17924002,-0.36583132,0.018044934,0.029608194,-0.08470611,-0.13732451,-0.31794077,0.00039921975,0.0,-0.12814286,-0.021826947,0.0018408301,-0.0013767437,-0.07935703,0.003073304,-0.04878146,-0.0918648,-0.039525174,0.06894383,-0.35052598
-0.19787383,-0.22457454,0.20658366,-0.016939113,0.40306863,-0.39576143,-0.17612989,-0.25298226,-0.06313814,-0.22717425,-0.28361592,-0.19630292,-0.17069681,0.26273268,0.061893098,-0.32165286,-0.07212288,-0.003950494,-0.14380541,-0.036745135,0.019578878,-0.0884695,-0.9385255,-0.2699629,0.24191885,-0.31602857,0.012073295,-0.01537179,0.031303234,0.05617957,0.58676255,0.00039921975,0.0,-0.39622298,-0.0034907162,0.0023253455,0.008014074,0.054081358,-0.28075925,-0.009973455,0.103130534,-0.049643684,0.058497414,0.097393334
0.13491082,-0.0740482,-0.3146823,-0.02148644,-0.040356364,-0.20942017,-0.18517601,-0.059081275,0.1502534,0.01976537,-0.20288453,-0.29086933,0.019363841,-1.0337268,-0.18518448,-0.2768366,-0.037626278,-0.19680524,0.58731914,-0.14269239,0.0063459985,-0.16203558,0.59746236,-0.13454482,0.12586232,0.4532973,-0.12384267,-0.33865786,0.09077331,-0.40693656,-0.3352547,0.0012404791,0.0,-0.5406084,0.008884574,-0.008077418,-0.0012244108,0.047200188,0.09511512,0.17321144,-0.09137555,0.14991951,0.15138006,-0.14200139
-0.26816767,-0.17936888,-0.4819846,-0.00047635235,-0.3330734,-0.51336664,0.122294515,0.056028496,0.16132101,-0.23321095,-0.27319598,-0.27180573,0.11006441,0.3994355,0.02801438,-0.4696156,-0.08442685,0.30423486,-0.35764349,0.044732336,0.013854005,0.053352036,-0.9754446,-0.3672594,0.14652997,-0.2032292,-0.06842552,-0.3109012,0.033341743,-0.27108556,-0.12121886,0.0012404791,0.0,-0.32546365,0.0046829022,0.0044293813,-0.00027563912,0.039404415,-0.40673295,0.14361472,-0.05242454,-0.020912811,0.024107309,-0.09950741
0.10623141,0.5816401,-0.1982967,0.004159131,-0.3751228,0.12720749,-0.0014159266,0.7275336,-0.081651434,-0.13999443,-0.15084922,-0.14433545,-0.060710642,-1.065003,0.13897698,-0.17982063,0.038271446,-0.25117382,-0.2672814,-0.17779005,0.017827751,-0.24595128,-0.56548554,0.04803336,0.2941473,-0.13985558,-0.1025354,-0.036406495,-0.11987514,-0.02205872,-0.5213049,0.00039921975,0.0,-0.09679564,0.0036726247,-0.00560308,-0.010153457,-0.047805592,-0.4120488,-0.042514767,-0.059743468,-0.039591443,-0.15480573,0.024408588
-0.20023742,-0.23985992,-0.30825847,-0.0075594205,-0.119559005,0.094091214,-0.10864588,-0.46682647,-0.066439636,-0.05852999,-0.8170264,-0.20888597,-0.07184604,-0.15041111,0.050462574,-0.08201824,0.19058204,-0.046059515,-0.25799784,0.09654095,0.016255744,0.34586185,-0.8385725,-0.043544922,-0.14938635,-0.26210645,-0.08512173,0.0010697257,0.10813166,-0.010591017,0.42190638,0.00039921975,0.0,-0.06042321,0.016975282,-0.0038152935,0.00812187,0.16320299,0.061986085,0.17573053,-0.10792209,-0.0565301,-0.23407635,-0.07681284
-0.24495468,-0.19225562,-0.33424962,0.006087851,-0.66910714,0.071555875,-0.10164868,-0.22635016,-0.06994859,-0.06005178,-0.7194979,-0.19641362,-0.287585,-0.67359555,0.07696687,-0.080863856,0.07952057,-0.66548675,-0.20875993,-0.07143118,0.016291099,0.36094058,-0.8127958,-0.14861402,-0.20707919,0.11601731,-0.061360065,-0.33305997,0.044454902,-0.07550665,-0.43238693,0.00039921975,0.0,-0.179667,0.017989667,-0.005359842,-0.0022172164,0.09938999,-0.19774808,-0.090281464,-0.094423264,-0.08682579,-0.2744949,0.023806514
0.04150229,-0.17452627,-0.39113376,0.0025761952,0.3387832,-0.23862745,0.008816468,-0.38776854,-0.06510257,-0.06488391,-0.1808951,0.19011053,-0.42754793,-0.9293213,0.03738025,0.72590494,-0.08807777,0.025288073,1.0311977,-0.06035627,0.0061012725,0.16928943,-0.8191515,0.022228839,0.10450477,-0.25950134,-0.07122357,-0.034371,0.049197793,-0.23715961,-0.42457423,0.00039921975,0.0,-0.082419224,-0.03259808,0.00924856,-0.0013471262,-0.03661397,0.088995166,-0.2282903,-0.39289248,-0.0052894824,0.102362216,0.11571763
-0.19289427,-0.2506707,-0.5101322,-0.0034823222,0.38048702,0.08214661,0.11997432,-0.671948,-0.06449978,-0.06603556,-0.24336699,-0.34446332,-0.24962012,-0.03315054,0.2529559,-0.3461465,-0.09047911,0.25558752,0.6187919,0.0074375747,0.009527449,-0.11110096,0.74402595,-0.057564195,0.20040374,-0.28749448,-0.15597782,-0.12763019,-0.0009933393,0.20181157,-0.3822083,0.00039921975,0.0,-0.1105502,-0.027401308,-0.0040046955,0.000707214,0.07121254,0.024986269,-0.34511313,-0.41483364,-0.038792353,-0.09303672,0.14380734
0.13077947,-0.37745753,-0.07274582,0.005046456,0.27824143,0.07579625,-0.095956884,0.13479663,-0.066020116,-0.13647628,-0.30883443,0.21869554,0.27876076,0.4961129,0.08209712,-0.0873992,-0.31208587,-0.24955529,-0.38977885,-0.098946966,0.015555882,0.14776602,-0.9210519,0.067612365,0.13874844,-0.21412665,-0.12898764,0.07979609,-0.09785457,-0.15107258,-0.41352102,0.00039921975,0.0,0.019774139,-0.026334252,0.0056719286,-0.0012248707,-0.010986861,0.058152646,0.0008102538,0.0439306,-0.060338162,0.08239259,0.057487275
0.15495323,0.6680366,0.057507396,0.003910292,-1.1065794,0.06005662,-0.16980805,-0.386714,-0.04994598,-0.053064268,0.290139,-0.23825672,0.06944235,0.44538045,0.07387493,-0.2403648,0.009798351,0.45745024,-0.22689316,-0.18910973,0.02379261,-0.05011,-1.2751534,0.04727105,0.18053183,-0.35404357,0.047829855,0.077336095,-0.043159053,0.24589625,-0.42716122,0.00039921975,0.0,-0.036904898,-0.008500744,-0.001026589,-0.00056095095,-0.042318616,-0.016466878,-0.06602705,-0.07629137,-0.042995512,-0.22933546,0.10874498
0.11894106,-0.22118603,0.11540363,0.0037589027,0.4384406,-0.17311247,-0.06239046,-0.86541915,-0.06307525,0.024296649,0.81614155,0.21003266,0.2939885,-0.047158573,0.03744639,0.43377993,0.0048322678,-0.21086223,-0.4244966,-0.03328316,0.014751283,-0.09960018,-0.93880004,0.1091681,-0.17210343,-0.4160754,-0.010530248,0.054068856,0.01350992,-0.2253136,-0.3436241,0.00039921975,0.0,-0.06495638,-0.0095584635,0.0077764876,-0.0009190807,-0.00783259,-0.002395,-0.22007608,-0.2814834,-0.009667056,0.14881942,-0.34868008
-0.46324918,-0.14673993,0.19927545,-0.000852628,-0.050208144,-0.35754526,-0.2161943,0.18956117,-0.04264622,0.043318246,0.36177245,-0.29265866,-0.017806908,-0.92640555,0.103808686,-0.75763786,-0.18201855,0.26960602,0.56294906,-0.08200555,0.007904241,-0.13438836,-0.7942151,-0.39457518,-0.12585941,0.3320257,0.0885922,0.09615855,-0.0042436155,0.200433,-0.34950987,0.00039921975,0.0,-0.021902705,0.017439011,-0.0023133287,-0.0018867082,0.01875314,-0.55601245,-0.34860793,-0.045913093,-0.071014665,0.05323702,0.11507369
0.19876277,-0.18403788,-0.15003845,0.0014301524,0.268845,0.06886275,0.022204028,0.203429,-0.077799834,-0.09157246,-0.23235148,0.24103948,-0.43158275,0.22414911,0.035115823,0.22414593,-0.17056642,-0.228359,1.062462,-0.12153608,0.0062511847,-0.4312057,-1.1107805,0.050535377,-0.26092917,0.34473237,-0.09993206,-0.16288011,-0.012552725,-0.39184058,-0.53785723,0.00039921975,0.0,-0.14480379,-0.013881559,0.033526223,-0.0006994693,-0.037260707,-0.17229448,0.20304038,-0.06392188,-0.05327846,0.14253967,-0.29251692
-0.19763395,0.55622464,0.11245929,0.0022776283,0.43056318,0.0433295,-0.12245773,-0.27088684,-0.063679524,-0.0722088,-0.7894139,-0.17594755,0.26804912,-1.004533,0.043534614,0.10004985,-0.12335573,0.25699562,-0.22037977,0.024701554,0.018400326,-0.09069552,-0.67094344,-0.16914776,-0.14409828,-0.2650413,-0.09724916,0.032871366,0.005299794,-0.02522231,-0.40871748,0.00039921975,0.0,-0.08253052,0.02469391,0.0018337416,-0.0009190807,-0.06511179,0.0930921,-0.23602329,-0.2618888,-0.061546445,0.02889385,-0.4156599
0.20068277,0.58024454,0.26707742,0.019348942,0.63522536,-0.27151188,0.2044356,0.6511705,-0.08164777,0.15234241,-0.22049873,-0.23118094,-0.084646985,-0.73896873,0.2872083,-0.23368812,-0.05316419,-0.19922128,0.8744107,0.05336319,0.010647514,-0.041851893,0.63001865,-0.030460835,-0.13695697,-0.28083742,-0.07800071,-0.03937678,-0.017903626,-0.29420936,0.41131848,0.00039921975,0.0,-0.102384664,-0.02354537,-0.002045145,-0.0012861483,-0.07401396,0.14715189,-0.28032118,-0.042255476,-0.01531057,0.06073775,-0.20501728
-0.13526423,-0.19772649,0.1957553,0.0030130947,-0.3305802,0.09913358,-0.10874008,-0.2024109,-0.06167004,0.09548919,-0.3998129,-0.42077324,0.04946513,-0.079931416,0.14526384,-0.58125097,-0.20838241,0.589576,-0.29873812,0.021397764,0.012803818,-0.31157762,0.4700837,-0.35479173,-0.2631656,-0.36490768,0.0003024825,0.0054755225,-0.037038255,-0.03516397,-0.4130517,0.00039921975,0.0,-0.06936829,-0.0328035,0.0006573926,1.7522718e-05,0.009476014,-0.35151604,-0.32190636,-0.0781734,-0.044471297,-0.18447141,-0.053095926
0.022193484,-0.47079396,0.117346905,-0.01955099,0.3861599,0.10195667,0.16507515,-0.31531763,-0.07800142,0.02441499,-0.28118113,-0.26929232,-0.11220772,0.30206522,0.080319725,-0.26786673,-0.12602967,-0.4529482,-0.36813593,-0.0784086,0.015264498,0.3322206,-1.0476716,0.044271827,0.11139264,-0.20899022,-0.08957897,-0.22057773,0.0028675008,-0.1666854,0.19917232,0.00039921975,0.0,-0.12446578,0.0042505586,0.010496601,-0.009831192,-0.070143364,-0.038234156,-0.24130623,-0.043823075,0.0010208616,0.14184225,-0.59758186
-0.14240591,-0.2567632,-0.109213874,-0.009293191,0.52326524,-0.2498019,0.039422903,0.51347524,-0.086849414,-0.0916448,-0.24921477,-0.28544924,0.059804995,-1.12547,-0.15870151,-0.14084464,-0.16314277,-0.13049768,-0.39353874,-0.028974032,-0.06286974,0.15089446,0.4009107,-0.2259906,0.24641539,-0.26777858,-0.09651099,-0.38439792,-0.01586126,-0.5193211,-0.37786067,0.00039921975,0.0,-0.157824,-0.01149709,-0.0045916378,-0.01019826,-0.09753554,-0.3011963,-0.24612719,0.026663065,-0.023187496,0.06331239,-0.112778544
-0.16123292,-0.19757321,-0.0062380545,-0.022212995,0.35695803,0.09466378,0.09072109,-0.18741114,-0.06850511,-0.11107949,-0.31345084,0.1453982,-0.040702365,0.27707458,0.04766716,0.4577722,-0.385668,0.28655675,-0.49253935,-0.022763437,0.014153746,0.1347245,-1.0414321,0.011607118,0.18436857,-0.3405789,-0.08929298,0.042255916,0.025672067,-0.0929077,0.40337846,0.00039921975,0.0,-0.32719263,-0.023713404,-0.0009625952,-0.001241345,-0.01577875,-0.20738733,-0.17595978,-0.091498435,-0.04046335,-0.40324533,-0.48889184
0.12038715,-0.49426895,-0.25411046,0.00956157,-0.8527221,0.0500948,-0.10600456,-0.5517792,-0.09651349,-0.15285736,-0.16062333,-0.22822137,0.1437304,-0.096110396,0.07236364,-0.24265987,-0.19484484,-0.22905,-0.30691892,-0.032807242,0.012534682,0.37140414,-1.0017246,-0.0409478,0.14456448,-0.25313136,-0.070362896,-0.19660778,0.03342347,-0.6560222,-0.34782898,0.00039921975,0.0,-0.18110232,0.001358116,-0.009067981,-0.001241345,-0.04742339,-0.039687723,-0.29613653,-0.078374445,-0.04606095,-0.019140886,-0.35697043
0.15157937,-0.2082029,-0.37186223,0.006878068,0.402711,0.046733502,-0.032407425,-0.24701016,0.40307435,0.029107578,-0.22181337,0.16873753,0.22685567,-0.040542662,0.045538694,-0.09585252,-0.01113792,-0.15351598,-0.43069908,0.0005630981,-0.17782621,-0.46774402,-0.97864985,-0.00608134,-0.2180674,-0.25137296,-0.0960355,-0.053312417,0.05979412,-0.11811757,-0.36837175,-0.011950837,0.0,-0.12613396,-0.005768704,0.015033407,-0.001241345,-0.020029154,-0.02457472,0.3250466,-0.11649909,-0.014504075,0.1208985,0.062170792
-0.24670987,-0.41767657,-0.47944158,0.0036104964,-0.1308846,0.0837806,-0.026261393,-0.5517088,-0.057922333,-0.068541616,-0.6214818,0.10454527,-0.34659526,-0.6877459,0.05568722,0.40167567,-0.03755701,0.24036697,-0.34608525,-0.07596185,0.017218178,-0.311874,-0.65474266,0.04979942,-0.10838942,-0.36818245,-0.09027584,-0.039455768,-0.06254453,-0.1459634,-0.49857864,0.00039921975,0.0,-0.015106432,-0.04851369,0.0031326867,-0.001241345,-0.03214365,-0.16886687,0.25723362,-0.0913826,0.014443927,-0.28013635,0.015470428
-0.09705662,-0.2428645,-0.16818261,-0.010369757,0.4221504,0.08446602,-0.26262408,-0.21644993,0.1616085,0.13196312,-0.21782714,0.12792082,-0.31250715,-0.05315689,0.022017479,0.10427342,-0.1575313,-0.09636277,0.63404536,0.042952392,0.006785146,-0.35348627,-0.98510754,0.051193587,-0.18680169,-0.34438965,-0.09954204,0.030747687,0.030223425,0.03054439,0.049634624,0.0012404791,0.0,0.14095865,0.046415195,-0.0035087524,-0.0009190807,-0.028890787,-0.029666392,-0.25143188,-0.40623745,-0.06230354,-0.05391455,-0.10127982
-0.2665265,-0.45730412,0.111751355,-0.011778803,-0.36450028,-0.33243906,0.17529914,-0.3035433,-0.05220923,-0.059007645,-0.3310267,-0.21726902,-0.15489255,0.16033319,0.07244137,-0.24926475,-0.20549555,0.34276247,-0.27810562,0.07142051,0.020231405,-0.44588017,-1.0663459,0.09437944,-0.077823475,0.6774805,0.053861544,0.103031896,0.020540675,0.15423247,0.35126048,0.00039921975,0.0,0.0028563966,0.026954759,0.0028516364,3.3301185e-05,-0.048184972,0.067632325,-0.362704,-0.08479127,-0.023526693,-0.02227419,0.25223455
-0.21653177,-0.15355127,-0.5066861,-0.01655334,0.38799062,0.06480177,-0.18858281,-0.18030253,-0.06749131,-0.11116876,-0.22559619,-0.4052003,-0.22651133,-1.0429854,0.111219995,-0.4952174,-0.19760774,-0.6817257,0.6060065,-0.14747699,0.008665955,0.10372109,0.56577826,-0.36328104,0.1578761,-0.24243884,-0.11185444,-0.013951952,0.087445095,-0.562753,-0.4220766,0.00039921975,0.0,-0.10376818,-0.02828761,-0.005479957,0.0029954156,0.052294575,-0.22065979,-0.008395762,-0.03367045,-0.029929351,0.11126585,-0.09321989
-0.24535625,-0.19414432,0.34917352,0.008034501,-0.30066293,-0.51169467,-0.22773612,0.4467815,0.16711472,-0.16755864,-0.31023943,-0.2932862,-0.083002165,-0.13550943,-0.0012793229,-0.46422544,0.0075352476,-0.030118896,-0.28648317,-0.13956673,0.016794417,0.0123691205,-0.8417834,-0.36918348,0.14706583,-0.15428828,-0.033566136,-0.3143616,0.062088788,0.092816904,-0.48128736,0.0012404791,0.0,-0.64939666,0.029507725,-0.0059979972,0.0020016644,0.050392848,-0.49883658,0.03524142,-0.2126269,-0.023292169,-0.08817959,0.16626927
0.090147026,-0.17153774,0.30778977,0.00038466637,-0.35631186,-0.35500425,0.23173074,-0.10854108,-0.05755907,-0.056198888,0.47330195,-0.2932424,-0.0101588555,0.26598197,-0.28109288,-0.038087394,-0.100406535,0.603873,0.88745785,0.017433736,0.011172929,-0.06424212,0.7705442,0.11979838,-0.19447283,0.74001366,0.050918836,0.03629821,-0.06672653,-0.16219838,0.44721684,0.00039921975,0.0,0.005765585,0.012751136,-0.0009855526,-0.0024381138,-0.06910205,-0.23410471,0.29145104,0.012141867,-0.011941933,0.044914953,-0.32482803
-0.13797109,-0.12854123,0.08668401,0.0013950877,-0.401991,0.04009078,-0.11611415,-0.45953232,-0.049978983,0.012405925,-0.89085454,-0.32157928,0.06387216,0.3035287,-0.18051143,-0.48018047,-0.33539978,0.40847012,-0.37736094,0.033588197,0.01115088,0.022188386,0.588226,-0.34948355,0.17881559,0.45913637,-0.021620497,-0.19415404,0.14376661,-0.18105628,-0.3718221,0.00039921975,0.0,-0.08646636,0.01938198,0.002034891,-0.0002996074,0.020071639,-0.39662609,0.1965523,-0.1569697,-0.019089544,-0.1855315,-0.19234465
-0.0047358973,-0.29803616,-0.091773756,-0.00883392,-0.50267017,0.11061323,0.292385,-0.21095815,0.16162638,-0.07167672,-0.2744969,-0.41336673,-0.16595565,0.39662477,-0.1443104,-0.28956082,-0.36843464,-0.56622916,0.61600447,-0.023191841,0.00555914,-0.6391369,0.5815549,0.11390368,-0.20136514,-0.33383048,0.026928643,0.02385739,0.056362662,-0.11237916,-0.03225182,0.0012404791,0.0,0.011735354,-0.049570534,-0.031917635,-0.0012861483,-0.050438218,-0.06699949,-0.11471542,-0.17454574,-0.05337971,-0.019202664,-0.29022163
-0.16151232,-0.3965241,0.022988841,0.0013720253,0.354141,0.09120284,0.038836136,0.50362146,-0.08692258,-0.17375003,-0.41776857,-0.38416058,0.25771728,-0.1570695,-0.22117548,-0.09703917,-0.13093413,-0.5767803,-0.4335432,0.0256523,0.009337857,0.41921395,0.5399209,0.028276244,-0.47693202,-0.2989276,-0.16021308,-0.18490034,-0.10235074,-0.11431596,-0.43145472,0.00039921975,0.0,-0.20682967,-0.007918215,-0.0044573997,-0.0006702183,-0.10991488,0.00023993081,-0.08269395,0.06793057,-0.022330659,-0.033926345,-0.18151683
0.12282915,-0.39645797,-0.24977696,0.0030619204,-0.17228986,0.115705885,-0.24143054,0.10154578,-0.093052745,-0.18179479,-0.3449568,-0.32497054,-0.18557502,-0.15633875,0.19124566,-0.16349405,-0.17523459,-0.2867827,-0.3739305,-0.0069528245,0.015513855,0.14420478,0.62899274,0.029023105,-0.17368847,-0.3796769,-0.16282754,-0.060885124,0.009820574,-0.047804736,0.15183772,0.00039921975,0.0,-0.098482266,-0.036806535,0.0003282737,-0.0012861483,-0.058289647,-0.09708533,-0.3474089,-0.14247112,-0.019639466,-0.05358517,-0.43182626
-0.14143392,0.4203405,-0.12661655,0.0064501907,0.34950298,0.08524377,-0.18437238,-0.66588813,0.1405158,0.1623463,-0.1646101,-0.21292442,0.10429314,-0.7269668,0.07773464,-0.49032554,-0.12963018,-0.010416567,-0.17237793,0.13407606,0.0147035355,0.01510723,-0.50382954,-0.35462588,-0.14203337,-0.20167398,0.0127647165,-0.25388494,0.12686466,-0.07198969,-0.5043148,0.0012404791,0.0,-0.62967896,0.010645065,-0.0050154054,0.0020016644,0.051337484,-0.45445424,-0.015610735,-0.1484724,-0.05056047,-0.08431026,0.021172104
-0.2811504,-0.16290878,-0.5201888,-0.00694908,-0.09083033,0.09234334,-0.10114465,-0.1955052,-0.057452958,0.007172657,-0.8053114,-0.27252236,-0.20347783,0.32205215,0.032797076,-0.32397538,-0.18866618,0.29494628,0.6112124,-0.03351499,0.0074544842,0.42055315,-1.335502,-0.103865914,0.1896832,-0.19944851,-0.07728909,-0.16224982,0.05924313,-0.06833008,-0.43877107,0.00039921975,0.0,-0.09456975,-0.0121358745,-0.010593637,-0.001241345,-0.07008933,0.050583422,0.0577033,0.041955743,-0.03471607,-0.098632604,-0.15564846
0.5016137,-0.32615718,0.26771444,0.006569609,-0.062797464,0.120396025,0.18147677,0.31042266,0.17034313,0.0688067,-0.28557226,-0.28630534,0.25622466,0.059655342,0.03451999,-0.15456027,0.1013077,-0.46351758,1.2290606,-0.00992382,0.010233632,0.58324057,-0.8188874,0.107467934,-0.19235958,-0.18593736,0.055843346,0.034832425,0.030304175,-0.11989695,-0.24463959,0.0012404791,0.0,-0.4993798,-0.03617444,-0.02666268,-0.0009190807,-0.075221516,0.09224318,-0.12684049,0.08092357,-0.05435108,0.12211582,-0.29711115
-0.3017121,-0.20271106,-0.09717298,0.0010040815,-0.44847223,0.10083685,0.048769612,0.32924837,-0.06867396,0.013662816,-0.4610827,-0.40477228,0.045372427,-0.092775196,0.09035529,-0.6971509,-0.20428886,0.54244703,-0.410043,-0.028750833,0.0137015935,-0.09697563,0.6089403,-0.44868648,0.12497833,0.5792698,0.018570824,0.011675444,-0.0059377975,0.0449741,-0.4884196,0.00039921975,0.0,-0.01185381,0.002377163,-0.010502166,0.00035895605,0.02436779,-0.7104035,-0.27806216,-0.029033575,-0.036223374,0.019698111,0.093598574
-0.044277526,-0.20020095,0.084953286,0.0009214715,0.33491763,-0.30277926,0.010333445,-0.22561787,-0.081106044,-0.1373157,-0.27929747,-0.4002399,-0.17511934,0.19970539,-0.23878115,-0.32580647,0.07735313,0.48354304,-0.35088444,-0.15936972,0.011043715,-0.41778824,0.37217882,-0.21701224,-0.30114922,-0.4821295,-0.019421075,-0.07569216,-0.014438946,-0.46805796,-0.29537964,0.00039921975,0.0,-0.16994768,-0.008517575,0.001805495,-0.0006222286,-0.08404169,0.088506676,-0.27655226,0.16450281,-0.031111494,-0.02381258,-0.21006913
-0.053335905,-0.13142698,0.10194743,-0.0050158123,0.40114465,-0.3455083,0.10398946,-0.6676005,-0.08882593,-0.17497393,-0.24655357,-0.32346955,-0.15424202,0.41791913,-0.3071073,-0.20640817,-0.19488999,-0.056958422,-0.31104094,-0.052611575,0.010931186,-0.49667382,0.42040685,-0.2887287,0.19033493,-0.38673067,-0.07809951,-0.12271316,-0.12313819,-0.03904417,0.18763582,0.00039921975,0.0,-0.15824313,-0.010186382,0.0016781483,-0.0012861483,-0.10226757,0.11681874,-0.13210668,0.057813674,-0.0017834887,0.012241022,-0.51144105
0.2220797,0.55699986,0.010168313,-0.0049864673,0.070218794,0.091876194,-0.15922157,0.5737236,-0.0762927,0.06262292,-0.3478946,0.09038641,0.027665095,-0.90926236,0.050875135,0.3858027,-0.15364514,-0.7654484,-0.33115402,-0.10377079,0.019779617,-0.52211654,-0.66967106,0.10523795,0.048657786,-0.29288208,0.054449633,0.022118054,-0.06471296,0.20985344,0.42842552,0.00039921975,0.0,-0.2805883,-0.02588927,0.0028997744,-0.0009190807,-0.007113084,-0.085542016,-0.15146755,0.09672753,-0.04198907,0.097644635,0.13506015
-0.2977339,-0.24226248,-0.54619133,0.0042649135,-0.09253407,0.10791934,-0.14366977,-0.23560213,-0.051972207,-0.07445795,-0.29990426,-0.27765805,0.018635152,0.32896844,0.06806358,-0.49255645,-0.19665797,0.4695879,-0.27181995,0.0030360864,0.01668781,0.051009618,-1.0229784,-0.22465897,-0.3076821,-0.20647669,-0.041410074,-0.06618568,0.020967053,-0.025092384,-0.5093665,0.00039921975,0.0,-0.021234445,0.0011921297,0.0011850861,-0.00027563912,0.067830056,-0.2838338,0.32403153,-0.12646532,-0.10516153,-0.22960149,-0.2584111
-0.36274406,0.5213797,-0.33778742,-0.013787722,-0.6666905,0.08656747,-0.2701488,0.1326561,-0.06926897,-0.15197016,-0.32218763,-0.38046348,-0.017607922,-0.0013647489,-0.27770424,-0.15376484,-0.2026126,0.4974555,0.7839474,-0.10762393,0.007459148,0.119724005,0.67096037,-0.3147188,0.106776506,0.32173806,0.07001289,0.028290663,-0.107324,-0.17135318,-0.38192225,0.00039921975,0.0,-0.04547214,0.006968666,-0.011096068,0.0009483481,0.017980454,-0.11725802,0.08828408,0.08404514,-0.045254163,-0.32719818,-0.21111594
-0.28383675,-0.12230387,-0.047351263,4.720059e-06,-0.912613,0.08670451,-0.14495827,0.08075018,-0.06666833,-0.14777951,-0.32421777,0.18869916,-0.29455408,-1.3729688,-0.19416639,0.30103675,-0.019221306,0.42544386,0.8130343,0.030575557,0.007363048,-0.05429964,0.33548608,0.018094402,0.09026122,-0.30079487,-0.0089247525,-0.02067792,-0.08854251,-0.279356,-0.3658854,0.00039921975,0.0,-0.03633223,-0.03731048,0.005887932,-0.000712824,0.0009822927,0.039028496,-0.025488315,-0.016413076,-0.010214877,-0.20212077,0.016419202
-0.19442447,-0.055546947,-0.122767486,-0.004963591,-0.8256935,0.05444211,-0.10428623,-0.49904415,0.13991371,0.12031715,-0.23528534,-0.1923652,-0.030461792,-0.9408065,-0.18196034,-0.50956434,-0.078132294,0.50372475,-0.26429346,-0.117603645,0.013959071,-0.24861528,0.4267131,-0.3480698,-0.14312261,0.34802935,0.025712352,0.031884965,0.19510037,0.06375323,-0.51121867,0.0012404791,0.0,-0.612073,0.004945794,-0.0006070778,-0.00038644427,0.02883734,-0.35946065,0.41614133,-0.0033593327,-0.059977047,-0.22650772,-0.06045994
-0.09494837,-0.23017462,-0.19755346,0.0055977264,-0.19288772,0.121180035,0.040162567,-0.40552205,0.326431,0.075006984,0.82909834,-0.20267303,-0.001995278,-0.061496466,0.05825194,-0.14094576,-0.12140022,0.27819115,-0.21875417,-0.14794002,-0.18465115,-0.08428848,-1.0673865,0.02316161,0.15064283,-0.35218987,-0.079359844,0.106459275,-0.008757936,-0.035172828,-0.4062943,-0.011950837,0.0,-0.06305591,0.012373142,0.003957567,-0.009831192,0.07940088,-0.18009,-0.2527543,-0.16796301,0.1754934,-0.13761249,-0.32201734
0.16588654,-0.6420893,0.06143902,0.0033459829,-0.15411219,0.056394864,-0.07123299,-0.46814218,-0.06647989,-0.0041514924,-0.2483618,0.19452012,-0.41958985,-0.7273431,0.037909023,0.8223002,-0.15649782,-0.19239022,-0.41596094,0.05893712,0.013418458,-0.07133004,-0.9471177,0.14053732,-0.2736793,0.37114272,0.15435047,0.17765507,0.03458862,0.39135593,-0.53909683,0.00039921975,0.0,-0.07723912,-0.03320599,0.0024867032,-1.4688529e-05,-0.03265346,0.29767182,-0.28740188,-0.21290505,-0.0042619975,0.004993031,0.3835274
0.284627,0.5720544,0.11591857,-0.0014753556,-0.016930107,0.11494583,-0.10024235,-0.13179386,-0.05272892,-0.030033574,-0.2649775,0.32085443,-0.2906141,-1.0702211,-0.0333846,0.65746266,-0.08397054,0.3740012,1.0385122,-0.04295867,-0.06704248,-0.056382637,0.57278204,0.20639795,-0.08183635,-0.33586743,0.16079158,0.15363348,0.021020126,0.4686652,-0.3035752,0.00039921975,0.0,-0.037497293,-0.038817756,0.0019132453,-0.0007064819,0.022177342,0.037322797,-0.22162198,-0.3888376,0.047407456,0.16833043,0.19598372
0.3175029,-0.23405553,-0.091669254,0.005598525,0.39688402,-0.24984153,-0.13473439,-0.2817298,0.16030358,0.0436594,-0.27422264,0.27942148,0.2814795,0.29266676,0.048390936,-0.021674266,-0.17291863,0.20648155,-0.469949,-0.17248096,0.016120415,0.1754172,-1.2240536,0.11031041,0.14912657,-0.309682,0.040263113,0.0038172817,-0.07954149,-0.19169582,-0.30302572,0.0012404791,0.0,-0.7622809,-0.040477127,0.009172672,-0.0005774253,-0.017505836,-0.026784884,-0.05502557,-0.07859205,-0.03372734,0.14584975,-0.26564574
0.18868247,-0.26571313,0.027009986,0.007579532,-0.58037585,0.1086037,0.0044166683,0.5011797,0.17423455,-0.11626462,-0.25025845,0.18426694,-0.33869496,-1.0597514,0.05207797,-0.12937325,-0.06825324,-0.1451194,-0.47663307,-0.03370157,0.013418011,0.4981847,-0.83342844,0.08766824,-0.19243886,-0.13763364,-0.036512308,-0.01859272,-0.09962296,-0.20470443,-0.3821672,0.0012404791,0.0,-0.6323897,-0.0069487,0.008047583,-0.000625415,-0.027331702,0.09782189,0.009620962,0.06404729,0.0074126027,0.09679969,-0.4085771
0.28826168,0.67716646,0.16934666,0.009039635,-0.03894003,0.11078096,-0.21610317,-0.028379407,0.16887051,-0.03605803,0.30412817,0.3001016,-0.27513722,-0.012055792,0.034139246,0.6625394,-0.052213106,-0.16136566,1.3109401,-0.12816723,0.011507557,0.5816481,-1.0145078,0.09545917,0.08761966,-0.19440007,-0.12515843,-0.18250431,-0.08749201,-0.14752321,-0.22404219,0.0012404791,0.0,-0.41950127,0.057463747,0.021239221,-0.0009190807,-0.013654423,0.07652709,-0.0037018368,0.10204406,0.015009413,0.2423906,-0.10453489
-0.12467268,-0.27954993,-0.045023832,0.00916363,-0.16229886,0.0960988,0.06067252,-0.61777973,-0.07177498,0.0244226,-0.7159788,-0.26830968,-0.2084181,0.43933532,0.063950606,-0.2324785,-0.39174682,0.472643,-0.33979604,-0.06624389,-0.100751,0.32432455,-0.911041,-0.06535032,-0.22137198,-0.15752542,-0.085623026,-0.0043384847,0.028050441,-0.004127484,-0.4185829,0.00039921975,0.0,-0.081397586,0.021025633,0.0092569385,-0.0028062868,-0.048422955,-0.21318172,-0.20023584,0.06685755,-0.03814636,-0.0009403967,-0.23892441
0.11707523,-0.20538753,0.17399172,-0.008492969,0.07365305,-0.3914132,0.013236254,0.1443135,-0.084245704,-0.08853848,0.42608988,0.24710578,0.24086443,-1.4726415,-0.19139922,-0.06255849,-0.049170464,-0.81987196,-0.32643276,0.048137315,0.018317344,-0.13767418,0.39582023,0.10508394,0.090026625,-0.40142658,0.017073628,-0.020442365,-0.07474715,-0.26735303,-0.3394589,0.00039921975,0.0,-0.031154338,-0.024727283,0.006876139,-0.0012861483,0.026684677,0.028367914,0.29183164,0.019337483,-0.024541356,0.1058807,-0.36980748
0.12574042,-0.39079612,0.06666243,-0.0035956413,0.4777976,0.12422374,0.26538616,0.57136786,0.1671742,0.05374327,-0.27068147,-0.360605,-0.124196954,0.6084273,-0.104826376,-0.036680505,-0.077824466,0.35345468,-0.29266965,0.046097286,0.010990359,0.008805366,0.75285953,0.062056422,-0.24394654,-0.3179915,0.06243033,0.05843703,0.041244097,-0.10657002,0.026181811,0.0012404791,0.0,0.1718875,-0.042276558,-0.02804813,-0.0006222286,-0.067503035,0.17506415,-0.10726514,0.18425912,-0.04552295,0.078562066,-0.28400818
-0.20344979,-0.12136525,-0.4324228,0.0047311126,0.34440783,0.07861284,-0.14272156,-0.2564941,0.16493595,0.09336759,-0.24778683,-0.1994727,0.040448707,-0.09194922,0.07861262,-0.3801566,0.066713706,0.28324693,-0.191194,0.02013496,0.010459193,-0.11919266,-0.9994735,-0.4056582,0.16265072,-0.22186728,0.018308459,0.0011879383,-0.018722445,-0.2525197,-0.38444966,0.0012404791,0.0,-0.8173833,0.020473868,-0.0012935121,-0.0028062868,0.104837626,-0.3024559,-0.32673857,0.23060015,0.12057667,-0.008501089,-0.009815038
0.13046198,-0.27022925,-0.28810212,0.003717484,0.50967723,-0.22481968,-0.14955503,0.0750662,-0.069102824,-0.09881254,-0.36995474,-0.27931723,-0.11434664,0.56233823,0.18089402,-0.12140108,0.08163482,-0.0471459,-0.18263206,0.080047876,0.019989844,-0.016337916,0.8645001,0.011605615,0.23162787,0.78327894,0.09412609,0.21230876,-0.08475431,-0.11882041,0.4129209,0.00039921975,0.0,-0.033458415,0.027488338,0.00076582975,-0.0012244108,-0.08279917,0.0388101,0.13905747,-0.080173776,-0.040096715,0.0760268,-0.25260377
-0.28731564,-0.21543166,-0.44687662,0.005453468,0.34352845,0.07740183,-0.060230505,0.43863195,-0.080786616,0.034688395,-0.30548498,-0.20042792,-0.31048796,-0.620186,0.10256912,-0.10309431,-0.5191858,-0.1982065,-0.3094692,0.041864116,0.009562597,0.34149545,-0.9174982,0.03373423,-0.18566273,-0.244024,-0.102279045,-0.23681553,0.028073113,-0.19170165,-0.4615609,0.00039921975,0.0,-0.16705406,0.01440172,-0.0016912669,-0.001241345,-0.08957417,-0.22282459,0.17487931,-0.08864604,-0.041231338,-0.010330026,-0.08921648
-0.13620698,-0.22468767,-0.35037297,0.0017635957,0.28982276,-0.3319202,0.05237116,-0.54571414,0.3131518,-0.119054,-0.21967065,-0.2879694,0.1582833,-0.10763487,0.05229814,-0.54380184,-0.24790421,-0.016938468,-0.27761114,0.14433393,0.011703668,-0.14557907,-0.74563885,-0.38345215,0.10972872,-0.24178347,-0.09051001,0.05060274,-0.08519289,0.19574118,-0.26719996,-0.011950837,0.0,-0.03329606,-0.0010161698,0.0077123553,0.0028016195,0.03312371,-0.5858625,-0.03308432,-0.15700646,0.17987098,-0.019991403,0.10224621
0.107122466,0.48259854,-0.5438696,0.0050691105,-0.37375656,-0.32413223,-0.2107223,-0.81155384,0.19633691,-0.110146455,0.06574657,0.26231608,-0.18792993,0.4433949,-0.2043965,-0.17704728,-0.032842766,-0.5817382,-0.2776681,0.12655431,0.008389401,-0.6775833,0.749355,-0.036488026,0.08503906,-0.26987752,-0.045133974,-0.07251851,0.00941828,-0.18797912,-0.27492306,0.0012404791,0.0,-0.5319269,-0.038669217,0.008376153,-0.010288855,-0.010661079,-0.1280907,-0.27224657,-0.030234888,0.0063660294,0.08766015,-0.011636788
0.08010236,-0.30040157,0.23285288,0.004027101,0.5254038,0.0052685617,-0.058437064,0.54743737,-0.08086176,-0.011969125,-0.435486,0.16940582,-0.49665275,-0.07747116,0.122332886,-0.07893136,-0.13474222,-0.2126671,-0.5203816,0.019531928,0.013425395,-0.47512734,-0.86815906,0.058828972,0.2727756,0.36941272,-0.12409398,0.047503598,0.02853939,-0.11295462,-0.6571625,0.00039921975,0.0,-0.09195579,-0.01163504,0.008391043,0.0018750757,-0.061135493,-0.073828354,0.0916232,-0.13911396,-0.07178739,0.06361678,-0.3541029
-0.25461042,0.3543812,0.13815938,-0.0021854653,0.46803588,-0.17464086,0.049666457,-0.53619415,0.15636581,0.039238766,-0.1605972,-0.19470039,0.19592045,-1.094331,-0.22575665,0.24624227,0.027904758,-0.099834114,-0.3765913,0.06485926,0.012618447,-0.37387705,0.25832862,-0.105444975,0.0907995,-0.38056013,-0.016282199,-0.04541811,0.17840716,-0.41956648,-0.3558553,0.0012404791,0.0,-0.5735311,-0.01859867,-0.012764735,-0.0012861483,-0.069368795,0.12099857,0.15654913,-0.23644929,-0.03306818,-0.037089646,-0.14330524
-0.13616733,-0.24038814,-0.46297827,0.0009967391,-0.14650837,-0.27543083,-0.08242123,-0.17851402,-0.07417266,0.009357832,-0.2814487,-0.39456505,0.12362654,0.26063073,-0.24754626,-0.18584536,-0.2900163,-0.6659423,-0.27991575,-0.1255822,0.01009664,-0.6111363,0.4224757,-0.19120483,-0.4281351,-0.3972377,-0.081504434,-0.031261466,-0.018160569,-0.41864413,-0.35817575,0.00039921975,0.0,-0.15787663,-0.01682354,-0.0051839924,-0.0001513288,0.050030008,-0.023894656,-0.2025511,0.056629512,-0.06328529,-0.08668908,-0.08220874
-0.31184584,-0.14852609,-0.64879036,-0.001938731,0.35174277,0.06295547,0.0353351,-0.5595347,-0.05573304,0.0031074954,-0.18912216,-0.31428337,0.09930726,0.23717324,0.04456019,-0.38248917,-0.15945172,0.22218126,0.67893475,0.07955899,0.0076079634,0.22050016,-1.0652733,-0.4055396,0.30574653,-0.26772547,-0.096269384,-0.3453989,0.040891785,-0.47981092,-0.42952332,0.00039921975,0.0,-0.066324554,-0.023350863,-0.012778816,0.0021094605,0.057979092,-0.18658493,0.0951355,-0.041393954,-0.002375998,-0.28942773,-0.049420226
-0.17362887,0.40559563,0.16324893,-0.009625373,-0.267004,-0.45915362,0.105386056,0.41086787,-0.07677784,-0.07297025,-0.34658477,0.08927049,-0.20299418,-0.9015707,0.076995924,-0.030998202,-0.0484689,0.26705438,-0.31101543,0.021091603,0.018349083,-0.019824121,-0.92722344,-0.09460049,0.03308326,-0.42372367,-0.038520116,-0.2598271,0.07353411,-0.3708513,0.28218928,0.00039921975,0.0,-0.05489138,-0.021286406,0.0013877058,-0.0009190807,-0.04014252,-0.09454705,0.2862456,-0.16090997,-0.052205604,-0.21719378,-0.49609956
0.013261243,-0.4441707,-0.061164755,-0.0016412089,0.6194092,-0.3598063,0.1440928,0.08173849,-0.09220624,-0.009730288,-0.31964704,-0.38302267,-0.14271273,-0.15197282,-0.2468669,-0.07643231,0.11813911,-0.6921174,-0.39028943,0.04643016,-0.1426066,-0.08725243,0.5856108,-0.032061975,0.11851688,-0.40227395,-0.06211341,-0.04955837,0.13302049,-0.2098925,0.30297467,0.00039921975,0.0,-0.08838018,0.02009308,8.395867e-05,-0.0013767437,-0.08360064,0.088701956,0.103217125,-0.21231078,-0.001538142,0.13393985,-0.20286112
-0.36395884,-0.06548604,0.074806705,0.0037230328,-0.23818846,-0.44609585,0.11945842,0.25347164,0.13029225,0.10100136,1.103202,0.22202636,0.3363486,-0.80465925,0.15071827,0.17232153,-0.002467444,0.24202012,0.8734949,-0.0054408945,0.009897161,-0.1084094,-0.90425277,0.01701233,0.38511372,0.45288008,-0.024161842,-0.006816876,-0.08995502,0.39827803,-0.395945,0.0012404791,0.0,-0.47622165,0.06277461,0.02011392,-0.001141558,0.0043971525,0.12428228,-0.035662483,0.027869321,-0.03218123,-0.051413473,0.32326883
-0.34602752,-0.23490432,0.13943607,0.0031487462,-0.93106866,-0.33414027,0.045266584,0.2920428,-0.052960824,-0.094884,-0.34739488,0.14519529,0.310094,-0.75013316,0.022719957,0.42138743,-0.11510488,0.30551884,-0.46224,-0.16598058,0.018509895,-0.06794066,-0.85576165,0.0026629309,-0.07086124,0.3898081,0.09217276,0.11277287,0.055595215,0.33241075,-0.30263817,0.00039921975,0.0,-0.00088962575,-0.027746683,0.0011223645,3.3301185e-05,-0.019594256,0.16956629,-0.21859659,-0.08240172,0.0075752717,-0.29025337,0.24612606
-0.11982678,-0.1310356,-0.40630212,0.0023634124,-0.83726954,0.07126653,-0.044497978,-0.547238,-0.07734355,0.033771243,-0.22547601,-0.18978491,-0.028677545,-0.8649346,0.08082965,-0.5544027,-0.051193576,0.46835655,-0.25745496,-0.20653053,-0.11003582,-0.11346981,-0.735422,-0.30634063,0.12813282,0.20776936,-0.09530528,-0.039929118,-0.13912152,-0.073154435,-0.4948231,0.00039921975,0.0,-0.036969632,-0.001062612,-0.00019241247,-0.0038212975,0.040854115,-0.41725808,-0.034518823,-0.10570794,-0.029441332,-0.17043765,-0.3257044
-0.1655265,-0.4475233,-0.42333743,0.004969702,0.46544987,0.09667867,0.04681479,-0.3642093,-0.07888,-0.062530406,-0.21848473,-0.22154693,-0.20914236,-0.17529386,0.06625289,-0.3229791,-0.07754535,-0.024045072,-0.25861272,-0.038035844,-0.12437178,0.05848434,-1.1165271,-0.07905072,0.09866878,-0.19282258,-0.11911733,-0.02860639,0.015365185,0.06444288,-0.42944372,0.00039921975,0.0,-0.12786494,-0.015939878,-0.003530441,0.00812187,0.07746657,-0.37153292,-0.31100273,-0.082565986,-0.050455008,-0.24173096,0.022102455
0.38783705,-0.20932631,-0.17679551,0.00310296,-0.8392618,0.045315195,-0.23042496,-0.8109738,0.15911834,-0.13583326,-0.025896974,0.35621876,-0.19841015,0.16925484,-0.12370216,0.48646644,-0.13111705,-0.18594226,0.9835267,0.06867406,0.0056779548,-0.18089403,0.58239174,0.21051084,-0.39822826,-0.33992422,0.05135232,-0.014565583,-0.110048115,-0.298479,-0.31044704,0.0012404791,0.0,-0.5686509,0.017922215,0.0129440185,-0.0007608137,0.024783557,-0.0655167,0.028617855,-0.24704632,-0.010725055,-0.030090058,-0.2570723
-0.194059,-0.49427474,-0.47380245,-0.005095242,-0.32594216,0.100523874,0.12376702,0.6292215,-0.07677746,-0.011264918,-0.29934007,0.10046424,0.011867953,0.2537816,0.06139593,0.0022191762,0.062376633,0.44811702,-0.2991628,-0.015776169,0.01637846,-0.44532835,-0.8133669,-0.10311887,-0.12988281,-0.2612679,-0.051883183,-0.35074598,-0.019141793,-0.5515,0.42079812,0.00039921975,0.0,-0.27997053,-0.021472529,0.0030127515,-0.0005774253,-0.011615955,-0.016407467,0.000357686,-0.10708706,-0.051791646,-0.32657316,-0.3510288
-0.15667154,-0.31486422,-0.2874362,-0.0024043391,0.15518604,0.09948412,-0.07223659,-0.16573915,-0.06453485,0.11526085,-0.3712334,-0.40484154,0.021668825,-0.009774544,-0.2095097,-0.4641724,-0.12715,0.5067537,-0.33142975,-0.12074554,-0.17370246,-0.059104547,0.61420345,-0.021737073,-0.27604717,-0.4259805,0.010495975,-0.0046880404,-0.08508259,-0.1519051,-0.47281697,0.00039921975,0.0,-0.062168982,-0.008973954,0.00028260046,0.00061031594,-0.023302764,-0.4566783,0.37910485,0.05270433,-0.07251166,-0.23371346,-0.08409536
-0.10206542,-0.14452562,0.22277156,0.017076856,-0.265001,0.018944833,-0.26034135,-0.70713687,0.13004692,-0.23732892,0.27459788,-0.21080789,-0.08533231,-1.2498223,0.22194083,-0.36903217,-0.05479024,-0.015803698,0.61378264,-0.0152090695,0.008011071,-0.084434815,0.6992418,0.0033015613,-0.16015726,0.42367554,-0.0074166413,-0.002144954,-0.0055492916,0.08166505,-0.16889623,0.0012404791,0.0,-0.06693109,-0.044663213,-0.022500193,-0.010118781,-0.052421957,-0.2945041,-0.36832908,-0.4592521,-0.09183919,-0.014427608,0.05983788
-0.08577832,-0.3456752,0.2930047,0.0082434695,0.50954634,0.08241185,-0.11113549,-0.12608552,-0.06960596,0.22017756,-0.3473617,0.26215008,-0.19021301,0.6742235,-0.14925338,-0.049852554,0.11321854,-0.37653607,-0.37376827,-0.052755848,0.013433349,0.4165099,0.740011,0.065944284,0.21457724,-0.24510099,-0.10529264,0.09942036,0.03148566,-0.10342332,-0.41798818,0.00039921975,0.0,-0.041636445,-0.0135568045,0.015730929,-0.0012861483,-0.0026807103,0.17200172,-0.13329892,0.09516115,-0.06756658,-0.1702626,-0.2166134
0.17104493,0.76970553,0.09062203,0.002602878,-0.093016416,0.11768029,0.15031448,0.43265462,0.152084,0.017711505,-0.8886911,0.35356933,-0.25626102,0.033840448,-0.02318102,0.30413517,-0.11113318,0.033147875,1.3027557,-0.09762352,0.006658225,0.44869605,0.7158699,0.08381059,0.12290791,-0.1544168,-0.017180149,0.14508733,0.04217344,-0.072549,-0.15481456,0.0012404791,0.0,-0.56437933,0.07251361,0.0064159017,-0.0012861483,0.003452401,0.07613638,-0.102272145,0.22787182,0.021736482,0.15724759,-0.15266785
-0.044453863,-0.26223072,-0.33020025,0.0071033607,-0.49183753,0.07725582,-0.0009616526,-0.10402649,-0.08508463,0.1310286,-0.4128036,0.19388813,-0.32955125,-1.4585352,-0.16368045,0.21383484,0.04007253,-0.4975312,-0.5335536,-0.1308918,0.014695747,0.30055317,0.4426451,0.08131869,0.097933285,-0.2870163,-0.0017797265,0.12488143,0.045642,-0.26827452,-0.53001755,0.00039921975,0.0,-0.10069662,-0.038880758,0.0006812904,-0.0012861483,-0.018840872,-0.051613063,-0.10571949,0.054329503,-0.067517,0.016476616,-0.4141844
-0.18991633,-0.20174621,0.20482408,6.728619e-05,-0.23152217,-0.37157696,0.14109014,-0.7597596,0.18980189,-0.057936896,0.24506372,-0.2572303,-0.19650131,-1.221523,-0.20576915,-0.11376306,-0.124605976,-0.5800364,-0.32505617,-0.017698457,-0.07813131,0.2783165,0.40839592,-0.015163145,0.05796475,-0.38775632,-0.14671308,-0.062156178,0.0007165973,-0.049730305,-0.08252532,0.0012404791,0.0,0.016818507,-0.045308646,-0.024019787,-0.0012861483,-0.087784536,-0.03089452,-0.16620204,-0.039497685,-0.04907147,-0.030483974,-0.008484237
-0.32134953,-0.20094673,-0.5055719,0.0020014287,0.407116,0.12053272,-0.16283509,0.15897788,-0.05423344,0.05035141,-0.2366878,-0.20007768,0.002326409,-0.90507406,-0.010044175,-0.25964057,-0.11969061,0.24392053,0.3111585,-0.06940229,0.007589247,-0.24999891,-0.84542435,-0.02689394,-0.2431712,-0.21076554,0.035491582,0.036980197,-0.09809494,-0.14357895,-0.50128585,0.00039921975,0.0,-0.09585073,-0.0040399972,-0.0011857408,0.00812187,0.116423056,-0.15236372,0.030556696,-0.2298878,-0.097400315,-0.2502958,-0.25485048
-0.22309643,0.5952973,0.12789658,0.00085617474,-0.23431529,0.07192025,-0.3251646,0.23741502,0.1819106,-0.062184367,-0.34677926,-0.34632927,0.07129383,-0.08074201,-0.27557337,-0.1935339,0.03756155,-0.7091398,-0.29621583,-0.09687426,0.0089329835,-0.64884347,0.54919875,0.0013157502,0.06840059,0.7165841,-0.062298287,0.03889294,0.100136794,-0.30371085,-0.44564718,0.0012404791,0.0,-0.6479807,-0.043927096,-0.01385569,-0.000873172,-0.060048204,0.089951605,0.15032125,0.0482162,-0.053243347,-0.016849743,-0.16353726
-0.39702874,-0.28456572,0.3252957,-0.0074504944,-0.05035948,0.116956525,0.081538245,-0.3156326,0.15589747,0.08613634,-0.28502995,0.24487846,-0.21686126,0.431361,0.04867755,-0.2566253,-0.015660418,0.21264817,0.85249144,-0.009404985,0.008661815,-0.085785344,-1.244833,-0.26259997,-0.25176093,-0.3623481,0.010192477,0.023495803,-0.11077603,-0.19466247,-0.36803275,0.0012404791,0.0,-0.70289016,0.014615438,0.01815419,-0.009831192,-0.024618987,-0.061537456,-0.04733595,-0.019025665,-0.010072304,-0.25109744,-0.24656448
-0.27188516,-0.2225839,-0.48969337,0.0038189646,0.2612137,0.07018692,-0.2289229,-0.1942559,0.17586519,-0.16806352,-0.3057621,-0.26497674,0.12425049,-0.079523,0.09361095,-0.23134229,-0.37168917,-0.07141357,-0.21767974,-0.18947476,0.012655564,-0.09792241,-1.1939617,-0.25660932,-0.351164,0.2647809,-0.022003666,-0.06549971,0.02649502,-0.19928513,-0.39383304,0.0012404791,0.0,-0.72897553,-0.031747963,-0.02136194,-8.3539286e-05,-0.06610142,0.11612266,-0.27062085,-0.08312031,-0.0898802,-0.014203003,-0.0616094
0.053665005,0.39491984,0.11387243,-0.015844936,-0.77392554,0.085878,0.11940842,0.38618472,0.14410889,0.0072785104,-0.2851133,-0.2989353,-0.10165034,-1.0693065,-0.13115504,-0.2792988,-0.20528723,-0.1936783,0.9267786,0.013070731,0.0068615745,-0.11054464,0.41436607,-0.29179087,0.267029,-0.22762302,-0.0911848,-0.23138137,0.12265525,-0.6592359,-0.326821,0.0012404791,0.0,-0.53690785,0.017721847,-0.016858215,-0.0039436985,0.07298293,-0.32197213,0.2659354,-0.12603515,0.07637159,0.062940784,0.006787546
-0.189188,-0.17258655,-0.5172189,-0.0012975859,-0.2379038,0.13096537,-0.1724303,-0.3490805,-0.05165598,-0.093132965,-0.34188148,-0.1870256,0.08088928,-0.080883436,0.078814834,-0.44348985,-0.0035221097,0.54188824,-0.1951105,-0.039506003,0.019406226,-0.07856325,-0.7620698,-0.32841343,-0.20420207,-0.22414157,-0.029683616,-0.27840972,0.09066151,-0.11190272,0.551194,0.00039921975,0.0,-0.036334258,0.0046967957,0.0002683538,0.0004165197,0.04604248,-0.27174222,0.14784117,0.056955025,-0.045912787,-0.24568143,0.16120405
0.1309842,-0.16663893,0.2523872,-0.014373492,-0.2599268,0.12601668,0.07715185,-0.21273941,0.13626161,-0.08522371,0.981833,-0.2528084,0.03919483,-1.2950914,-0.28770712,-0.3819449,0.08481816,-0.084071875,-0.3200305,-0.04895322,-0.15228286,-0.111413695,0.5339287,-0.09099989,0.1367298,-0.2956857,-0.1514006,-0.0989321,-0.028398726,-0.22678702,-0.3029248,0.0012404791,0.0,-0.6742936,-0.023184976,-0.012154752,-0.0012861483,-0.09668082,-0.09225179,-0.22662167,-0.22443844,-0.027761944,-0.09288881,0.013391012
-0.22850375,-0.20939538,-0.43841833,0.005014014,-0.14120388,-0.41416124,0.02712963,-0.5705728,-0.06285757,-0.12653285,-0.27002466,-0.28087887,0.01535092,-0.10623079,0.058641054,-0.5459111,-0.163544,0.20071952,-0.32590386,0.15190187,0.016777923,0.06133639,-0.83443755,-0.3834431,0.14008127,-0.27265435,0.020066077,0.044782333,-0.08885544,0.08020804,-0.4112568,0.00039921975,0.0,-0.072588876,-0.003151408,0.0113253,0.0028016195,0.06053906,-0.49866524,0.055762563,0.114308394,0.17697878,0.05527227,0.207187
0.12577428,-0.3595059,0.0070088333,0.00034403766,-0.15846086,0.09237498,-0.012626633,-0.7079637,-0.08850006,0.020785538,-0.80181736,-0.26367447,-0.14176495,0.26523936,0.04560387,-0.18662433,-0.18127695,-0.7767351,-0.32700834,-0.019415269,-0.13863274,-0.09620175,-0.78659785,0.0671248,-0.19208002,-0.24763104,0.017258124,0.053324096,-0.09485095,-0.11260818,0.632881,0.00039921975,0.0,-0.0967314,0.015137979,0.00038274558,-0.0009190807,-0.067836896,0.13453816,0.039026428,0.061925057,-0.024307838,-0.22665901,-0.28863826
0.2744144,-0.27087954,0.053875037,0.0032218408,0.41391194,0.07556576,-0.14378896,-0.18570688,-0.05768278,0.012031982,-0.18716192,0.30756488,0.42365533,0.19499575,0.022387726,0.9057821,-0.13622122,-0.15675761,0.9572307,0.11306092,0.011840352,-0.05480478,-0.85702336,0.298881,-0.27032086,-0.33045524,0.13313583,0.1130736,0.048303455,0.38736153,-0.31542796,0.00039921975,0.0,-0.06939706,-0.024864666,0.0069816853,-0.0012248707,0.024853747,0.107485525,-0.18312313,0.008441374,0.011819724,0.23987477,0.20282218
-0.03248445,-0.2836502,0.13678624,0.00016156165,0.4309524,0.13663432,0.15402086,0.15789247,-0.06344975,-0.022208136,0.502131,-0.29026914,0.15657872,0.12297431,0.2327609,-0.26797247,-0.06640633,-0.00021032651,1.0401989,-0.02906307,0.011808376,0.46793252,0.79986554,0.07814389,0.3285022,-0.3102623,0.16002712,0.20688762,0.029269941,0.21402194,-0.44919193,0.00039921975,0.0,-0.06823994,-0.004459151,0.006988611,-0.0012861483,-0.09263881,0.04770846,-0.23296726,0.17878164,-0.01598194,0.038933568,-0.26506582
-0.27238,0.69789875,-0.029270846,0.007710062,0.44917166,0.096519865,-0.22208741,0.16931108,0.16060546,-0.110435836,-0.8490891,0.21767806,-0.20279722,-0.013827708,-0.12121295,-0.153114,-0.14509852,0.2101155,-0.30956796,-0.011369938,0.014857046,-0.64597416,0.53540224,-0.2806079,0.13557625,-0.24846102,-0.025533823,0.032406934,-0.09059734,-0.117026575,-0.49156696,0.0012404791,0.0,-0.85182714,-0.079613514,0.0027146402,-0.010288855,-0.008885995,-0.113024846,0.051608745,0.127569,-0.027611578,-0.32512718,-0.295693
-0.52585614,-0.24422996,0.04502183,0.0056640394,-0.09903975,0.112543404,0.09099886,-0.2875871,0.15666938,-0.060008172,-0.26129666,-0.2658646,-0.1941576,0.37906086,0.055985425,-0.25561252,-0.05633451,0.2173671,-0.28914353,0.08327401,0.013454913,0.3268501,-1.2146004,-0.0338325,0.2711314,0.24997951,0.05191439,0.111935675,-0.007036433,0.1396198,-0.36256528,0.0012404791,0.0,-0.6665486,0.027723378,8.726696e-05,-0.0027064998,0.073714435,-0.25677058,-0.28466585,-0.1020094,0.124973506,-0.28335908,0.14317174
-0.018535582,-0.08320358,0.3599536,0.009050347,0.56861305,0.110911004,-0.14924797,-0.5719222,0.17985006,0.2536046,-0.09418182,-0.16405477,0.02841588,0.34053874,0.063723296,0.050557878,0.23292294,0.30406153,-0.123767726,0.07543272,-0.11636407,-0.14507408,-0.89054656,-0.05781642,0.22385974,-0.22960413,0.07452322,0.044115342,0.19668467,0.115195,-0.31526455,0.0012404791,0.0,-0.48699877,-0.022353468,-0.008207643,-0.009831192,-0.045957193,-0.118026376,0.39249894,0.041967947,-0.0346921,0.08838154,0.21388954
0.3809308,-0.23019391,-0.2881024,0.007630303,-0.06453653,0.043069247,-0.009167734,-0.42151242,-0.06162495,-0.05772814,-0.9907163,0.2446705,-0.46522847,0.25015807,0.011747985,0.47258416,-0.19125451,-0.1835835,1.1092536,0.014681817,0.010199143,0.36951268,-1.0081115,0.12622878,0.14844544,0.20622994,-0.005792818,0.051294472,-0.10133116,-0.25173783,-0.5841437,0.00039921975,0.0,-0.074184924,-0.045921978,0.027345259,-0.0006994693,-0.026440691,-0.0019649067,0.18802485,0.11064812,-0.091149114,-0.06132488,-0.021650959
-0.2480899,-0.27371925,0.13021702,-0.0014488267,-0.101336755,-0.559137,0.12537986,0.04839231,-0.084199466,-0.15841912,-0.4210037,-0.36537063,-0.15620573,0.47941437,-0.2504868,-0.14948228,0.010678688,0.55174446,-0.34904608,-0.12155958,0.011383339,-0.6444251,0.43769544,0.0046502054,-0.239013,-0.4834478,-0.06425752,-0.010798322,-0.115676284,0.10082038,0.20752424,0.00039921975,0.0,-0.055530813,-0.006544636,0.00214661,-0.0006222286,-0.07918404,0.087890536,-0.12001692,-0.2426608,-0.006629597,-0.008233691,-0.20181148
-0.106362715,-0.1258592,-0.25924623,0.0037868023,-0.19670671,0.08457691,0.059365343,-0.68826264,0.18023387,0.12438263,-0.1896915,-0.2747229,-0.22808944,0.23759827,0.06920263,-0.26975647,-0.30417946,-0.17903414,-0.25257546,-0.09262768,0.011516224,-0.10473549,-1.0843024,-0.05773882,0.15595485,-0.32909092,-0.012893317,-0.18471245,0.08359494,-0.6503017,-0.3301223,0.0012404791,0.0,-0.5675075,-0.062958695,-0.020250238,-0.001241345,-0.06394596,0.10365857,0.22488526,0.03684474,-0.0475753,0.017107181,-0.04914268
-0.41263673,-0.20446493,-0.60461205,0.008203017,0.35159507,-0.2588269,-0.08236551,-0.36114112,-0.07272607,0.003903577,-0.32015496,0.18850076,-0.39977556,-0.17141548,0.018225525,0.46435943,-0.03162115,0.1833594,-0.41282985,0.034605402,0.015656425,0.32310075,-1.1567338,-0.061287228,0.10561766,0.4413155,0.1298083,0.16635123,0.02953866,0.30768782,-0.44521484,0.00039921975,0.0,-0.052097373,-0.024346834,-0.00086510554,-0.001141558,-0.04847627,-0.05546467,-0.31186777,-0.0992872,-0.025515012,-0.2706622,0.19006258
0.007945222,0.7768001,0.25185075,0.004609348,0.11295852,-0.25245327,-0.15120602,-0.68872464,-0.07388187,-0.17345713,0.23170811,-0.25965002,-0.39989644,-0.0021028817,0.07785163,-0.24751607,-0.2493261,-0.26884118,-0.2795865,-0.19196409,0.0133743845,0.12689999,-1.0642624,0.05256334,-0.11280636,0.5758334,-0.116801,0.097305275,0.04525521,-0.13327667,-0.3031642,0.00039921975,0.0,-0.08405051,0.02755684,0.0052439156,0.0018750757,-0.054380324,0.12476256,0.0886579,-0.012564877,-0.03733102,0.0024276855,-0.11659704
-0.18258554,-0.21449678,-0.1872766,-0.0053108833,-0.6209555,0.15994814,0.07454099,0.6249717,-0.047100175,-0.095974505,-0.3725652,-0.15024862,-0.007697535,-0.6306376,0.041702364,-0.10855333,-0.091094546,0.009965193,-0.16510992,-0.103513606,0.019804485,-0.23458426,-0.5489438,-0.28666312,-0.15133758,-0.24847277,0.068180576,0.0005729621,-0.09905138,0.18753985,0.73999125,0.00039921975,0.0,-0.036046986,0.011412342,0.0013112267,0.008014074,0.17386134,-0.10102021,0.31463784,0.21336658,-0.011306993,0.0064866296,0.3041938
-0.15235361,-0.24131933,-0.21226747,-0.0036746599,0.48318037,0.06312064,-0.17460957,0.5661473,-0.08498446,-0.14465821,-0.2971786,-0.4525378,-0.23090854,-0.10422779,-0.14763127,-0.09067588,-0.13584541,-0.13002929,-0.3557233,-0.058475826,-0.08497465,0.08295744,0.5342308,-0.36629143,-0.26692474,-0.31671414,-0.13244887,-0.46393424,0.10281719,-0.55855083,-0.4317395,0.00039921975,0.0,-0.14846185,0.0021942928,-0.0028843475,0.0090078255,0.06716132,-0.11359048,0.016249023,-0.03968398,-0.07804533,0.14165507,-0.07007397
-0.14906563,-0.4800203,0.08579283,0.0065609803,0.40086278,-0.24490644,-0.024782326,-0.56351745,-0.06865443,-0.14523737,-0.2381675,0.11886608,-0.27431205,-0.9181299,0.050162468,-0.17092483,-0.21573454,-0.43228114,-0.31570297,-0.0075242845,0.014316419,0.2741377,-0.82288635,0.15153044,-0.12513585,-0.34222358,-0.014691305,-0.014914975,-0.075490616,-0.16938126,-0.42758605,0.00039921975,0.0,-0.09288492,-0.021267874,0.0029493968,-0.009831192,-0.059454452,-0.13986738,-0.034042414,0.11867163,-0.009842697,-0.1935985,0.12999989
0.126262,-0.37202874,0.0975761,-0.011913771,0.104120776,0.015904348,0.040143788,-0.7390656,-0.102603115,-0.040149987,-0.2032065,0.3586065,-0.27097255,0.5378615,-0.1654446,-0.07767883,-0.20019628,-0.21675898,-0.48662257,-0.0008881923,0.010500864,0.41293117,0.62205255,0.15717356,-0.22689658,-0.3218651,0.079847135,0.058292877,0.015771165,-0.19862536,0.22558655,0.00039921975,0.0,-0.11164888,-0.041354254,-0.0009987112,-0.0012861483,0.009016868,-0.06570661,-0.22741711,0.10452394,-0.10499514,0.014161527,-0.5142445
-0.124214426,-0.08014034,-0.40897745,0.00079269876,0.43418342,0.02379715,0.084899314,-0.64351887,0.16306478,0.027422741,-0.145838,-0.21259363,-0.023116337,-0.74144393,0.07086655,-0.3274854,-0.22778834,-0.17131178,0.47277597,-0.0067350953,-0.086065285,-0.3023942,-1.0318687,-0.05030799,0.09532981,0.5201901,-0.05456426,-0.1307818,0.018310053,-0.06671518,-0.41849932,0.0012404791,0.0,-0.5430298,-0.01618051,-0.023143554,-0.0006994693,-0.07546915,0.052202184,-0.35509115,-0.34276763,-0.07780899,-0.046849944,-0.09432949
-0.29040924,-0.12546209,-0.2862273,-0.0069272546,0.089849986,-0.26801145,-0.14412642,-0.49101433,-0.06795756,-0.10839017,-0.13888864,-0.23872547,-0.25016385,-0.8535135,0.24487823,-0.45270917,-0.2394974,-0.11487553,0.6497081,-0.048433192,0.005694985,-0.34848034,0.5964361,-0.020092443,-0.34504193,-0.36240995,-0.00327498,-0.008269255,-0.09526104,-0.08236496,-0.39828268,0.00039921975,0.0,-0.13313164,-0.030614477,-0.006645507,-0.0032218199,-0.064819045,-0.09451361,-0.012828591,-0.25217548,-0.05867373,-0.06323289,-0.03165924
0.24151027,-0.31920582,0.09087086,0.004564544,-0.15968189,0.10090165,-0.011659691,0.5298405,-0.08761482,-0.016441021,-1.0547304,0.22826065,-0.5022058,0.5074928,-0.060034137,-0.053848136,-0.1157201,-0.033570778,-0.42185482,0.06970437,0.013483033,0.39095792,-0.90764207,0.06071849,-0.22042657,-0.1441407,0.0068167183,0.06216748,0.042710003,-0.16842973,-0.6265254,0.00039921975,0.0,-0.048118565,-0.044080842,0.016795525,-0.0009190807,-0.033575185,-0.034525394,-0.16678602,-0.10056464,-0.09466565,0.08192971,-0.35310122
-0.25308508,-0.18572018,-0.38560566,0.009877236,0.04845028,0.10649013,-0.2529395,0.13238895,0.14994562,-0.25851643,0.8696156,-0.24635568,-0.047352485,-0.08566631,0.036133677,-0.3744247,-0.11284925,-0.020965153,-0.25562128,0.060359064,0.0065892735,0.20255372,-0.7712282,-0.34468803,-0.16023861,-0.26909122,-0.07045927,-0.34071442,-0.09518081,-0.5495914,-0.48534673,0.0012404791,0.0,-0.67747474,0.027636208,-0.004390743,-0.009831192,0.05793976,-0.44209382,-0.10809901,-0.056939386,0.09160829,-0.24045065,-0.071583115
-0.2549474,-0.14931256,-0.08377464,-0.007294403,0.34094313,0.124282725,-0.290396,0.16259415,-0.07263612,-0.092903085,0.6319035,-0.29732794,-0.31745625,0.33234298,0.090719864,-0.30029,-0.1397294,-0.19301775,0.48952574,-0.0992152,0.0038534233,-0.008733488,-1.2380692,-0.36682475,0.18818422,-0.19880521,-0.08134037,-0.14571482,0.021088835,-0.17408745,-0.2921728,0.00039921975,0.0,-0.1079751,-0.0043707765,-0.018538613,0.00812187,0.070534416,-0.3110741,-0.2836327,-0.051279195,-0.07441943,-0.35482386,-0.2727828
0.1292514,-0.22046477,0.048561532,0.009927617,-0.7198564,0.16314434,0.12741527,0.7397932,-0.059291087,-0.15686513,1.0121394,-0.31562668,-0.062226504,0.3407459,-0.23201376,-0.15173645,-0.1095492,0.52209246,-0.32050946,0.033995148,0.016074535,0.26880902,0.5707808,-0.021797432,0.15836261,-0.25283733,0.11348137,0.1425208,-0.0040917513,0.25184932,0.383074,0.00039921975,0.0,-0.04373865,0.01004758,0.011151817,-0.002982408,-0.07817843,-0.06419657,-0.2887422,0.19323114,-0.0062982705,0.18303716,0.21565256
-0.19616689,-0.27170348,0.21372832,-0.010110624,0.27319217,0.15763296,0.25180703,-0.29986212,-0.050669562,0.16035628,0.50690186,-0.22420883,-0.09402454,0.076123245,0.055382382,-0.28696236,-0.011146717,-0.006556395,0.7833248,0.06650654,0.011771738,0.39855856,-0.9873226,0.07221078,-0.27547476,-0.23510452,-0.046078093,0.02958912,-0.082343236,0.33408585,0.7151328,0.00039921975,0.0,-0.018748686,0.016935267,0.0080361385,-0.003069947,-0.058349703,-0.021361316,0.031317197,0.07063333,-0.0029488083,0.02432126,0.21788664
-0.14007834,-0.19658165,-0.62172794,0.0022419826,0.31546873,-0.48704427,0.036391284,-0.23716955,-0.076313004,-0.07483616,-0.23718275,-0.24910225,-0.10765647,0.3482147,0.067008995,-0.22003412,-0.14668852,-0.02968056,0.5430669,-0.044492878,0.0061647496,-0.38186127,-1.1578045,-0.22485256,0.17349581,-0.22415769,-0.083146885,-0.12414724,-0.12434741,-0.08114558,0.27583513,0.00039921975,0.0,-0.1037077,0.0072025396,-0.0025227189,-0.010153457,-0.06898242,-0.28547558,-0.18427679,-0.110765025,-0.019418545,-0.0346956,-0.46535635
-0.11449489,-0.16687158,0.1246572,-0.0028085145,-0.09243091,0.040031943,-0.034332927,-0.55437326,-0.07146789,-0.12437366,-0.18704931,-0.19454525,0.2667942,-0.9673124,-0.25670803,0.23600799,0.070664234,-0.06627172,-0.42173707,0.0036470438,0.01461851,-0.3212828,0.2497438,-0.27215827,-0.17811996,-0.40513825,0.0026553497,0.004046892,-0.12950951,-0.2745744,-0.37829202,0.00039921975,0.0,-0.08052075,-0.006504204,-0.003494519,-0.0012861483,-0.06932966,0.18887588,-0.032703828,-0.109256774,-0.02292488,0.0536118,-0.3770389
-0.03733979,-0.15253171,0.15340456,0.003241432,-0.12634006,0.09021663,-0.15710618,-0.2583796,-0.091874406,0.08660735,-0.9013355,-0.1480317,-0.113567926,-0.64384633,0.055908337,-0.30598587,-0.10082197,-0.24753194,-0.22466348,0.025600372,0.013057502,-0.059142113,-0.81063783,-0.045393027,-0.14837001,-0.26167086,0.022127114,-0.033009466,-0.021466587,-0.28789744,0.3090204,0.00039921975,0.0,-0.14072716,-0.00477945,0.0017063951,-0.009831192,-0.07251149,-0.035901733,-0.40660462,-0.11292005,-0.037747987,0.09977037,-0.21301498
-0.06866102,-0.20180644,0.20866676,-0.014184361,0.46500248,0.08803928,0.15363865,-0.83982563,0.19359875,-0.34412128,0.21364295,-0.14595485,-0.1944188,-0.10803135,0.017931892,-0.1953442,-0.06375293,-0.1677693,-0.33600074,0.006944477,-0.09979285,-0.28821522,-0.8330571,0.03567822,0.12819129,-0.28578353,-0.105576076,-0.10933437,-0.10142243,-0.08876277,-0.0894444,0.0012404791,0.0,-0.0243389,-0.059092745,-0.0305488,-0.009831192,-0.074833654,-0.10712599,-0.09300337,-0.2872403,-0.057575833,0.014426399,0.046507683
0.26667774,-0.28382996,-0.21223976,0.0031063335,0.42462784,0.063489966,-0.15585785,-0.2837184,-0.066890076,-0.062257506,-0.28076664,0.25020856,-0.44719234,0.24457607,0.020553306,-0.119651005,-0.0886263,-0.74846715,0.8037275,0.099907205,0.009091602,-0.5707061,-1.1182407,0.09615139,-0.20385273,0.2622109,-0.08382024,0.07289237,-0.12326508,0.19575739,-0.47576535,0.00039921975,0.0,-0.07598078,-0.02157538,0.03047588,-0.001141558,-0.03974205,0.058385212,-0.04456962,0.010993888,-0.024052357,0.16762114,0.14570998
-0.32389128,0.47360423,0.19035263,-0.004666851,0.19407696,0.069418184,-0.23059821,0.5639694,0.1832799,-0.18089288,-0.33731803,0.21633579,0.21049652,-1.240557,-0.17204376,-0.10220764,-0.20093408,-0.13234508,-0.3521483,-0.08442188,0.012209687,-0.06512031,0.42453462,-0.12564118,-0.15221222,-0.3121124,-0.08336546,-0.27754706,0.08729861,-0.4981029,-0.49255306,0.0012404791,0.0,-0.5600704,0.0033256437,0.010122187,-0.0012861483,-0.011420779,0.15658697,0.12730506,-0.14593385,-0.03803341,-0.26097506,-0.10103394
0.12932928,0.40918195,0.13173947,0.0026907497,-0.7298637,0.10661847,0.10463991,-0.37717506,-0.06677937,-0.16823554,0.30545333,-0.16100523,0.0010172898,-0.7687696,0.07896578,-0.3562209,-0.19303054,-0.27536952,0.5615204,0.03987007,0.007522245,-0.090346925,-0.9932663,0.07778438,0.07268932,-0.22379754,-0.06313328,-0.10089801,-0.020992547,-0.13923633,0.34052482,0.00039921975,0.0,-0.11321518,-0.02236925,-0.0004970408,-0.009831192,-0.04878095,-0.10812005,-0.52750134,-0.43062374,-0.019014072,-0.298392,-0.48039111
-0.16903946,-0.13946013,-0.18886335,0.0024987757,0.08209511,0.09626323,0.057099808,-0.019109588,-0.07263095,0.036665697,-0.28486562,-0.22609739,0.31117406,0.27601555,0.063693106,0.22982456,0.13256113,0.41653764,-0.34949833,-0.058431197,0.015455142,-0.01710136,-0.91680497,-0.299286,0.16283719,0.8179662,-0.08420615,-0.47035435,0.025321264,-0.6342855,-0.3008955,0.00039921975,0.0,-0.08605027,0.01603569,-0.011442027,0.0025389954,-0.04337176,0.12967321,-0.2225686,-0.11459929,-0.050217867,-0.028339498,-0.28462747
-0.29150772,-0.26065588,0.22504728,0.005610012,-0.28005764,0.07637382,0.096526794,-0.25937396,0.14554329,-0.057442643,-0.3007532,0.17529683,0.22359908,0.3957052,0.038952492,-0.16048229,-0.2087314,0.23729697,-0.46871427,-0.005456529,0.017011818,-0.40577394,-1.1491705,0.054686278,-0.41196674,0.2331983,-0.01809177,-0.054514546,0.04894179,-0.15920731,-0.46998385,0.0012404791,0.0,-0.7969964,-0.08767896,0.003952236,0.0024910057,-0.020945603,0.10638749,-0.22340886,-0.13048318,-0.026734024,-0.29100677,0.043103445
-0.30692276,-0.20004863,0.16965792,0.0030112795,0.009522944,-0.2500245,-0.22304927,-0.11263254,0.15291597,0.015754886,-0.34854442,0.2260224,0.19361712,0.52651787,0.1307621,-0.085217744,-0.21212937,0.25039834,-0.384656,-0.08213496,0.014407338,-0.034758445,0.85167706,-0.043530587,0.16116211,0.6984608,-0.083499596,-0.07167767,-0.0019949288,-0.006590591,-0.42286766,0.0012404791,0.0,-0.8227316,-0.025263269,0.015612073,-0.00020925229,-0.010792904,-0.010062316,-0.3152664,0.012536211,-0.062415883,-0.43380168,-0.23911445
0.34906706,-0.42061043,-0.1840157,0.001863153,-0.7588921,0.065030836,0.031166846,-0.6319906,0.15133768,0.067777686,-0.19035055,0.2682574,0.18274812,-1.089125,-0.117519125,0.7008482,-0.17028448,-0.11208402,-0.4561323,-0.021853592,0.0117446,-0.13687937,0.5309383,0.36651883,-0.23762494,-0.23616679,0.16392495,0.1141993,0.023459751,0.45101795,-0.30914423,0.0012404791,0.0,-0.55852723,-0.011823704,0.003551679,-0.00080153614,0.019763215,0.30987182,-0.14236772,-0.4375554,-0.01932907,0.12171245,0.36840495
-0.14111204,-0.19400714,0.13169433,0.0017293515,-0.82715005,0.10287506,-0.21968181,-0.7395726,0.15388577,-0.035982568,0.2888841,-0.21312885,0.20523414,-0.710106,0.081262454,-0.3539427,0.09166303,-0.5472073,-0.18916863,-0.033227116,0.01225061,0.14325695,-0.7466112,-0.04829589,0.30134743,-0.23556441,0.031244328,0.011869337,-0.020702004,0.39750737,-0.4177816,0.0012404791,0.0,-0.51778185,-0.047791593,-0.017474195,-0.0012248707,-0.04315973,0.05011668,-0.19827755,-0.2722818,-0.044745907,-0.0020397545,0.16945903
-0.02600591,-0.1694851,-0.14134072,0.0069070845,-0.33925557,-0.22026984,-0.0847807,-0.57479775,-0.06637373,0.033337574,-0.2088291,-0.15769565,0.09989974,-0.7653618,0.11545824,-0.27083054,-0.21632423,-0.14786284,-0.18204832,0.17979941,0.01051596,-0.06823026,-0.73682135,-0.03512724,-0.13853276,0.39363986,-0.068007186,-0.027753713,-0.15379085,0.0027936974,-0.427553,0.00039921975,0.0,-0.121379256,-0.011280082,-0.0035110435,-0.007037035,-0.05867964,-0.1484323,-0.123953775,-0.059125308,-0.05138285,-0.04896017,-0.14230695
-0.36411393,-0.18100774,0.23769283,0.0046479125,-0.37178734,0.065141454,-0.24318056,-0.67604655,0.14232725,0.040660787,0.18520439,0.18706463,0.21828644,0.2668559,0.062215038,0.09436936,0.103847906,-0.7192547,0.79813457,0.083666556,0.008977635,-0.14543118,-0.9545871,0.0053057782,-0.17803124,-0.41203532,-0.059005197,-0.050094742,0.060087662,-0.34608895,-0.42349067,0.0012404791,0.0,-0.43211854,0.02336311,0.024093032,-0.0009190807,-0.0009208828,-0.05194792,0.08446265,-0.038965102,-0.042724647,-0.10410958,-0.086346656
-0.013245423,-0.18047944,0.09156677,-0.024409922,-0.28268355,0.07203497,0.07127374,-0.20747326,-0.101094306,0.005957287,-0.28256807,0.11369381,0.011657868,-1.0636342,0.05831596,-0.14778152,-0.17178123,-0.6352743,-0.39756158,-0.07775321,0.018366566,-0.11577155,-0.83653694,0.079017736,0.19150044,0.56066966,0.054200925,0.020411544,0.038359918,-0.14376108,0.35035157,0.00039921975,0.0,-0.27286094,-0.01627872,0.0018374426,0.0018750757,-0.0052625886,0.104833625,-0.22293645,-0.047849577,-0.021508863,-0.04352515,-0.3650086
-0.30229938,-0.10909637,-0.12695853,-0.0043279016,0.055072997,0.07746879,-0.17613666,-0.64363754,-0.058665365,-0.07952827,0.23425828,-0.27352747,0.14775768,-1.1044146,-0.21491493,-0.5983411,0.13055894,0.38283893,-0.3805939,-0.1416566,-0.09603599,-0.1898671,0.37814045,-0.30227676,0.13268314,-0.30779254,0.048641127,0.045233775,-0.015381736,0.05624764,-0.32846197,0.00039921975,0.0,-0.057985354,-0.00050110696,0.003226466,0.00061031594,-0.001224038,-0.3937553,-0.29615456,-0.1437374,0.09554207,0.121598035,-0.26910943
-0.2982105,-0.23922454,7.5068325e-05,-0.00998565,-0.14610378,0.16356298,0.1481775,0.5190275,-0.061510075,-0.095984444,-0.39927304,-0.22532573,-0.07363672,-0.7808748,0.024078975,-0.26522526,0.09463016,0.42112333,-0.32576492,-0.13915777,0.015334571,-0.03011656,-0.6506198,-0.39403668,-0.1779983,-0.3177188,0.010047034,0.025292004,-0.09848928,-0.10940158,0.58637923,0.00039921975,0.0,0.0033030768,0.018832767,0.001451798,-0.0010495204,0.120229565,-0.05621277,0.0051150317,-0.1287184,-0.015110946,-0.18077405,-0.5039995
-0.029908046,-0.1576083,-0.6992435,0.0008798401,-0.19864142,0.13219701,0.080018446,0.25256464,0.16524643,0.06988995,-0.2812559,-0.14655995,-0.14317924,-0.8149473,0.03483971,-0.035275824,-0.23888838,-0.041140378,-0.21461375,0.003085704,0.01949559,-0.080099635,-0.6523057,-0.02580886,0.12611689,-0.2162004,-0.049046118,-0.24973935,0.067884155,-0.031052591,-0.09719885,0.0012404791,0.0,-0.100492746,0.02162264,0.021738203,-0.010153457,0.17855021,-0.0917877,0.25628966,0.12611666,0.24974796,0.05886714,-0.037099693
-0.3952789,-0.31436446,0.030084081,-0.0025434294,-0.04181663,-0.48358798,0.071044505,-0.22421105,0.14215076,-0.15322646,-0.39267012,-0.52828455,0.21441716,-0.0061135055,-0.2733539,-0.16107418,-0.010666421,0.21471483,-0.32696682,-0.0060852347,0.018619498,-0.08126181,0.5296884,-0.21398036,-0.2582514,-0.4822823,0.07404045,0.06568444,0.008774251,0.17216739,-0.40040678,0.0012404791,0.0,-0.79043585,-0.038741488,-0.005853584,-0.0007064819,-0.114451505,0.15143077,-0.2125611,0.07419677,-0.064138055,0.051120523,0.26226267
0.108845055,-0.12708801,0.11785277,-0.0053350735,-0.052425794,-0.28537142,0.034148056,-0.15336783,0.19275297,0.021460162,-0.2994014,-0.25425312,0.11359479,-1.0684211,-0.27469528,-0.16516118,-0.31161982,-0.15236922,-0.3251616,0.02320206,-0.101199135,-0.40780854,0.43634275,-0.08058546,0.10535902,-0.34923142,0.00092342123,0.015712028,-0.12590691,-0.19372183,-0.2951061,0.0012404791,0.0,-0.60869014,-0.041374505,-0.012853738,-0.0012861483,-0.08316062,-0.02306046,-0.062133256,-0.14299646,-0.028782545,0.13110755,-0.24092402
0.10887355,-0.30182895,0.1148917,0.0027434977,-0.031718332,0.059356745,-0.061218824,-0.7216446,-0.071121424,0.0069507565,-0.2847354,0.36147442,0.25124538,0.595451,-0.18663141,0.41033953,-0.26682872,0.0150749665,-0.5484886,-0.12362902,0.015999803,0.21475057,0.5048018,-0.108467706,0.22891653,-0.35561427,0.0056692683,0.022014057,-0.10460949,-0.27100462,-0.6455551,0.00039921975,0.0,-0.047670763,-0.03889678,0.004696334,-0.0012861483,0.02868684,-0.14529587,0.0023619882,-0.07521275,-0.106409065,0.06809139,-0.4000641
0.10165596,-0.49416938,0.06499482,-0.0014410234,-0.176053,0.10773909,-0.2447787,0.10179058,-0.07069572,-0.09771053,-0.32705453,-0.3874676,0.14453164,0.60796094,-0.24068409,-0.13885435,-0.012930443,-0.5632199,-0.26274306,0.0045856806,0.00893142,0.20627192,0.5739244,-0.03575647,0.1247654,-0.25419062,-0.14571346,-0.07110545,-0.116263054,-0.14780548,-0.43615067,0.00039921975,0.0,-0.11217652,-0.011419723,-0.012092396,-0.01019826,-0.06528857,-0.3913026,-0.15673423,0.14243741,-0.031968664,0.14363173,0.015969055
0.05550475,-0.23152412,-0.5944359,-0.0038834098,0.28807247,0.03031787,-0.3049773,-0.22093187,-0.059102952,-0.016847678,-0.3138844,-0.29185244,-0.2695788,0.32365933,0.26045877,-0.42849395,-0.10613596,-0.28098607,0.6254432,0.02076639,0.010737867,-0.5777556,0.8173303,0.08127644,0.2102345,0.2819854,-0.14728168,-0.13121964,0.029309357,0.10771452,-0.37661403,0.00039921975,0.0,-0.113923416,0.0045116763,-0.016355477,-0.01025044,-0.06652752,-0.123727806,-0.46466246,-0.014896572,-0.049709436,-0.047736898,0.08727742
-0.030280998,0.47435203,-0.5453411,0.0038049917,-0.13916011,0.08400874,-0.0142686255,-0.69320786,-0.09718029,-0.11587442,-0.12499481,-0.23535514,-0.24565919,-0.05963156,0.08360927,-0.30386725,-0.2656998,-0.21727674,-0.2787479,-0.03039442,-0.1356477,-0.14419235,-1.0321512,0.0342918,0.08268697,-0.2849377,-0.057414703,-0.22037418,-0.11203661,-0.49026233,-0.39764234,0.00039921975,0.0,-0.19317363,0.0071965195,-0.009121829,-0.001241345,-0.054885652,0.048683167,0.009559354,-0.25828403,-0.039916333,0.04720053,-0.31488228
0.21796264,-0.33009967,-0.36636776,0.0027516799,-0.09474573,0.113289006,-0.13496536,0.5580251,-0.05678774,-0.02127569,-0.27153584,0.38985816,0.39283204,0.53704864,-0.097012475,-0.021382077,-0.08815891,-0.19163969,-0.3588588,0.0018589045,0.016016634,0.21174097,0.684458,0.2941249,0.16475667,-0.21573018,0.22733209,0.17823598,0.05884694,0.39538574,-0.37889674,0.00039921975,0.0,-0.05274409,-0.026830528,0.0043847514,-0.0013704017,0.03474461,0.07317023,-0.12669167,-0.047293253,-0.017213192,0.06751932,0.29512286
-0.13934422,-0.12347396,-0.4966418,0.0013722761,0.30053905,-0.22694302,0.09575263,-0.53807926,-0.058701623,0.047366068,0.2173784,-0.24857815,0.03604244,-0.021902502,0.049416196,-0.48417604,-0.15708354,-0.20397682,0.558525,0.0074246684,0.0056203045,-0.16573158,-0.77123976,-0.29052946,-0.22290836,-0.24954686,-0.04755606,-0.32352933,-0.01213258,-0.4020651,-0.28971022,0.00039921975,0.0,-0.13399945,-0.006133527,0.003651897,0.0005371494,0.018697139,-0.4543625,-0.3477435,-0.21880302,0.18600442,0.04086598,0.017056245
-0.30795494,-0.18959169,-0.44773844,-0.0022685886,-0.12387979,0.1264388,-0.17631458,0.16805288,-0.07494789,-0.10624477,0.35209477,-0.41643098,-0.31507012,-0.082629144,-0.29952487,-0.42975572,-0.10854087,0.4287622,-0.37778935,-0.096595384,-0.15427805,-0.08883226,0.50433785,-0.33921358,0.18490264,-0.33898318,-0.13208842,0.020794056,-0.014981411,0.17070773,-0.35900328,0.00039921975,0.0,-0.070292145,0.0062710764,0.00029786484,0.0022115675,0.0053673694,-0.399701,-0.27149454,-0.16456284,-0.049225047,0.15902051,0.10635522
-0.16263609,0.57996225,-0.035644718,0.0007534648,0.46853694,-0.36151224,-0.20050459,-0.21586758,-0.06491194,0.028403874,-0.180629,-0.22005439,-0.13290663,0.24257661,0.06804991,-0.4106457,-0.15142268,-0.07930479,0.4401109,-0.17126195,0.012325748,-0.23817551,-0.98890305,-0.26057053,-0.2506911,-0.33602276,-0.07953404,-0.13073406,0.07386807,-0.040087212,-0.28666732,0.00039921975,0.0,-0.17415464,-0.0010040405,-0.007047274,-0.009831192,-0.055555493,-0.07229112,0.08609608,-0.015738621,-0.056883626,0.13346098,0.009472789
0.25798488,-0.3582011,-0.167619,0.0049035302,0.3621215,0.083294906,-0.034829028,0.25793383,-0.088545375,-0.044837434,-0.329535,0.2324082,0.40211725,-0.04516963,0.006745426,-0.00023223087,-0.0947785,-0.73428375,-0.5249056,0.005414651,0.019588236,-0.11071038,-0.86711675,0.05979493,0.13353436,-0.22217175,-0.14909713,-0.001107668,-0.0800885,-0.18241292,-0.53189296,0.00039921975,0.0,-0.067726254,-0.018154982,0.01672623,-0.001241345,-0.015989317,0.028555587,-0.021866143,-0.08808075,-0.083735764,0.05216377,0.08476557
-0.25450587,-0.044390306,0.27938575,-0.013474438,-0.04645069,-0.2988269,-0.19806468,-0.05642926,0.12908426,0.1690958,0.41958076,-0.26185933,0.04022907,0.36415648,0.1895049,-0.054651916,-0.03413646,0.5047105,0.68899995,-0.09900064,0.013665345,-0.28605908,0.8459772,-0.3120252,0.43948045,0.64743197,-0.039604157,-0.35737142,0.15658619,-0.46490023,-0.37577936,0.0012404791,0.0,-0.5588961,0.023820078,-0.014908173,-0.0024381138,0.06996591,-0.0622688,0.4268013,-0.030309323,0.09285605,-0.0553432,-0.123653695
0.025171358,-0.16952968,0.21469831,0.002627607,-0.14945337,0.10018566,-0.05022156,-0.91229415,-0.060996797,-0.037428822,0.23270144,-0.16199608,-0.2662439,-0.9278565,0.11409985,-0.26476347,-0.00073098467,0.34823695,-0.32498536,-0.02632457,0.014249928,-0.12127521,-0.7382675,0.0127274785,0.12449305,-0.3599996,0.022628363,-0.0065745357,-0.12667128,-0.17542242,-0.5232942,0.00039921975,0.0,-0.059909,-0.003456559,0.00051009207,-0.0025538737,0.12167556,0.120847516,0.012945837,-0.32177788,-0.056733303,0.13587813,-0.3851753
-0.2214636,-0.5236814,-0.35398427,0.007232815,-0.15806843,0.050126083,-0.17119011,-0.108176045,-0.07171827,0.023640592,-0.8549213,0.24722348,0.27237472,-0.055386126,-0.097893275,-0.046219185,-0.23262207,-0.5150143,-0.4266033,-0.11379753,0.013891533,0.42087266,0.7669534,0.06301002,0.06358539,0.5552887,-0.17582789,-0.13205466,-0.10067029,-0.1626148,-0.35593313,0.00039921975,0.0,-0.02233923,-0.031087225,0.016193172,-0.0012244108,0.011450485,0.13572341,-0.12368662,0.013561841,-0.037157558,-0.38769346,0.013099955
-0.20888904,-0.2823119,0.18719244,0.003498622,0.35893285,0.074760914,0.059684906,0.1096536,-0.06653143,0.008174222,-1.0055957,0.16434698,-0.3926728,0.26893967,-0.0027273027,-0.18363082,-0.061622556,-0.17550687,0.82437444,-0.044789314,0.007209309,0.19875394,-1.2071426,0.07276941,-0.2765822,0.22339702,-0.08616666,-0.19114466,-0.14267603,-0.13529229,-0.46576986,0.00039921975,0.0,-0.1200176,-0.02693982,0.024550721,0.0018750757,-0.034366604,0.13549681,-0.0881633,-0.16206318,-0.09251843,-0.11769268,-0.12099391
0.50350493,-0.22036602,-0.23374748,0.0012608786,-0.17087026,0.050372053,-0.20707761,-0.622561,0.16327283,0.036105312,-0.12105282,-0.26992604,-0.23374507,0.044048242,0.023605915,-0.31128994,-0.13047491,-0.17968516,0.63681996,-0.009105394,0.0076698847,-0.13337989,-1.0156795,0.09307876,-0.1973123,-0.21045856,-0.12567325,-0.0249278,0.026664255,-0.08935488,-0.10227227,0.0012404791,0.0,0.050043873,-0.07596802,-0.03610245,-0.001241345,-0.06945027,-0.04405202,-0.2997275,-0.36634204,-0.112744294,-0.16667426,-0.28453776
-0.08659145,-0.5991225,0.26338196,0.0017815024,-0.78504825,-0.3871614,0.09210681,-0.91493183,-0.052733082,-0.10232294,0.69952667,-0.20150879,-0.33868012,0.0031184503,0.09554764,-0.34498653,-0.16341482,-0.08620305,0.6431895,-0.02567859,0.011379308,-0.22085965,-0.93089575,-0.062460665,0.12330669,-0.33361706,-0.04968134,-0.0020943033,-0.11225838,-0.18365847,-0.32650638,0.00039921975,0.0,-0.09961225,-0.019614097,-0.006418016,-0.0009190807,-0.041182347,0.026218668,0.014689182,-0.27761388,-0.03983866,0.082898356,0.08123118
0.13258106,0.6973321,-0.14263862,0.0009690308,0.36297542,0.10439363,0.17769715,0.13928606,0.16628347,-0.119112134,0.69956744,0.3849027,-0.1908688,0.47692448,-0.072974496,-0.09975298,0.088454925,-0.119528644,0.67883015,0.01615896,-0.11187406,0.34256464,0.91459876,0.0013517243,-0.30987507,-0.20946774,-0.073530465,0.046185553,0.102567896,-0.13153924,-0.2680135,0.0012404791,0.0,-0.5112567,-0.022705644,0.023358332,-0.0007608137,-0.0029687576,0.090279646,0.31058952,0.20945057,0.01725319,0.1262238,0.034129404
0.4184507,0.60045767,0.16078243,-0.011082997,0.17635106,0.08414012,0.18964823,-0.6227279,0.18425304,0.094092704,-0.11666095,0.28263178,-0.16421437,-1.2994703,-0.11466512,0.5133791,-0.09025958,-0.12685597,1.1764205,-0.10696834,0.005271261,0.2775775,0.5141821,0.4034991,-0.118900046,-0.25797012,0.10041073,0.013699838,0.027185746,-0.21499507,0.062497187,0.0012404791,0.0,0.20053926,0.12416284,0.004740838,-0.0012861483,0.010563465,0.019913012,-0.1544409,-0.46024662,0.0031899763,0.0129874125,-0.19993968
-0.19165312,0.36843354,0.27992767,-0.0012705135,0.3088203,0.09885484,0.13479309,-0.30490422,-0.050292578,-0.09841126,-0.2580885,-0.2116654,0.07489924,-0.7052346,0.05601947,-0.3524683,-0.2274739,-0.21872443,0.51268995,0.07815581,0.00840235,-0.19335788,-0.7164934,-0.31941107,-0.18909343,-0.17963588,-0.05877877,-0.37469375,0.07950405,-0.5258767,0.3741626,0.00039921975,0.0,-0.04287131,0.017611247,-0.0010212702,7.869676e-07,0.068235375,-0.35176358,-0.10408548,-0.27033734,-0.01144086,0.071410745,0.03906765
0.0025365744,-0.26674291,-0.3142558,-0.0045516198,0.08027178,-0.3746805,0.18598954,0.019644769,-0.10030247,-0.07590973,-0.3231272,-0.33802265,-0.10668407,-0.082103066,-0.21096945,-0.1954925,0.10174564,-0.25443563,-0.43365407,-0.16494809,0.009449894,0.103412,0.6321906,-0.023701316,0.11486521,0.5669675,-0.07854475,-0.09173244,-0.018059853,-0.48724338,0.06138576,0.00039921975,0.0,-0.1476397,0.004688989,0.002461127,-0.000873172,-0.10521627,0.1288233,-0.44869778,0.036502324,-0.0053601856,0.056981053,-0.4154155
0.018604754,-0.26259506,-0.15853402,0.021957744,0.53340584,0.12184006,0.2563363,0.501472,0.13921349,-0.12800066,-0.21614808,-0.2834199,-0.07650178,0.4430647,-0.07899896,-0.16797902,0.086887695,-0.09577686,0.7201316,-0.004223444,-0.078245014,0.022755124,0.78326267,-0.05039758,0.18041794,0.31266886,0.17051634,0.233932,0.015510414,0.12105041,0.080715604,0.0012404791,0.0,0.19179478,0.022701086,0.0020119743,-0.010118781,0.13839017,-0.11070529,-0.22764719,0.28022012,0.13193929,0.013172973,0.105377264
-0.025429139,-0.17449561,0.053329375,-0.00032669143,-0.12612046,0.0873251,0.08194486,-0.83627367,-0.08086982,-0.21860155,0.4224287,-0.17058198,-0.07570603,-0.051723253,0.08869665,-0.26245594,-0.2158185,-0.3123041,-0.17877951,-0.14871156,0.017876646,-0.08739011,-1.04249,-0.08029196,-0.16955994,0.47723565,-0.08015047,-0.38494813,0.0071449466,-0.35186672,0.64580894,0.00039921975,0.0,-0.07136046,0.03746314,0.0017063951,0.0018750757,-0.05537173,0.1209589,0.1966754,0.08586759,-0.014125164,0.0953532,-0.100151084
-0.34041506,0.42015135,-0.099375255,0.0064895377,0.20425841,-0.40249172,-0.15821916,0.07984853,0.17773469,-0.19466496,-0.19288144,-0.25048107,0.133722,-0.7898986,0.07790185,-0.42966598,-0.26848596,-0.03150545,-0.29989588,-0.06869821,-0.07809213,0.30531535,-0.6073519,-0.46113035,0.080524,-0.19869263,-0.033106446,-0.33935404,-0.09187912,-0.5776161,-0.33133906,0.0012404791,0.0,-0.6406756,0.02030887,-0.0073194527,0.0021094605,0.062995516,-0.51915777,-0.05032701,-0.13031283,-0.020191941,-0.2169007,-0.2370558
0.070753925,-0.28341576,0.13495937,0.004976438,-0.71812415,0.086919285,0.04141819,-0.84806067,-0.058679625,0.066511214,0.26038393,0.2156064,0.18887554,0.33212724,0.042802744,0.39086005,-0.20138794,-0.23015007,-0.5207553,0.042725615,0.018040625,-0.052343097,-0.9070763,0.049394008,-0.22697519,-0.40786403,-0.014899893,0.05385482,-0.031736754,-0.22535299,-0.5630546,0.00039921975,0.0,-0.034327988,-0.012369927,0.008804617,-0.0009190807,-0.020070668,-0.16051519,0.14894551,-0.0546866,-0.05052691,0.054742254,0.019455254
0.14855619,0.6286837,0.31327766,-0.013740906,-0.29564372,0.117668845,0.12520814,-0.14906852,0.14281473,0.009533631,0.42616937,0.2545874,-0.15842012,-1.431125,-0.06532511,0.027252585,-0.041991033,0.3095718,-0.32820153,-0.09854774,0.016940648,-0.012922778,0.7280799,0.24812521,-0.099889986,-0.315011,0.19051674,0.12897666,0.03003348,0.41653413,0.009042734,0.0012404791,0.0,0.004935726,0.056951992,-0.007426545,-0.0007064819,-0.0052976715,0.045926996,-0.1655914,-0.37710887,-0.018904634,0.11927421,0.23727503
-0.4503359,-0.22739156,-0.38050467,0.004148256,-0.35911283,0.096985646,-0.22924525,-0.34778664,-0.045697577,0.0008369088,0.38253203,0.18518797,0.2598655,0.1758028,0.04322531,-0.17184429,-0.28907707,0.2565623,-0.3149631,-0.09733353,0.020925049,0.14882515,-1.2510753,0.06261425,-0.21367717,-0.31735632,0.051922727,0.09751386,0.01968859,0.25323388,-0.40263906,0.00039921975,0.0,-0.003452943,-0.04640693,-0.0025114848,-0.010259237,-0.011723705,-0.17916341,-0.28212,-0.13578692,-0.012464719,-0.38291323,0.24002369
-0.37166932,-0.23444404,0.17449352,-0.0048170513,0.28644612,-0.52172107,0.16599767,0.096151754,-0.049992066,-0.13872178,-0.30312198,-0.20655932,-0.097692154,-0.8669405,0.098068886,-0.44184798,-0.32953462,0.010078366,0.36214158,-0.015637426,0.008930494,-0.10390364,-0.79228544,-0.2273458,-0.11629344,-0.31439364,0.048874415,0.038017303,-0.01055898,0.244583,0.4854944,0.00039921975,0.0,-0.011854835,0.011219189,0.0010191763,-0.0012248707,-0.078204535,0.016292308,-0.30734214,-0.09492188,-0.02510415,-0.03540384,0.19611453
-0.27545565,-0.17735717,0.01572018,0.0017340953,-0.0716716,0.12302264,-0.22389503,-0.7124302,0.13950709,0.03392318,-0.1896546,-0.31050238,0.13292639,-0.024858586,0.069799006,-0.63881487,-0.154904,-0.10672974,0.53159934,-0.14592177,0.007153208,-0.16822012,-0.9278535,-0.42380857,0.1450285,-0.20652935,-0.050692376,0.07456754,-0.0267491,-0.122672215,-0.4348952,0.0012404791,0.0,-0.7748366,-0.010694774,-0.00080744736,7.869676e-07,0.0060602855,-0.37812495,-0.3050296,-0.33041772,-0.025209256,-0.33414415,-0.005922292
0.06489872,-0.26125997,-0.100930594,0.0046147825,-0.15252204,-0.40505245,-0.21046606,0.5315859,0.1475734,-0.08462619,0.3085191,0.25540328,0.24381426,0.24629186,0.16128673,-0.086878456,-0.11495001,0.30296603,-0.44691855,0.030925764,0.019492323,-0.7932663,0.67924327,0.009918396,-0.4109137,-0.34542286,-0.11156986,-0.038792387,0.027867977,-0.16899776,-0.45787448,0.0012404791,0.0,-0.76178586,-0.07294518,0.0045923945,-0.00046049018,0.011798069,0.0137274,-0.19861081,-0.08734298,-0.042637892,0.0129302,-0.03498907
0.23303016,-0.31076354,-0.3039753,0.0017522643,0.29659954,0.103941694,0.1490896,0.5013021,0.13340618,-0.0932838,-0.26816338,0.33688837,-0.33028013,-0.004043422,0.0689304,0.40113705,0.058986347,0.19403684,1.2238027,0.048259176,0.009830018,0.17739178,0.81570816,0.11440033,0.17975828,-0.24194878,-0.08827945,0.007710732,0.028386418,0.20203812,-0.19971853,0.0012404791,0.0,-0.59984016,0.058296002,0.017772673,-0.0013704017,-0.020156423,-0.05039911,-0.13598286,0.20437132,0.00532239,0.14319494,0.09872448
-0.17621762,0.48050734,-0.062399622,-0.0015245308,-0.23092386,0.081307635,0.117395386,-0.1990116,0.14578167,-0.19922708,-0.89469105,-0.24899276,-0.1377624,0.3699324,0.026180988,-0.27561733,-0.18243471,0.27925247,-0.3337354,0.10928548,0.0121883005,-0.34786478,-1.0885987,-0.44740543,0.26711896,0.22855936,-0.05009777,-0.15167475,0.037055995,-0.081937216,-0.08531045,0.0012404791,0.0,-0.24116427,0.05559454,0.026524205,-0.019332537,0.111384615,-0.120661646,0.03499926,-0.11229081,-0.012945426,-0.14619628,-0.24652447
-0.23824835,-0.47143355,0.22486587,0.007182433,-0.12573937,0.13628168,0.15473126,0.27685452,0.15843496,0.098920144,0.8892023,-0.28017002,-0.06241272,-0.06143933,0.052736275,-0.31481147,-0.23422368,-0.16454671,-0.3097019,-0.13045186,-0.15833454,0.037036538,-0.7714997,-0.27061284,-0.17729974,-0.2379483,-0.03617127,-0.28605142,0.07003274,-0.67297465,-0.43837577,0.0012404791,0.0,-0.5974254,0.024998015,-0.004390743,7.869676e-07,0.04252862,-0.43680903,0.039598748,-0.060179066,0.09178246,0.09728444,-0.06550501
0.085369356,-0.31507668,-0.13264713,0.0017469571,0.29304963,0.08460675,0.006938291,0.41980135,-0.07138858,-0.1276371,0.46683827,-0.20091137,-0.11874907,-0.109575585,0.24948587,-0.095907,-0.16331527,-0.11930631,-0.4339299,-0.020218885,0.01451978,-0.53256327,0.4959663,0.030529696,-0.31127235,-0.52307075,0.043264333,0.026865477,-0.119942024,-0.12779784,0.42521992,0.00039921975,0.0,-0.0721165,-0.0033218204,-0.0005388144,-0.010288855,-0.084906995,-0.23208158,0.048258577,-0.18433334,-0.02303763,-0.18156394,-0.4119577
0.074008584,-0.21804579,0.039842207,-0.008623733,-0.14748749,0.11440232,0.053217117,0.42528325,-0.07640273,0.013476732,-0.38170722,-0.16077037,-0.052134063,-0.6932105,0.07559768,-0.1517626,-0.079743445,-0.20044868,-0.39684168,-0.062281553,0.01169829,0.19567211,-0.71457607,-0.036955714,-0.26858053,-0.2529289,-0.08425493,0.016067402,0.11145002,-0.69594014,0.5373054,0.00039921975,0.0,-0.09997356,0.019660456,0.00047701568,-0.0007802318,0.14715001,-0.094398476,0.23788796,-0.025021484,-0.01934209,0.0072380267,-0.038357668
-0.30202287,-0.27027252,-0.5532516,0.0045769103,0.30447552,0.11212521,-0.08667788,0.6821853,-0.05194641,-0.053440213,0.41192698,0.11536466,-0.32771027,0.25198504,0.13116294,-0.117864564,-0.24856766,0.332006,-0.36415365,0.03865566,0.018691534,-0.43382615,-0.9992954,0.011942959,0.26199913,-0.2847681,0.031184806,0.05092751,-0.052180614,-0.0829033,-0.45291314,0.00039921975,0.0,0.052590773,-0.0055976976,0.0044921273,-0.0005774253,-0.05056956,0.092163466,0.084983535,-0.19170737,-0.055587642,-0.21429883,0.036423415
-0.06866593,0.7232665,0.2371106,0.008522605,0.5704605,0.1318422,0.1706385,0.21731561,0.15683463,-0.100345045,-0.83326226,-0.27691194,-0.10605159,0.092559256,-0.09515453,-0.15906347,0.1897606,0.23255369,0.8297023,0.021382239,0.009545811,-0.49424404,0.4990014,0.12079289,0.1894757,-0.20553127,-0.08380088,0.0069137607,-0.07604525,0.015067421,-0.06676687,0.0012404791,0.0,-0.01531999,-0.058332168,-0.016943598,-0.01019826,-0.046964835,-0.014330153,-0.010774683,-0.022421649,-0.040461317,0.06969045,-0.28367937
-0.10238061,-0.44384015,0.10392746,0.012644948,-0.49560264,-0.49458325,0.099168696,0.41868004,-0.07344993,-0.08598627,0.35158056,-0.3368616,0.08431777,-0.051885683,-0.19579634,-0.27227154,-0.23434384,-0.28881994,0.48845825,-0.12644787,0.011107882,-0.25564387,0.3951224,-0.34644708,0.14314944,-0.3016328,-0.046604056,-0.103952646,0.09557269,-0.6034258,0.3813361,0.00039921975,0.0,-0.05576401,0.007072866,0.0008789308,0.0024026225,0.029119264,-0.26692238,0.23644696,0.031036038,0.093302816,0.04550151,0.049676616
-0.1686365,-0.10943485,-0.031477742,0.019925127,-0.0490621,0.12909757,0.14207026,0.15096372,-0.06623788,0.16154438,-0.3303353,-0.3106223,-0.0033201252,0.33100778,-0.22289537,0.03049795,-0.03688608,0.48196152,0.9079843,-0.011654571,0.008561419,-0.031261038,0.8292363,0.042754658,0.22009376,0.55015,-0.05309571,-0.114901625,0.13454026,-0.022447504,0.4016298,0.00039921975,0.0,-0.038568165,0.0020956886,-0.0011320484,0.0009483481,0.11047404,0.013238171,0.24210207,0.09352882,-0.002870248,0.025539944,-0.12505257
0.02823635,-0.2903574,-0.33697778,0.004472172,-0.12315732,-0.37027133,-0.20263967,-0.15219972,0.12695216,-0.037939433,0.3121935,0.2790843,-0.2661055,0.20699617,0.15153433,0.03827819,-0.16067585,0.38688412,-0.32060683,-0.031397946,-0.21609014,-0.68790436,0.7532883,-0.0092945425,-0.3187841,-0.49148208,0.030842263,-0.01003213,-0.06952055,0.111807756,-0.36991987,0.0012404791,0.0,-0.6063922,-0.0022740879,0.0031835388,-0.0007064819,-0.027013082,0.02789518,0.02482057,0.09969434,-0.033278264,0.031133104,0.13567455
0.25888398,-0.22847514,-0.1165466,0.00519368,-0.9473773,0.081399605,-0.08819321,-0.7611768,-0.07468614,0.025317298,-0.1902165,0.21175258,0.22084805,0.26399976,0.07771437,-0.13561395,-0.1506944,-0.24981216,-0.3979694,0.13390522,0.012883944,0.14794773,-0.90146077,0.081321925,0.08455279,-0.19694738,-0.1145393,0.05016941,0.037358504,-0.08981326,-0.3960553,0.00039921975,0.0,-0.04186723,-0.043951247,0.012874346,-0.001241345,-0.017359478,0.104025446,-0.2617073,-0.053268652,-0.072601564,0.122472234,-0.24878119
-0.08305435,-0.21995191,-0.052574605,-0.0023724907,0.37825462,0.051829338,0.112467565,-0.86398035,0.1894823,-0.2533845,0.23738259,-0.3441396,-0.33270982,0.24758075,-0.32157975,-0.13246399,-0.115017466,-0.22608027,-0.2619253,-0.05934846,0.012398938,-0.55319774,0.46137235,-0.047061928,-0.3026877,0.7414635,-0.031142099,-0.24758247,0.03388176,-0.15676025,-0.45944476,0.0012404791,0.0,-0.59169734,0.04834957,-0.0043775956,-0.01025044,0.11035701,-0.1884181,-0.0253685,-0.08671214,0.07442862,-0.1069088,0.13813573
0.2415772,-0.15089312,0.11088728,-0.006750439,0.30223688,0.014941327,0.2694495,-0.43730456,-0.06271642,0.057869367,-0.14952789,0.3029457,-0.17414479,-0.0025833063,-0.14116009,0.73681253,0.26172516,-0.1322702,1.014885,0.007823498,0.008986902,-0.5204634,0.6387243,0.33925906,0.1277339,0.39896455,0.1584988,0.25105107,0.024998799,0.3754732,0.3201422,0.00039921975,0.0,-0.07387676,-0.007984146,0.0014149854,-0.0012066694,-0.0001596142,0.29750112,-0.2682203,-0.17824918,-0.022712598,-0.0015090556,0.284664
-0.110834494,0.80847335,0.25586304,0.0039882343,-0.12161942,0.113448955,0.09828012,-0.7932844,0.14740022,0.009886423,-0.1640184,-0.3013531,0.14044905,0.34451723,0.08523917,-0.27764213,-0.112372644,0.28810468,-0.2715141,-0.045062855,0.016475141,0.17118286,-1.0336422,-0.24602097,-0.16250364,-0.2688923,-0.0277788,0.069630295,0.033508595,-0.14642455,-0.4851224,0.0012404791,0.0,-0.8452349,-0.05721607,-0.01387037,-0.00025516097,-0.062151786,0.08921033,-0.15597852,-0.100337334,-0.064426154,-0.0029651523,-0.04701419
-0.055963285,-0.14582546,0.058128588,0.0041109608,0.39814872,0.07608128,-0.053052247,-0.478069,-0.065417424,-0.012497424,-0.20419829,0.12057905,-0.3240282,-0.77274185,0.02579585,0.46267563,-0.08776561,0.273802,-0.43668574,-0.1202647,-0.12664896,-0.28970462,-0.6315861,0.0057237437,-0.09766475,-0.34926113,-0.08416258,-0.01428668,0.02431822,-0.090634406,-0.43981975,0.00039921975,0.0,-0.006368057,-0.025953893,0.0014964119,-0.001241345,-0.04573693,-0.13954622,-0.20667638,-0.1913939,0.010848844,-0.14777277,-0.3636207
0.026327372,0.65407544,0.34655726,-0.009495854,-0.04852411,0.13267481,0.16262197,0.6968084,-0.085576974,0.111771844,0.9787934,-0.3961916,0.26470268,0.12895393,-0.25176015,-0.21644366,0.20559679,-0.23938781,0.95512176,-0.05431407,-0.0987917,-0.47400826,0.5450971,0.06556517,-0.19384673,-0.24987045,-0.113615826,-0.1674909,0.028381597,0.062229604,-0.41287813,0.00039921975,0.0,-0.10892492,-0.004993637,-0.016352914,-0.0012861483,-0.065611295,0.044965144,-0.18498677,-0.07799806,-0.02382892,-0.00012918003,-0.055495184
0.11666905,-0.3812873,-0.13620935,0.0053472472,-0.7261299,0.09485703,0.031942796,0.52880216,-0.065152384,0.12697452,-0.30364123,-0.2288521,-0.1625618,0.37367073,0.045928307,-0.1721485,-0.08049118,-0.5146452,-0.32751048,0.017780643,0.013539732,0.33080116,-0.9175166,0.024323225,-0.2118663,0.14048597,-0.10785927,-0.031075493,0.06789998,-0.13956751,-0.46749187,0.00039921975,0.0,-0.09456336,0.010370484,-0.014871002,0.0024910057,-0.03336757,0.10320158,-0.08712232,-0.15788172,-0.022292666,-0.16773604,-0.030693153
-0.10427018,-0.21681517,-0.23105635,-0.0069408747,-0.881465,-0.40173432,0.036844876,0.1245307,0.1666329,-0.17694563,-0.7387476,0.18314525,-0.29056463,-1.5080625,-0.14761929,-0.07838538,-0.028881008,-0.07441977,-0.37621403,0.063686915,0.011281106,-0.04204557,0.4349856,-0.082120575,0.096897185,-0.2755005,-0.072270684,-0.031537175,-0.104877666,-0.19208923,-0.41726002,0.0012404791,0.0,-0.7675775,0.06573556,0.008828478,-0.0012861483,-0.017741919,0.05796076,-0.02485841,0.043933533,-0.013214759,-0.12751669,-0.16526233
-0.16712254,-0.18192096,-0.040587112,-0.009899585,-0.1862081,0.11058531,0.18774539,-0.25072092,0.14042777,-0.17304365,-0.2328924,-0.21348092,-0.14325057,0.009707972,0.02856161,-0.21076192,0.102191396,-0.7093938,0.4277811,-0.04220044,0.009243125,-0.27623516,-0.9602346,-0.40068072,-0.21702297,-0.21493155,-0.13451523,-0.33575514,0.021835782,0.061372325,-0.12290657,0.0012404791,0.0,-0.047284313,0.039456144,0.027202966,-0.0101369815,0.11113484,-0.021650378,0.2821471,-0.15056248,0.1839157,-0.21465218,0.08703625
0.062341053,-0.25441802,0.18310264,0.004968524,-0.4757324,-0.42912984,0.010938866,0.22282505,-0.08428314,-0.0109906085,-0.35067487,0.18038444,0.3728848,-0.024500005,0.0029015644,-0.057392336,-0.18005873,-0.24704783,-0.43327352,-0.10939607,0.016573979,-0.38179976,-0.82360464,0.03501938,0.13215809,-0.2704073,-0.11070253,0.05519436,0.007673371,-0.1625018,-0.4713198,0.00039921975,0.0,-0.046187915,-0.02450019,0.0070861047,-0.0009190807,-0.017768608,0.11838632,-0.2177349,-0.17789078,-0.04806103,0.08716358,-0.3524901
-0.38918912,-0.31306458,0.054149196,0.00052521704,-0.035157293,0.12397754,-0.15796566,-0.6032392,0.1337878,-0.08039697,-0.25844556,-0.4541173,0.11341531,0.019442054,-0.284426,-0.234776,-0.022357183,0.35930812,-0.3429786,-0.14445595,0.01470626,0.14051121,0.5482972,-0.029211735,-0.4131766,-0.46517107,0.031626463,0.0056442157,-0.06967114,0.14173473,-0.4927129,0.0012404791,0.0,-0.8593966,-0.06469123,-0.011252959,-0.00036989478,-0.121719755,0.05663971,0.050373554,0.037598338,-0.07091521,-0.0069473027,0.14571607
-0.22519368,-0.13971502,0.1309906,0.005678077,-0.09561298,0.1229781,0.15954508,-0.31808484,0.16409166,0.04952333,0.31402364,-0.33683068,-0.27447098,0.003110601,0.04498669,-0.49372694,-0.040009227,-0.104052775,0.67353976,-0.093248755,0.006925181,0.01589874,-0.89680266,-0.369928,-0.24051152,-0.24751782,-0.086448245,-0.29242504,-0.095826104,-0.5044891,-0.3125859,0.0012404791,0.0,-0.50729746,-0.005588775,-0.017437357,7.869676e-07,0.028947989,-0.29592934,-0.08267285,-0.057769593,-0.030734144,-0.26008606,0.033756122
0.01835499,0.4045138,0.22327375,0.0013995847,-0.010746884,0.06670233,-0.12953797,-0.9091944,-0.07952433,-0.096802644,0.8909102,-0.13050416,-0.13886812,-0.69942206,0.110471435,-0.2311461,0.112545714,-0.5848827,-0.2191301,0.07238153,0.010864698,-0.40114182,-0.89671636,0.032762524,0.091656365,-0.30423266,-0.10901914,-0.06902316,-0.01589455,-0.200977,0.24923144,0.00039921975,0.0,-0.11775477,-0.012529895,0.0017063951,-0.0009190807,-0.07280344,0.040282622,-0.4051153,-0.24293321,-0.026774354,0.09798952,-0.250596
-0.30959517,0.5087055,-0.36258808,0.0023389151,-0.4925856,-0.60191846,0.040740624,0.42648527,-0.091273636,-0.02752675,-0.23489697,-0.18102787,-0.12741,-0.7013766,0.079192355,-0.20029192,-0.20184368,-0.17935148,-0.3179102,-0.12957832,-0.15144251,-0.073813014,-0.89894384,0.04977409,-0.18005024,-0.2630082,-0.07574711,-0.05116758,0.060020104,-0.189486,0.512906,0.00039921975,0.0,-0.08353964,0.008026673,-0.005675984,-0.000625415,-0.067777134,0.12695245,0.05100042,-0.18925416,-0.022237273,-0.00023311912,-0.4260756
-0.29458115,-0.16985147,-0.5156647,0.00013015053,0.0064940774,0.084852904,0.08647537,0.35424218,-0.066616766,-0.059673954,-0.2813904,0.31421837,0.29750788,0.4323464,-0.124231875,0.434958,0.12568137,0.007945707,0.94854367,-0.08089235,0.011330288,0.18904379,0.76790714,-0.008197266,-0.19062042,0.68729514,0.01858915,0.071386464,0.07537557,-0.17399421,-0.3632368,0.00039921975,0.0,-0.011651766,-0.021705674,0.021914128,-0.0012244108,0.021445813,-0.11741981,-0.1993771,0.11485574,-0.012758126,-0.1855044,-0.030600738
0.16962051,-0.2865934,-0.036624815,0.019691763,-0.19572785,-0.3683595,-0.12746572,0.45039907,-0.083108634,-0.031946816,-0.297692,-0.30169502,-0.13858907,-1.0775946,-0.29527876,-0.18412189,-0.0805703,-0.29076436,-0.3768011,-0.18046866,0.018041724,0.13475832,0.31403923,0.043566607,-0.16544624,-0.29439253,0.027124941,0.0014529142,0.023119606,-0.16158451,0.46807232,0.00039921975,0.0,-0.043822132,-0.0025926016,0.002199818,-0.0012861483,-0.09339262,0.13930385,-0.24827549,-0.17958006,-0.021012183,-0.22488028,0.20655207
-0.18219246,-0.25221422,0.18769117,0.008781046,-0.8107983,0.10793009,-0.2399335,-0.25598553,0.17881115,-0.07449022,-0.23510265,-0.28376424,0.11135428,0.26067764,0.07203242,-0.25895426,-0.19387119,-0.5210776,-0.2908624,0.0017456498,0.010329742,0.48121858,-1.06444,-0.04071992,0.12509297,-0.18613368,-0.00062376657,-0.103949115,-0.0071999165,0.037918694,-0.3379071,0.0012404791,0.0,-0.5850631,-0.062688746,-0.018585896,-0.0009190807,-0.05389631,0.11632434,-0.14111432,0.06835678,-0.056222666,-0.018074999,-0.31401676
-0.32532337,-0.1852951,0.007099162,0.0011338715,-0.15301967,-0.34003407,0.062369075,0.3586082,-0.07145945,0.0044673365,-0.8949973,0.20083787,0.39222798,-0.96404004,-0.011993424,0.02776417,-0.17146024,-0.014782663,1.0748227,-0.081524596,-0.10433422,-0.10520035,-0.8713928,-0.018280134,0.09182793,0.26868767,0.0058739,0.011778562,0.059528522,-0.18245229,-0.305067,0.00039921975,0.0,-0.02046889,-0.026688846,0.022528576,-0.0006994693,0.012924746,0.032942582,-0.21101472,0.025066506,-0.023228435,-0.09592937,-0.33339724
-0.13750426,-0.33934852,0.10413471,0.002489913,-0.10456439,0.10306285,0.0067566945,0.46847853,-0.069258794,-0.07549804,-0.3877931,0.28984424,0.27473623,0.3050455,-0.14343123,0.29462016,0.15819931,-0.10243433,-0.47876486,0.058704477,0.012314942,0.02296469,0.5618203,-0.17853144,-0.27957875,-0.3843518,0.00072043063,-0.0060008937,-0.09684489,-0.19473802,-0.6126681,0.00039921975,0.0,-0.015726635,-0.010137567,0.008689212,-0.0012861483,0.020096935,-0.052682877,0.018351449,0.09639159,-0.079874516,-0.37889144,-0.15048374
0.18510872,-0.23145486,-0.031359315,0.0040232763,-0.15989856,0.06941629,-0.20355329,-0.464577,0.20009196,-0.13911329,-0.2094061,-0.2919382,0.046365246,0.29065183,0.083030686,-0.18575813,0.029568687,-0.5831167,-0.26742604,0.09337418,0.011543216,0.15053618,-0.9416482,-0.014962529,-0.18225113,0.25233275,-0.018628983,-0.07900911,-0.1476268,-0.056427687,-0.34304824,0.0012404791,0.0,-0.61982304,0.055157218,-0.0016609044,-0.0006994693,0.08219382,0.13909759,-0.14027175,-0.04140918,0.14129,-0.04958684,0.0799878
0.19765554,-0.27754188,0.048969623,-0.011811244,0.33279678,0.08547485,0.1598007,-0.092078716,0.16630031,-0.09420503,-0.6472994,0.33850145,-0.22634393,0.31301743,-0.009769177,-0.009654712,0.27257648,-0.06798136,-0.340749,0.035279084,0.0179138,-0.5810786,0.78649414,0.29221466,0.4013592,-0.25556484,0.15996614,0.17366394,0.04040035,0.24862905,0.12320884,0.0012404791,0.0,0.16804624,0.0026175617,-0.0054446626,-0.0013704017,-0.002264556,0.051609866,-0.1301719,0.12473223,-0.0015425996,0.031107618,0.25079912
0.09447836,0.60881764,0.3375352,0.006537911,0.040359847,0.08101503,-0.0027382611,-0.20108874,0.35922217,0.09349557,0.45689487,0.16231701,0.17435989,-0.9783986,0.085505426,0.58888173,0.040276762,0.43920457,-0.32490635,0.16589047,0.023825713,-0.027054824,-0.87431306,0.09625846,0.3196111,0.50251085,-0.008815283,0.050781317,-0.11352681,-0.17857763,-0.37800416,-0.011950837,0.0,0.070012376,0.03292475,0.0014964119,0.0025389954,-0.017638996,-0.10354492,0.021202238,0.19760379,-0.023150869,0.11991727,0.0040114536
0.1751187,-0.18026115,-0.06409141,0.010600429,0.044115,0.07506535,-0.07690635,-0.8369796,-0.06082153,-0.03918773,0.37417784,-0.24152912,-0.044937372,0.5517273,-0.2869357,-0.11129436,-0.06541633,0.65547454,-0.23341952,0.10159001,0.021028034,-0.012613258,0.6871374,0.018435404,0.13743955,0.6064236,0.034408003,-0.01399737,-0.12507834,-0.16589436,0.5783303,0.00039921975,0.0,0.004942082,0.033749025,6.933481e-05,-0.0005604911,-0.08560543,0.1692885,0.15404458,-0.057445336,-0.0185611,-0.22236663,0.11088611
-0.22374721,-0.4424723,-0.34747505,0.0026154374,0.0130149815,-0.25051007,0.017953305,-0.6843901,-0.06111857,0.03706315,0.18626952,-0.1515418,-0.1380226,-0.779329,0.08519229,-0.20253128,-0.023808535,0.45908,-0.19467285,-0.1183023,0.017103894,-0.2606066,-0.95270437,0.102766946,-0.28561988,0.81281394,-0.0026488584,0.01742992,0.014702853,-0.1990462,-0.34724802,0.00039921975,0.0,-0.05339976,0.017741032,-0.004406302,0.00021678425,-0.05166264,0.09080875,-0.29517445,-0.22300544,-0.08029093,-0.048768777,-0.43539733
0.10269869,-0.55104035,-0.38808262,0.0003892034,-0.24657398,0.026404269,-0.061013877,0.37377447,-0.081272155,-0.039357983,0.37813446,0.17139304,0.3472821,-1.417931,0.23850788,-0.043436594,0.041320257,-0.7682695,-0.4947286,0.052244246,0.017051892,-0.5646004,0.49619114,0.009385512,0.080081485,0.35360405,-0.17131333,-0.038177066,0.011600299,-0.1532757,-0.39618835,0.00039921975,0.0,-0.041780956,-0.021872321,0.00954745,-0.0012244108,-0.0012844935,0.091136344,0.25745505,-0.15916905,-0.052449442,-0.019539753,-0.29962924
-0.13487622,-0.2551459,-0.2643047,0.008372648,-0.9133433,0.093900345,-0.17488049,0.10127159,-0.08187757,-0.1442459,0.40185592,0.2621667,-0.3220266,-0.03964833,-0.18158236,-0.07721672,-0.25270778,-0.25389826,-0.46681368,-0.022459384,0.010498958,0.3716307,0.6165497,0.008276063,-0.15068474,-0.32060915,-0.1415416,-0.035615526,0.013716213,-0.16228674,-0.446864,0.00039921975,0.0,-0.0918885,-0.036020517,0.0051793223,-0.0013767437,0.0039796745,-0.09819123,-0.27350536,-0.007698561,-0.089595556,-0.37301663,-0.15503506
-0.18682638,-0.21463002,0.24341078,0.0011125547,-0.09393122,-0.35550112,-0.14358535,-0.45944256,-0.05894511,-0.07295151,-0.16395716,-0.28344294,-0.2782469,0.41009188,0.042263955,-0.3939114,0.022978257,0.6022654,0.6130023,-0.050929032,-0.07438526,-0.08022884,-1.1640948,-0.24085759,0.1543709,-0.29794827,-0.062374968,0.008936626,0.008195579,-0.009839661,-0.29876953,0.00039921975,0.0,-0.038080998,-0.007324665,-0.01141246,-0.00025516097,-0.07251648,-0.065407366,-0.23543447,-0.03845894,-0.048832133,-0.10568732,-0.17356323
0.21395898,0.8668072,-0.00227707,0.00029108181,0.26440662,0.07624511,-0.25414717,0.55881256,-0.07483927,0.0016675465,-0.18581791,-0.29242092,-0.14207298,0.2709599,-0.005089475,-0.25781405,-0.062135193,-0.28236642,0.55749875,-0.063737,0.010623606,-0.08934636,-0.96882784,0.11327246,-0.29021984,-0.18765597,-0.1053645,0.027526949,0.026059575,0.0019433013,-0.4145338,0.00039921975,0.0,-0.10957978,-0.0008880729,-0.020325307,-0.0009190807,-0.073437676,0.08983656,0.1926365,-0.03431823,-0.057805594,-0.31817514,-0.31816894
0.04417369,-0.069634825,0.25509062,0.012748938,0.05824003,0.10983728,-0.14240198,-0.13781533,-0.06463367,0.23131932,0.49500233,-0.13483483,0.004178674,-0.71753395,-0.27263904,0.1525074,0.041157052,-0.23651445,-0.18141143,0.107256606,0.017470282,-0.3663622,0.46451956,0.00554369,-0.20615636,-0.30897796,0.07905621,-0.12793404,0.22119106,0.054997154,0.71257746,0.00039921975,0.0,-0.11101087,-0.004313516,0.0018536954,0.008415032,0.2166196,0.04766856,0.5469903,0.05631036,-0.037516564,0.19311531,-0.093148805
0.082160056,-0.3223648,-0.06233882,0.009287505,-0.106781594,0.07517279,-0.15129769,-0.5866151,-0.085490935,0.047954485,-0.2221208,-0.3542032,-0.07253033,0.40321794,-0.2876847,-0.13840164,0.050260242,-0.8241011,-0.30628058,-0.0028858487,0.012451202,-0.5205395,0.4068397,0.022043113,-0.30095568,-0.28239384,-0.09886401,-0.027552342,-0.123455346,-0.074620456,0.49455914,0.00039921975,0.0,-0.09090605,0.0030127324,0.0005300459,-0.01019826,-0.095967606,-0.1983865,-0.11163353,0.023248006,-0.021670848,-0.21534376,-0.22991142
0.3863085,-0.13243516,0.27504307,0.008628317,0.025326805,0.12970532,-0.1616308,0.26955318,0.1655483,0.090027384,-0.19409871,0.27520213,0.3608394,-0.0050404267,0.056281507,0.002301807,-0.12779318,0.08542388,1.3223233,-0.049751863,0.008848421,0.48701605,-0.9588602,-0.01686563,0.16105759,-0.25881988,-0.059458245,-0.0348968,0.10419464,-0.16347289,-0.18813571,0.0012404791,0.0,-0.3633296,0.10098873,0.02054884,-0.0009190807,0.010117875,0.13359119,0.06439089,0.20717217,0.011521837,0.24703497,-0.14928591
-0.14742039,-0.12936266,-0.15554343,-0.01467664,-0.18674012,-0.32139993,0.015881905,0.40432513,-0.075010665,-0.07934193,0.37804672,-0.29048738,0.18568361,-1.3475852,-0.3348444,-0.28595674,0.058076713,-0.26638955,-0.3849948,0.09771392,0.012671469,-0.068160124,0.43113634,-0.052766122,0.10661514,0.4724651,-0.072286606,-0.079230815,-0.15666614,-0.20327541,-0.39139986,0.00039921975,0.0,-0.11051517,-0.00011169934,-0.0054666265,-0.000873172,-0.0929738,0.114423856,-0.103358954,-0.14629433,-0.027619842,-0.026725778,-0.10615305
0.09670419,-0.28261328,-0.43870628,0.009396775,0.13187627,0.046899207,-0.087493055,-0.8099013,-0.07702914,-0.012446405,0.26937255,0.35290858,0.24304219,-0.049469084,-0.17683631,0.22974531,-0.2350592,-0.22589701,-0.5031807,-0.083170876,0.011475689,0.31205052,0.5681394,-0.07959151,-0.36025596,-0.47851977,-0.09322167,0.1538071,-0.07857651,-0.55490994,-0.27247408,0.00039921975,0.0,-0.09949815,-0.030971332,0.0012054704,-0.0006702183,0.008362249,-0.1630706,-0.0013971217,-0.053503886,-0.06903178,0.058975622,-0.22330183
0.12938893,0.46961614,0.1529651,0.004042029,-0.82521904,-0.31178072,-0.025257027,0.23140354,-0.0778469,-0.15547594,1.0413911,0.14046693,-0.36243433,-0.74274427,0.08426933,-0.0016613454,-0.2234429,-0.26236266,-0.32702425,-0.039382387,0.01178258,-0.35866848,-0.7997817,-0.009962959,-0.25671813,-0.30410278,-0.010564633,-0.0703394,-0.07472975,-0.49513978,-0.50328475,0.00039921975,0.0,-0.10274279,-0.034451958,0.0070861047,-0.00030315068,-0.033080645,-0.03670617,0.031784907,-0.17420658,-0.038209252,0.112813585,-0.1455507
0.019959886,-0.26469818,0.18433394,0.0037224335,0.33214867,0.07776302,-0.018300807,-1.0383376,-0.064616255,-0.13119394,0.7929407,-0.19092587,-0.25589877,-0.07306929,0.091511205,-0.2983344,-0.22076645,0.4701329,-0.335154,0.020842314,0.011797588,-0.24062076,-0.9127465,-0.03403274,-0.19962692,-0.33261344,-0.07861986,0.11890607,-0.12711278,-0.03853223,-0.36316606,0.00039921975,0.0,-0.09826023,0.010354163,0.002327878,-0.0024840226,-0.055043664,-0.09609161,-0.08780086,-0.22515567,-0.033404507,-0.20533462,-0.074725755
-0.19237767,-0.22568823,-0.66718787,-0.010585118,0.09965012,-0.30379477,0.12223584,-0.15066923,0.14964908,-0.19262931,-0.18804838,0.20886414,-0.31186783,-0.080211125,-0.012756948,0.6696109,-0.07908016,-0.06948501,0.8920007,-0.06743313,0.009076126,-0.47514865,-1.139456,0.26591676,0.12833567,-0.31607854,0.14844231,0.11564257,0.044481035,0.30254957,-0.07572398,0.0012404791,0.0,-0.010491431,0.048980426,0.0004752332,-0.0013471262,-0.02848698,-0.045691125,-0.17949735,-0.3875152,-0.03956286,-0.14251606,0.23628744
0.003918635,-0.20905893,0.11265685,0.0038189646,-0.107659735,0.08696351,0.11277338,-0.26083478,0.16052476,-0.2838197,0.33106512,-0.27050045,0.07106325,-0.022982206,0.06722692,-0.33958653,-0.27849886,-0.18891408,-0.20675927,0.0072750114,0.015965406,-0.13100861,-1.0216544,-0.13034868,-0.19914338,-0.35421312,-0.048140086,-0.36853603,0.04395827,-0.38773954,-0.46194807,0.0012404791,0.0,-0.5643603,-0.042834163,-0.013553349,-0.009831192,-0.054581314,-0.07424401,0.17634624,0.09842359,-0.07732138,0.09017342,-0.15231869
-0.3529798,-0.27891305,0.0805191,-0.022782559,-0.37768242,0.07924862,-0.30569705,-0.36352506,-0.05889581,-0.031452887,-0.3248293,0.17417334,-0.04469881,0.01844985,0.065085426,-0.013593907,-0.07650237,-0.7478775,0.5858164,0.107956715,0.010331588,-0.11871968,-0.9274769,0.08113391,-0.33271033,-0.25338522,0.040232625,0.04282255,-0.052615814,0.3399662,0.3560684,0.00039921975,0.0,-0.29949304,-0.033987347,0.0029655378,-0.00060894067,0.005838941,0.015969614,0.0052253734,-0.0068019014,-0.03421102,-0.19097449,0.34283543
0.060440123,-0.15965983,-0.0130149545,0.0037571175,-1.0282893,0.0401714,-0.12676144,-0.58432424,-0.08384316,-0.16043039,-0.3001489,0.27195355,0.2058884,0.29452524,0.18201886,-0.059976038,0.059169542,-0.30818373,-0.33279184,-0.080818266,0.013031701,-0.05502915,0.6149712,-0.069573574,-0.31837475,0.3226647,-0.08400168,-0.36111158,-0.097709596,-0.14160994,-0.42035526,0.00039921975,0.0,-0.07561174,-0.026772415,0.008071329,-0.000257242,-0.0013784968,0.070392966,-0.1181261,-0.04342722,-0.058224354,0.12288525,-0.043347854
-0.17374524,-0.12838642,-0.24097599,-0.014215676,-0.48213226,-0.52177256,0.15074146,0.12510835,0.18185978,0.0696018,-0.2643144,-0.19745982,-0.18974218,-0.7558403,0.083207734,-0.10582493,-0.20876992,-0.037915718,-0.33709723,-0.123784915,0.014168158,0.1730321,-0.8046356,-0.12503076,0.096469074,-0.36321878,-0.024629094,-0.047625024,0.048334427,-0.046469424,-0.08796411,0.0012404791,0.0,0.048336588,-0.05949736,-0.02614274,-0.0009190807,-0.07882947,-0.09455474,0.13196087,-0.1147233,-0.050490428,0.0012444009,-0.1257195
-0.20019883,-0.18008435,0.16301765,-0.009370083,-0.3111183,0.07807948,-0.01929156,-0.5599138,-0.05543319,-0.08711953,-0.2261617,0.1628965,-0.29914188,-1.2156678,-0.17189272,-0.26694763,-0.20557056,0.49048015,0.95163566,0.15380542,0.006453758,-0.10195558,0.44285038,0.014777723,-0.13127571,-0.38006255,-0.023604058,0.017001687,-0.13965735,-0.27055138,-0.41911265,0.00039921975,0.0,-0.015940761,-0.03366508,0.005275881,-0.0006222286,-0.0065720556,0.052231286,-0.028599638,-0.42172748,0.017295906,-0.23156287,-0.29607412
-0.009068615,-0.22864166,-0.22672781,-0.00042167993,-0.29546377,0.06400861,-0.1553048,-0.9077903,-0.053872984,-0.021136437,0.2357157,-0.3433505,0.19800405,0.3881911,-0.30700535,0.25918207,-0.26323605,0.48098835,-0.31127766,-0.030034035,0.012028867,-0.41741353,0.35361466,-0.011014972,-0.4085179,-0.38360298,-0.082196966,0.04771236,0.04903681,-0.057580348,-0.39747307,0.00039921975,0.0,-0.055467278,-0.0037290899,0.0003977804,-0.0006702183,-0.06012621,0.15381809,-0.13507868,0.039061416,-0.028333696,0.12179381,-0.1505189
-0.07116324,-0.25704408,-0.36322713,-0.010067804,0.29664162,0.072871014,0.1473184,-0.17590757,-0.080566116,-0.19617605,-0.34446105,-0.25776455,-0.03031461,0.2435929,0.05662756,-0.07654673,0.12303895,-0.6371881,-0.27368256,-0.030657757,0.01681307,-0.099923834,-1.142922,-0.019559946,-0.17448404,0.35826924,-0.09166449,-0.52681416,0.06712285,-0.45031455,0.3320435,0.00039921975,0.0,-0.09105043,0.022411898,-0.006828723,-0.0039908583,0.16213313,0.05295899,0.35666507,-0.07283586,-0.061962962,-0.14008889,-0.026507068
-0.32086027,-0.18572685,0.064947486,0.009399649,-0.9254615,0.08049374,-0.007158427,-0.33788276,0.31040707,-0.052375685,-0.29732418,0.14122896,0.06275583,-0.8938731,0.07780705,-0.14748685,-0.083271615,0.17391732,0.97696245,-0.077969454,0.011865838,0.3352567,-0.8751351,0.041327197,0.07418991,-0.3648737,-0.00074865296,0.009247275,-0.106569625,-0.17959921,-0.2620526,-0.011950837,0.0,-0.015886124,0.035566367,0.013490753,-0.0009190807,-0.009198836,0.09922132,0.01526475,-0.06286368,-0.02631023,-0.24967186,-0.16826718
-0.123221315,-0.2662564,0.23084587,0.0045010145,-0.6029649,0.0821466,0.046761397,0.091527075,-0.09224677,0.019503795,-0.9281356,-0.19204284,-0.37165847,-0.18586121,0.010192627,-0.11408099,-0.044844646,-0.53143764,-0.38112584,-0.14492908,-0.09991637,0.3235708,-0.9580171,-0.048689213,0.04628384,0.26036268,-0.044885073,-0.46089303,-0.13034883,-0.2309955,-0.5763021,0.00039921975,0.0,-0.11835785,0.02649785,-0.012631694,0.0018750757,-0.0513859,0.118278556,-0.093337595,-0.14458814,-0.009270198,0.14500508,-0.03521081
-0.11485395,-0.22537114,-0.3852947,0.00859839,-0.4352441,-0.24032193,-0.10894791,-0.44744688,-0.056507483,0.13954526,-0.6523349,0.12699923,-0.35583892,-0.788564,-0.00038265582,-0.1447065,-0.22280078,-0.5042869,0.7655574,-0.110952266,0.008799418,0.36013943,-0.7593448,0.059080355,-0.10500023,-0.27025262,-0.062246244,0.07666635,-0.09805557,-0.21015175,-0.3409318,0.00039921975,0.0,-0.033416506,-0.0513728,0.0021751353,-0.0009190807,-0.03169351,-0.08786717,-0.0697721,-0.1770993,-0.023173526,-0.058177847,-0.018358523
-0.035002857,-0.08469257,-0.22906691,-0.011038998,0.4610701,0.10621656,0.17699301,-0.16458723,0.18640724,0.14409934,-0.21239018,-0.14701316,-0.08563052,-0.6605553,0.063914336,0.023182366,0.12220567,-0.06524496,-0.16702914,0.07300859,0.01594605,0.34005877,-0.68691665,0.067976184,-0.12596762,-0.25222045,0.015013665,-0.118982926,0.09303755,0.02871862,-0.024548542,0.0012404791,0.0,0.1705442,0.0952998,0.039242733,-0.001241345,0.23534933,0.2049581,0.11120429,0.1495006,0.25827318,0.19992772,0.19394708
-0.26840064,-0.48173133,0.15104488,-0.00015105249,-0.1028122,0.12297619,-0.250626,0.21617357,0.13230217,-0.14733021,0.9572436,-0.14529273,-0.27948952,-0.6666055,0.07136331,-0.22788079,-0.16576031,0.49620676,0.3699626,0.019085158,0.005932913,-0.23736358,-0.832331,-0.22192049,-0.18469816,-0.27067077,-0.10651938,-0.24457489,-0.07390421,-0.6586367,-0.48963827,0.0012404791,0.0,-0.68067795,-0.047557395,-0.0113432575,-0.00025516097,-0.059382915,0.075546116,-0.09028924,-0.28572923,-0.1094693,-0.025887778,-0.13495253
-0.22795905,-0.10248721,-0.0163936,0.0047311126,-0.08371654,0.095530815,-0.17141065,-0.5626424,0.16216305,0.105143644,-0.23095335,-0.25259775,0.13436416,-0.095040664,0.05391997,-0.4783415,0.013545938,-0.18474221,-0.22494024,-0.15568823,0.01640025,0.02424292,-0.72529095,-0.31100953,0.10870476,-0.26852798,-0.046382837,-0.15219145,0.103819326,-0.5431919,-0.47591415,0.0012404791,0.0,-0.61059386,0.004015851,-0.0012517073,0.0021094605,0.034523994,-0.4291283,0.30274826,0.11951934,0.14262915,0.011981358,-0.03340117
-0.2226603,-0.14514178,-0.26721543,0.003828219,-0.047424376,0.12538296,-0.1183127,-0.5507308,0.17029798,0.08832054,-0.21423875,-0.2544316,0.121359065,-0.10202965,0.077443585,-0.48073238,-0.313887,0.017670088,-0.2770157,-0.005653898,0.01067876,0.0222839,-0.8066058,-0.3360894,-0.3510923,-0.19641975,-0.06039462,0.011977898,0.121958055,-0.03952991,-0.41208658,0.0012404791,0.0,-0.673407,-0.0015450362,-0.0012517073,-0.00015500945,0.04903413,-0.29175758,0.33116615,0.14740777,0.12396091,0.07531039,-0.19763261
0.06626196,-0.21661176,-0.32611224,0.0017872942,0.4305286,0.04173934,-0.15305552,-0.61383057,-0.07273851,0.008306214,-0.26138026,0.18828242,-0.30963257,-1.0269313,-0.21080764,0.31760627,-0.25046548,0.43482083,-0.521701,0.054792255,0.011196431,-0.4645819,0.41661057,-0.0030586256,-0.17430046,-0.38460514,0.001143299,0.0048322664,-0.10120186,-0.23600018,-0.5750781,0.00039921975,0.0,-0.07601406,-0.02554261,0.0017824462,-0.000712824,-0.032757994,-0.1732549,0.0014264521,-0.23872775,-0.021797556,0.03354171,-0.34451625
-0.16388914,0.75076425,0.39809793,0.003377349,-0.78122604,0.063563816,-0.24477403,-0.08154799,-0.0568586,0.25152978,-0.25922605,0.21318491,-0.2304196,0.30507922,0.06730655,0.7931373,0.193025,-0.21082869,1.1023111,0.074714124,0.0136029795,-0.037499174,-0.7855005,0.13407095,0.1410194,0.37176928,-0.03837924,0.046921868,-0.0631022,-0.08346448,-0.31623206,0.00039921975,0.0,-0.0063293884,-0.021068081,0.022474075,0.0018750757,-0.016291143,0.11143628,0.19241233,0.04215639,-0.01581079,0.10203746,-0.29823613
-0.021851933,0.48838067,-0.15942083,0.009676235,-0.16320738,0.13271877,0.01899454,0.14963493,-0.08141068,0.037232786,-0.35804012,-0.18986781,-0.08353828,-1.5727538,0.3134611,-0.007781161,-0.102404326,0.47512335,-0.41872966,-0.06213423,0.018975833,0.33617228,0.45267293,-0.0056174193,0.11130597,-0.31231368,-0.10350327,-0.023490012,-0.12646103,-0.09941193,0.6795252,0.00039921975,0.0,-0.00890238,-0.0040010894,0.011184767,-0.0029416855,-0.06373466,-0.46663612,-0.081480496,-0.1644702,0.00071986846,0.073321186,0.13299637
-0.13262157,-0.0674875,0.14623584,0.007523078,-0.21470974,-0.4422751,-0.1197288,0.58732057,0.14925762,0.027538884,0.29704162,-0.15791266,-0.12184162,-0.7101738,0.07188989,-0.12923223,-0.02036902,-0.028992467,-0.13322161,-0.17597993,0.014505206,-0.156378,-0.6462833,-0.27588823,-0.1725068,-0.25934938,0.008289348,-0.04514809,0.14952376,-0.34828168,-0.44510254,0.0012404791,0.0,-0.5784193,0.028321933,-0.0031145907,-0.009831192,0.10500275,-0.12961698,0.06721759,0.23534244,0.09962614,-0.17868748,-0.054073196
0.00877335,-0.2641908,0.038143653,0.0017336463,0.3020394,0.03922216,0.045651328,-1.015348,-0.05635996,-0.18174735,0.18608321,-0.298872,0.20220791,0.30886355,-0.3390203,-0.20391063,-0.0076125655,-0.2566493,-0.35028258,-0.090710185,0.015260425,-0.40670365,0.556728,0.016547916,0.22341397,-0.42628568,-0.12878361,-0.039556637,0.008093354,-0.14897464,-0.39358303,0.00039921975,0.0,-0.12899669,-0.0060154884,-0.0029100329,-0.0012861483,-0.12129416,-0.017287798,-0.30691794,-0.22784741,-0.0318374,0.051175963,0.06831507
0.22409664,0.7558897,-0.3412966,0.0090184435,0.43946445,0.071391866,0.046459477,0.6635957,0.31654748,0.03994216,0.3586836,0.30912665,0.22967774,0.340638,0.094177164,-0.012790337,-0.06067798,-0.14250375,-0.3325953,-0.028801424,0.020053336,0.5394769,0.8136238,0.18946767,0.14542757,-0.17659995,0.174506,0.16456422,0.038865168,0.39503267,-0.36946902,-0.011950837,0.0,-0.020991437,-0.004909778,0.0026117638,-0.0014174661,-0.0032225598,0.06891643,-0.17219834,-0.0030978457,-0.0041566286,0.16185325,0.28141838
0.13246535,-0.20130242,-0.099660724,0.0032459944,-0.10103748,0.11529028,-0.3203789,0.46685117,-0.06576618,-0.03433328,0.36664012,-0.2565108,-0.18360646,0.22986521,0.044102687,-0.2835809,0.05186989,-0.32105857,0.38434455,-0.043760076,0.011747067,0.111425996,-1.164067,-0.014844674,-0.1418786,0.35917914,-0.15254097,0.1740165,0.009578263,-0.64494234,0.18936919,0.00039921975,0.0,-0.08043786,0.0074319607,-0.0048271697,-0.0006994693,-0.06285712,-0.09194897,-0.44219273,-0.09996107,-0.038784537,-0.3007378,-0.45062974
0.22568592,-0.3432868,0.2566791,0.0027130262,-0.1460473,0.06826936,0.00015654846,0.1676294,-0.07341957,-0.11555346,-0.32576966,0.22029604,-0.44468528,-1.0827314,-0.1507176,0.6004226,-0.057491124,-0.15354367,-0.42261326,-0.02088081,0.015135357,-0.49406084,0.4925371,0.32895738,0.096834,-0.32603246,0.18272313,0.15340872,0.009964256,0.41711327,-0.5583745,0.00039921975,0.0,-0.081563175,-0.035386093,0.0023049165,-0.0013704017,-0.011130362,0.27698025,-0.20673761,-0.19293082,-0.029344026,0.11273373,0.39873096
-0.17906423,-0.06277284,0.16238318,-0.0066250656,-0.2603917,-0.26262566,0.13375817,-0.59377986,0.14204443,0.19137187,0.21846546,-0.18560673,-0.06807794,-0.7048625,-0.21065153,-0.005375307,-0.28046852,-0.0049182517,-0.24896835,-0.17753741,0.010097763,-0.26696494,0.34812737,-0.3088614,-0.16409346,-0.43987966,-0.004355705,0.03201668,0.1537656,-0.42792463,-0.14117795,0.0012404791,0.0,0.062481564,0.022025185,0.023372464,-0.01019826,0.17074512,-0.092097126,0.1251366,-0.08870226,0.16759679,-0.11057658,-0.051705237
0.10833324,-0.21609455,0.07773019,0.0020075305,0.35905746,0.05829291,-0.02042824,-0.7181573,-0.06831004,-0.052194607,-0.24218564,-0.18373609,0.14172108,-0.96483773,0.10731748,-0.27114314,0.023453174,0.26342055,-0.273168,0.00057987124,0.013256371,0.023878356,-0.8313846,-0.0060861283,0.13780226,-0.35353875,-0.0046917694,0.008492783,-0.08181146,-0.15473428,-0.43723416,0.00039921975,0.0,-0.08556212,0.0018060962,0.0011277471,-0.0009190807,-0.08915975,-0.048892874,0.0123115685,-0.23762405,-0.06376468,-0.11285752,-0.34724003
0.04648165,-0.27646387,0.08476393,0.005727911,-0.17745274,-0.36182803,-0.21619639,-0.19221662,0.15685144,-0.17151368,-0.22036618,-0.28893524,0.09135247,0.36706194,0.06445992,-0.28677943,0.04613422,-0.2178875,-0.2524111,0.018646037,0.018418035,-0.10083432,-1.0803595,-0.007137223,0.2021808,-0.34511724,-0.09257007,-0.03580724,0.06675388,-0.10197776,-0.49264073,0.0012404791,0.0,-0.65420264,-0.04395034,-0.014502946,-0.009831192,-0.06513237,-0.07375518,-0.082158014,-0.08902771,-0.054960217,0.0667118,0.053221866
-0.2514582,-0.20650616,0.23843646,0.0024187234,0.3162546,0.12105136,0.21211612,-0.7503548,-0.03405753,-0.03777861,0.4873571,-0.20217198,-0.013521519,0.3588631,0.09126276,-0.23242632,-0.09138576,0.30634776,0.71494347,-0.042267058,0.011198474,0.156091,-0.86388665,-0.34149712,-0.23555663,-0.29233676,0.051796194,0.055393018,-0.041976254,0.40758303,0.68390393,0.00039921975,0.0,-0.001442043,0.003463081,0.00914848,0.008014074,0.12595186,-0.17620665,0.46048257,0.06106116,-0.027049199,0.076140635,0.17931253
0.18375768,0.6863215,-0.05701935,-0.017034903,-0.9213813,0.0867587,0.08406604,-0.6454989,0.16959363,0.019156516,-0.08527547,0.39675736,-0.0929711,0.3888224,-0.10035467,0.27766326,-0.05519364,-0.110613324,1.1204969,0.08364,0.011912666,0.40975785,0.64568603,0.24197021,0.11502964,-0.21326335,-0.0005513993,0.02542032,-0.081733786,-0.21614116,0.024320656,0.0012404791,0.0,-0.10434913,0.10810873,0.011745514,-0.0013767437,0.01102953,-0.009705963,0.25851312,-0.06542769,0.027496576,0.16714995,-0.33236873
-0.25632545,-0.13831031,-0.3281255,0.0020208727,-0.76852375,0.13916036,0.039362818,-0.36586234,0.16527775,0.003234815,-0.20904839,-0.15728228,-0.08019132,-0.8067735,0.10291659,-0.31062964,-0.094966866,0.2584467,-0.21928233,0.019008793,0.015045294,-0.24667431,-0.74927115,-0.045232423,-0.15790987,-0.21020631,-0.09931377,-0.04913807,-0.02767443,-0.07185848,-0.44485843,0.0012404791,0.0,-0.69465953,-0.0350595,-0.009997174,-0.010153457,-0.0435807,-0.1355518,-0.27301255,-0.11663865,-0.07800374,-0.0020360472,-0.34397414
0.07118112,-0.18936199,0.18984865,0.0067741894,-0.38750386,0.046438977,0.034078024,-0.2907253,-0.07077364,-0.19648996,0.25282738,-0.21107148,-0.22189736,-0.6507365,0.06948954,-0.14672707,-0.31697404,-0.2541456,-0.34293553,-0.17878246,0.0148244845,0.23562747,-0.8780373,-0.07099674,-0.13090488,-0.3888454,-0.03998655,-0.3275727,0.018562362,-0.36425292,-0.45356336,0.00039921975,0.0,-0.15413325,-0.018144839,-0.0054815863,-0.0009190807,-0.055945262,-0.013380896,-0.047301944,-0.07948072,-0.03481444,-0.14753392,-0.36504084
0.16171563,-0.18228786,0.14691685,0.02299885,-0.03759289,-0.39653423,0.15367611,0.1012908,-0.067492455,-0.0781294,1.0149125,-0.22955093,-0.026357552,0.0014870826,0.21762925,-0.21632719,-0.19352342,0.421806,0.819391,0.0017075886,0.012503078,0.13054407,0.9980566,-0.053714294,-0.22199655,0.7641204,-0.035149366,-0.15605341,0.09025513,-0.03122004,0.47773516,0.00039921975,0.0,-0.0052290023,0.008025153,0.0004940557,-0.009785283,-0.05618007,-0.003504927,0.302631,0.10004135,-0.008287178,-0.004460645,-0.3000469
-0.07148059,-0.29272532,0.28400338,-0.01100097,0.15599488,-0.4560881,-0.23539028,0.6668007,0.18842159,0.017680278,-0.30401242,-0.47210947,-0.15981036,-0.042770803,-0.2278616,-0.39804715,-0.040168475,-0.0523696,0.85156244,0.090213925,0.005582611,-0.12534207,0.5550041,-0.048726436,-0.22307408,-0.35666987,-0.12624224,-0.005087274,-0.024886582,-0.024057802,-0.36767957,0.0012404791,0.0,-0.64997673,-0.057776358,-0.025347274,-0.01019826,-0.09141378,-0.06941685,-0.22459483,-0.0020741166,-0.06251248,-0.028361067,-0.13959801
-0.19526175,-0.13057336,-0.62789905,0.0040700776,-0.64632756,-0.27905378,-0.037138768,0.10210065,-0.07640751,-0.052073322,-0.34511822,0.114655256,-0.4246615,-0.6223359,0.045275465,-0.07359522,0.035935026,-0.21665008,-0.32984897,-0.033607014,0.015651945,-0.36212388,-0.80223745,-0.0373305,-0.12182356,0.4197071,-0.029993515,-0.30115226,0.03847058,-0.23303746,-0.48310876,0.00039921975,0.0,-0.12729406,-0.043166973,0.009179225,-0.0006994693,-0.033193517,-0.08234628,0.3112765,0.111045144,-0.03244831,-0.009397887,0.016263792
0.30438763,-0.41709006,-0.23108204,0.0029209105,-0.6570871,0.08706268,0.058398433,-0.3969723,0.15073855,0.022430921,0.73794883,-0.2110959,0.1508443,-0.68152803,0.0877683,-0.1900686,-0.18410723,-0.43565172,-0.29305735,0.22249267,0.014032612,0.36768755,-0.9652957,-0.043602597,-0.23295988,-0.23129745,-0.015291131,-0.10178677,0.08336989,-0.0078094173,-0.34208342,0.0012404791,0.0,-0.4354793,-0.0406558,-0.016261479,-0.0030864212,-0.042695478,-0.12718518,-0.00302804,-0.107782155,-0.056486648,-0.12506172,-0.289654
-0.1971182,-0.7216031,0.18346867,0.0046435175,0.03634316,-0.29992464,-0.13731107,-0.24943729,-0.08173858,0.01873527,-0.25021276,-0.22403207,0.26808333,-0.12910806,0.09078805,-0.20680638,0.0077578146,-0.014045202,-0.19245152,0.023936601,0.015029738,-0.10049534,-1.0686965,-0.07713823,0.104838304,-0.33437932,-0.09560555,-0.19156948,0.010764344,-0.13707091,-0.26691017,0.00039921975,0.0,-0.109573014,-0.0057061696,-0.0028817859,-0.0009190807,-0.058799203,0.021946821,-0.26793212,-0.18254852,-0.04534288,-0.031390056,-0.2837507
-0.20695898,-0.19069819,0.08301582,0.011026475,-0.677233,-0.2349422,0.11851055,-0.42755365,-0.0641227,0.04549321,-0.70195514,-0.3947233,0.014889516,0.361106,-0.0690523,-0.61867785,0.049483575,-0.29125738,-0.35554785,0.027917959,0.012567451,0.1095141,0.54067063,-0.37291405,-0.24625564,0.60950124,-0.03661184,0.14122179,-0.036160342,-0.37857077,0.2525939,0.00039921975,0.0,-0.111163236,0.015118197,0.0032539202,-0.0025640775,0.014813789,-0.50637895,-0.35952252,0.18163323,-0.03061027,-0.04857319,0.030393705
0.08168869,-0.23746814,0.024615688,0.00011901406,-0.72187954,0.118032455,0.04806543,-0.27829164,-0.09755473,0.03860715,-0.37809086,-0.24233578,-0.030731088,-0.14317098,0.082774,-0.18227,-0.28450748,-0.24491738,-0.3644737,0.020678258,0.015869554,0.1644823,-0.99991715,0.016713744,-0.15944289,-0.31912857,-0.088873275,-0.12697437,0.107090205,-0.14115162,0.41482756,0.00039921975,0.0,-0.14497024,0.0056620874,0.0024247488,-0.0009190807,-0.052869998,0.10047346,0.058206536,-0.120062515,0.0009949212,-0.28552732,-0.2565307
0.05054304,-0.2344112,0.031716432,-0.013230504,0.29000467,0.1295493,0.1417266,-0.20877261,-0.070531145,-0.18509221,0.3680617,-0.22377402,-0.07739939,0.39459372,0.07941852,-0.20515205,-0.14819352,-0.06342894,-0.24202776,0.07648158,0.011717277,0.36142266,-1.138295,0.00905777,0.09187307,-0.25366566,-0.084309466,-0.182353,-0.10487084,-0.080995,0.25298965,0.00039921975,0.0,-0.06573331,-0.0058823405,0.00020679313,-0.00044520013,0.15106441,0.16459018,-0.17638786,0.04745111,-0.021985149,-0.13641626,-0.5412363
-0.042055055,-0.1509009,0.3916001,0.002418192,0.524138,-0.14753428,-0.17367922,-0.24910615,-0.055237934,-0.0071692583,0.40161303,0.21558727,0.3992884,0.25942165,0.08453785,-0.17335747,0.16207534,-0.1762434,0.9040091,-0.04377659,-0.1388638,-0.33207032,-0.9837035,0.15900727,0.18542196,0.9236201,0.034846365,0.07820179,0.022269934,-0.084634714,-0.19989365,0.00039921975,0.0,-0.044346355,-0.0011291303,0.022140695,0.0018750757,0.008436285,0.10828246,-0.31272843,0.08680824,0.017483188,-0.021379558,-0.0035994772
0.18871221,-0.21233882,0.098275535,0.0042317016,0.17021547,0.11321183,-0.24333014,0.63762873,0.17599735,-0.0027459487,-0.23869796,0.3478471,0.24640155,0.67462707,-0.11509689,-0.021930449,0.19774473,0.38383022,-0.40333202,0.027625268,-0.09919309,0.544742,0.7448359,-0.04419814,0.18280238,-0.1495688,-0.13807498,-0.04592302,-0.0018230372,-0.07473823,-0.17638858,0.0012404791,0.0,-0.62177396,0.016336143,0.011915246,-0.0029416855,0.027773999,-0.0416103,-0.204948,0.053812888,0.0035505118,0.12808177,-0.08737637
0.022973232,-0.3311911,-0.45837465,0.005069952,0.3985754,0.06001286,-0.18619624,-0.22072782,-0.081150874,0.0044425065,-0.2430984,-0.2605751,0.11558196,0.49393034,0.060196806,-0.2581351,-0.038646683,-0.634271,-0.24496649,-0.04458883,0.013649898,-0.12376298,-1.1890315,0.08071077,0.27183893,0.19217432,-0.09626188,0.07862169,0.018694732,-0.11062858,-0.43421492,0.00039921975,0.0,-0.08316534,0.018709708,-0.006019641,-0.010053669,-0.059113402,-0.5349601,-0.2692982,0.050472874,-0.060051665,-0.18516535,-0.0063305697
-0.03487855,-0.26849425,0.07919423,-0.0011810875,-0.15347382,0.1060621,-0.19566649,0.13578324,-0.10064483,-0.16157453,-0.96059865,-0.22905779,-0.1067946,-0.10062536,0.019432832,-0.15670127,-0.02203924,-0.26526058,-0.35332862,-0.043517325,-0.15591174,-0.07066452,-0.8717374,-0.024836738,-0.25500712,-0.2510036,-0.04489484,-0.3615686,0.033177122,-0.49473482,0.44293875,0.00039921975,0.0,-0.10805738,0.0078112865,0.0011830102,-0.002764157,-0.059090137,-0.03112455,0.22749867,-0.10991656,-0.016433038,0.020121584,-0.25237682
-0.11152819,-0.30446997,-0.062013045,9.32056e-05,-0.8593014,0.10886555,-0.25234208,0.53092563,0.19021407,-0.14801821,-0.37298468,-0.3435856,-0.12540232,-0.13536721,-0.18922369,-0.16070627,-0.19644032,-0.18765116,-0.29581872,0.05532279,0.013331646,-0.5033611,0.41358852,0.037902266,-0.18567249,-0.2827866,-0.15861328,-0.04996798,0.0141408965,-0.08085947,-0.08387179,0.0012404791,0.0,0.023353204,-0.06946726,-0.023287276,-0.0012861483,-0.06298741,0.08818487,-0.14929578,-0.21588401,-0.065335065,0.021621643,-0.36954704
-0.18151334,-0.2226738,0.08214588,-0.011612377,-0.36040792,0.14698309,0.20988989,0.1450927,0.17331147,-0.29398844,-0.3471466,-0.2624054,-0.1884336,0.2605779,0.033078384,-0.2337969,-0.0179138,0.014358403,-0.2658729,-0.10486729,0.01768568,-0.062068284,-0.90173453,-0.17225571,-0.15507413,-0.3335251,-0.07650904,-0.23940673,0.015291423,-0.6061117,-0.08937155,0.0012404791,0.0,-0.1709219,-0.07176995,-0.025607673,-0.0009190807,-0.056273688,0.046010192,0.13179928,-0.07547741,-0.09609781,-0.023041582,-0.15172908
0.08000065,-0.1798676,0.19766177,0.022147285,0.7215004,-0.2274037,-0.2388995,0.6201245,0.17403203,0.01793397,0.29153922,-0.38518742,-0.13608249,0.34092787,-0.059327047,-0.18452011,0.094814666,-0.6812728,0.7714186,0.037783366,-0.08036336,-0.07102258,0.659202,-0.17229794,0.21362616,-0.34012926,-0.15005596,-0.394587,0.068081096,-0.46799424,-0.023268862,0.0012404791,0.0,0.0798911,-0.02070202,-0.031087795,-0.0012861483,-0.084053956,0.117119655,0.27566564,0.05944891,-0.057042055,0.008726381,0.12563293
-0.19032544,-0.19997273,-0.29635915,0.0037788393,0.06927293,0.11220582,-0.027565796,0.29321656,-0.094259165,-0.11444771,-0.2589447,0.09354803,-0.4082457,-1.0174863,0.13678236,-0.16919269,-0.043850586,-0.059400912,-0.3222212,-0.1363635,0.016029526,-0.3149074,-0.75911796,-0.027353644,0.2843315,-0.28088173,-0.076822974,0.013963484,-0.0007525162,-0.021051966,-0.65150154,0.00039921975,0.0,-0.038835805,-0.030882359,0.0074093807,-0.010153457,-0.05836384,-0.15851633,-0.273283,-0.07404614,-0.023700316,-0.18663089,-0.2917691
0.17383732,-0.23428811,0.25534344,0.007138425,0.39459553,-0.23100011,-0.32524264,0.11830786,0.16285616,-0.11759729,-0.18431969,-0.25160414,0.19234553,0.31544796,0.054394513,-0.3681825,-0.11854447,-0.2130136,0.91209733,-0.034932747,-0.06373731,-0.24310075,-0.9169902,0.009363208,0.19718882,-0.258023,-0.11329828,0.11309297,0.029819954,-0.25233826,-0.29987243,0.0012404791,0.0,-0.69901407,0.018988226,-0.0026625495,-0.009831192,0.09162683,-0.30001214,-0.26172423,-0.03528255,0.17645133,0.025187338,-0.22256331
-0.14935328,-0.15869562,-0.32479674,-0.0063605383,0.10914145,0.10440789,0.21079303,-0.23897249,0.14809315,-0.1737981,0.20446861,-0.181188,-0.05486288,-1.0032505,0.032420497,-0.21945457,0.04449433,-0.08392201,0.3506619,-0.12945768,0.010087752,-0.113144964,-1.0131493,-0.23775472,-0.16873744,-0.23666778,0.0005412218,-0.012623685,-0.0962339,-0.16953634,-0.19282329,0.0012404791,0.0,0.049969796,0.04227623,0.02772939,-0.010153457,0.20777574,-0.19298176,0.009455535,-0.38563937,0.23498681,0.014334516,-0.30013174
-0.28054717,-0.19872865,-0.63113827,0.0037139575,-0.08591328,-0.42805785,0.0137736965,0.1432265,-0.057653774,-0.073662326,0.4636004,-0.218107,0.0054241614,0.25477913,0.050590187,-0.29531717,-0.2844355,0.5233768,-0.28837058,-0.02338914,0.010770818,-0.38270095,-1.3124536,-0.21769457,-0.4403778,0.6896316,-0.01918993,-0.47289646,0.009909795,-0.04034802,-0.5370351,0.00039921975,0.0,-0.016059224,0.020796329,-0.0018938663,-0.003902449,0.06236019,-0.23581913,0.27618393,-0.13655576,-0.1036225,0.05205408,-0.08294229
0.14877144,-0.38107976,0.116619855,0.0035482266,0.16240273,-0.016898151,-0.06227002,0.49293587,-0.09292898,-0.03824288,-0.98123103,0.26628324,-0.44900477,-0.07589672,-0.064132914,-0.088827364,-0.2987577,-0.2166135,-0.46831247,-0.0039643333,0.008209797,-0.7546479,0.51932746,0.21220765,-0.20444469,-0.31089857,0.05782487,0.050574698,0.014620844,-0.14039333,-0.3719613,0.00039921975,0.0,-0.089604214,-0.038586937,0.009208832,-0.0012861483,-0.014132471,0.12196748,-0.14482726,-0.11342576,-0.0614985,0.06554383,-0.37216222
-0.035764556,-0.19443968,0.12385631,0.0018221512,0.31175342,-0.28136897,-0.07827747,-0.21423367,-0.060130212,0.039541915,-0.7077138,-0.4180913,0.08854644,0.19104996,-0.12464493,-0.42102897,-0.12215983,0.44423547,-0.3736926,0.09599937,0.008549991,-0.2952518,0.32506165,-0.29297465,-0.32550466,-0.38486737,-0.0033124266,-0.37023824,-0.10627264,-0.38721916,-0.3300688,0.00039921975,0.0,-0.11668875,-0.0023600962,0.009161676,1.7522718e-05,0.03135889,-0.25827643,-0.08961632,0.25147635,0.10775657,0.12968935,-0.06092222
-0.21525408,-0.14237487,-0.6337616,0.004274598,-0.29638895,0.11786267,0.12664531,-0.2885081,-0.055262346,-0.18379483,-0.29915863,-0.20100321,0.0015714583,-0.8149263,0.091460966,-0.27892998,-0.178755,0.27872482,0.35349357,0.004668871,0.011290553,0.14246663,-1.0781715,-0.13846374,-0.24378619,0.16531837,-0.041218158,-0.057683676,-0.011026025,-0.023531223,0.6439237,0.00039921975,0.0,0.0024243698,0.036133453,0.007827025,0.00067550526,0.119649045,-0.10649621,-0.41181397,-0.11509713,-0.0629113,0.0032708077,0.11642257
0.15313876,-0.3584278,0.004451236,0.007757067,0.29126725,0.07898902,0.11698605,0.4486248,0.19580466,-0.12051727,-0.35478035,0.31186283,-0.30407774,-0.063883424,-0.15983401,0.003100478,-0.25014177,-0.19061713,-0.568384,-0.1563084,0.0055054286,-0.03954064,0.73831534,0.048164476,-0.19441561,0.24514118,-0.1622459,-0.14434287,0.014244257,-0.15622716,-0.24941476,0.0012404791,0.0,-0.707383,-0.07155888,0.009665342,-0.000873172,-0.0148655595,0.042343948,-0.25473475,-0.00863182,0.004519357,0.07799202,-0.34518966
-0.43025857,0.69517565,-0.3791683,-0.014524866,0.41598132,-0.4644101,0.078800865,0.37674055,-0.05399996,-0.07632042,-0.25123593,-0.5464898,0.0068286015,0.021089284,0.12916014,-0.49536842,0.008750417,-0.1240232,0.7928616,-0.18708612,0.0074259234,0.09671617,0.673772,-0.69564795,-0.25465468,-0.32978037,0.048175227,0.02640955,-0.12332221,-0.08979517,-0.35472327,0.00039921975,0.0,-0.06028564,-0.028111162,-0.015811592,0.0029954156,0.034974128,-0.35003477,0.0054429467,0.09035586,-0.023735572,-0.2804731,-0.19429243
-0.29776755,-0.24944273,-0.10627941,0.0025451677,-0.30627257,0.09299372,-0.16150714,0.38658723,0.16664702,0.12316378,-0.3996981,-0.25873935,0.19376184,-0.08909818,0.23878767,-0.39393455,0.061713498,-0.07661641,-0.39586538,0.047860596,0.011365365,-0.38692093,0.47834504,-0.19713002,0.22532424,-0.3468771,0.021148963,-0.005079902,-0.12793782,-0.14221896,-0.4133988,0.0012404791,0.0,-0.7967487,0.010049518,-0.003300818,-0.01019826,0.053144947,-0.31018195,-0.029710313,-0.21873133,0.13369682,0.01948154,-0.23351592
-0.3368271,0.68368006,-0.61523193,0.004629917,-0.06459829,0.12104718,-0.18963698,0.1803943,-0.058627438,0.008742585,-0.27928853,0.15567124,0.3046756,0.020023681,-0.042144153,0.29432216,-0.08454753,0.22861663,-0.3683569,0.009337693,0.022859305,-0.41722268,-0.825901,0.0046885493,-0.10170883,-0.33528292,0.08124706,0.07132833,-0.049711365,0.32216153,-0.32463306,0.00039921975,0.0,0.01451009,-0.025705812,0.003641683,-0.0013471262,-0.01567219,-0.14722458,-0.08018882,0.1784874,0.016022503,-0.23736669,0.17952657
0.013083883,-0.11712877,0.210969,-0.016148735,-0.12536529,0.10722579,0.09896726,-0.62525946,-0.077969685,-0.10718831,-0.25637007,-0.13310118,-0.14540146,-0.7435954,0.093826436,-0.14652619,-0.011416105,0.32921785,-0.25085253,-0.00041218195,0.013162461,-0.3095477,-0.689569,-0.07885675,-0.13174446,-0.25944954,-0.07050697,0.00012067653,-0.12890457,-0.054305375,0.38257968,0.00039921975,0.0,-0.05089818,-0.004917568,0.0034376876,-0.009831192,-0.060642604,-0.06295891,-0.21519198,-0.2029186,-0.010771559,0.118337125,-0.45538512
-0.090157375,-0.24300118,-0.5231667,0.012653829,-0.06858365,0.107926235,-0.21731615,0.031340696,-0.09257528,0.06331572,-0.31290665,0.16692746,-0.20842837,-0.09148597,0.002774579,0.24007592,0.021979004,-0.697837,0.8982563,-0.082985215,-0.106870614,0.23005013,-1.0164828,-0.087065496,-0.12372869,-0.24575573,-0.19176455,-0.41043866,0.03134147,-0.15250805,0.4722684,0.00039921975,0.0,-0.09190696,-0.037305597,0.0069003114,-0.001241345,-0.027914956,-0.14346905,0.21631831,0.0042863386,-0.05426229,-0.068071045,-0.014971463
-0.25227442,-0.18177553,0.22742876,0.0008211687,-0.10460615,0.08641982,0.072388954,0.28426373,0.13174441,0.009773216,-0.38584322,-0.3889406,0.12755996,0.34136462,0.08333612,-0.5212754,-0.09369207,0.400125,-0.36951822,0.032700762,0.014868097,-0.34769917,0.5594773,-0.30056822,-0.46505612,0.65843534,-0.04941917,-0.17388451,0.100906596,-0.45339036,-0.41939127,0.0012404791,0.0,-0.6633613,0.02616464,-0.012552126,-0.0033189896,0.021590304,-0.39748415,0.19230483,-0.21090703,0.014079733,-0.11067917,-0.08522874
-0.29858118,-0.37848997,-0.23035076,0.0049861134,0.24476981,0.096381545,-0.2262291,0.5387365,0.16655904,-0.06962089,-0.34176147,0.25639227,0.21197048,-0.110776044,-0.16832612,-0.08666016,-0.116591744,0.14750603,-0.459648,0.015426096,0.01041252,0.5018923,0.70674306,-0.008681008,-0.4993293,-0.19733363,0.036368877,0.025198447,0.020517636,-0.18101937,-0.34551755,0.0012404791,0.0,-0.75849944,-0.07797189,0.012251992,-0.0007608137,0.009520469,0.13639931,-0.14263663,0.11306904,-0.030779926,-0.39995867,-0.34369218
-0.05849621,-0.30195126,0.22045848,0.00033490313,0.48641387,-0.33606824,-0.14415646,0.041823585,-0.084590696,-0.06946243,-0.32395205,-0.23063317,-0.15895377,0.40502337,-0.0049788207,-0.25202203,-0.13502014,-0.7704648,-0.31693742,0.06263099,0.011925188,-0.47772846,-1.0395435,0.036943275,0.16676126,0.586373,-0.09837935,-0.038755603,-0.0040623485,-0.087914415,0.16241498,0.00039921975,0.0,-0.062732436,0.02263774,-0.0016538957,0.0018750757,-0.072043344,0.113037676,-0.32037574,-0.051411,-0.043361373,0.023614261,-0.40567514
-0.33028474,-0.47681037,-0.13302755,0.0020461092,-0.08254272,-0.44812465,-0.17691107,-0.20853385,0.14160737,-0.18242422,-0.27538192,-0.36619228,0.11907907,-0.021677157,0.25527838,-0.26104102,-0.1298439,0.0006888183,-0.22901736,-0.15106489,0.018188408,-0.1227385,0.80292344,0.027573619,0.13741209,-0.42694518,0.12232077,0.09025785,-0.012374905,0.2267023,-0.4494778,0.0012404791,0.0,-0.7574427,-0.06763057,-0.007914264,-0.0014174661,-0.06658947,0.10056464,-0.2584061,-0.17991772,-0.05353783,-0.06224786,0.28380242
0.39003542,-0.18246262,0.26613322,0.0011157702,0.00023413321,0.101224944,0.08760294,-0.16882555,-0.07341637,-0.009147104,-0.20690931,0.19017221,-0.13027734,-0.73933053,0.05612532,0.7491342,0.1885273,-0.18477115,1.2958082,-0.07506778,-0.10206466,0.17268091,-0.74959314,0.15171775,0.13268606,-0.21836868,0.04378143,0.041806523,0.05178871,-0.13302313,0.5061257,0.00039921975,0.0,-0.039505865,-0.028092587,0.0005798023,-0.0009190807,-0.020640507,-0.012201389,-0.16116247,0.011119887,-0.020041613,0.14713754,-0.18941377
-0.18012238,-0.1871834,-0.12956442,-0.00059083075,-0.37974796,0.17800388,0.08976142,0.24652943,0.20001689,0.03578135,-0.33052853,-0.24458036,-0.19927882,0.41178304,0.051371586,-0.14071037,-0.18832873,0.032033365,-0.28727072,0.01767484,0.011600654,-0.43497145,-0.7985176,0.00027146447,-0.26563388,-0.23696171,-0.09433308,-0.12233092,-0.08391784,-0.110315755,-0.028574359,0.0012404791,0.0,0.08203109,-0.079848126,-0.026310178,-0.010153457,-0.061900023,-0.13174872,-0.017414209,-0.06521607,-0.09157524,-0.023218049,-0.300968
0.17191035,-0.29258755,-0.61827874,0.004804913,-0.011113533,0.033934213,0.023043856,0.05087658,-0.060804326,-0.1850367,0.8519222,0.23265886,0.32718098,0.30490702,-0.012288575,0.21012202,-0.12084823,-0.22714946,-0.40237164,-0.02823527,0.020654324,0.23140067,-1.1487063,0.049025405,-0.19159736,0.23953187,-0.0051215724,-0.053660978,-0.12874006,0.24838498,-0.4737011,0.00039921975,0.0,-0.031819347,-0.017830249,0.019829702,-0.00063061854,-0.0063121705,0.029821342,0.013096823,-0.1635125,-0.06215077,-0.004762591,0.16996261
-0.24011482,-0.20663103,0.1609252,0.007529431,-0.38429892,-0.38629308,-0.23170999,-0.5074881,0.12902574,-0.16951272,-0.20964576,-0.24281935,-0.23551804,0.22631322,0.039678928,-0.4215526,-0.14914992,0.22040127,0.49646422,-0.026953962,-0.081005335,-0.35989255,-1.0502349,-0.21289346,0.17074074,-0.2834453,0.07107424,0.07835647,-0.009438019,0.18824023,-0.4774625,0.0012404791,0.0,-0.6818958,-0.05458731,-0.007245201,-0.0101369815,-0.06533819,-0.16102916,-0.2638035,-0.36126116,-0.048267957,-0.06021958,0.14109956
-0.102822654,0.5826669,0.19001609,0.0010601127,0.40436894,0.10210593,0.009427758,-0.33528385,-0.067861885,0.0037744138,-0.30088577,-0.12797458,-0.14186081,-1.0166368,0.11641389,-0.19395512,-0.19422457,-0.033609148,-0.2737158,0.01013405,0.01341818,-0.4045917,-0.7532564,0.08713418,-0.34207585,-0.3402429,-0.004211679,0.075750515,-0.089417614,-0.065043285,0.51175076,0.00039921975,0.0,-0.07143477,0.01692872,0.002635624,-0.00030315068,-0.06970076,-0.061341275,0.011169706,-0.17583412,-0.018607596,-0.011180152,-0.5165386
0.12418078,-0.62933993,0.0049679885,-0.01177755,0.3889386,0.029218059,0.104956724,-0.59520805,0.16501887,-0.16584569,-0.16032577,0.2464599,-0.29414013,0.32141683,-0.004767428,0.6733294,-0.19222003,-0.10158316,-0.4324821,-0.0594786,0.013592608,-0.07788581,-1.1017884,0.1816129,0.14616309,-0.29670596,0.18740731,0.16557272,0.03382713,0.3424596,0.011373596,0.0012404791,0.0,-0.064659126,-0.042698238,-0.005769465,-0.0012248707,-0.024888562,0.10393766,-0.15890473,-0.0147901615,-0.022078037,0.0077907806,0.25328517
-0.1823379,-0.1396921,-0.28542307,0.0048423624,-0.30538252,0.1053801,0.073675774,0.4602444,0.17730153,-0.104320146,-0.84592676,0.1385199,-0.27892774,-0.68882126,0.03988523,0.43104076,-0.2474431,-0.10200226,-0.36733118,-0.040983625,0.011841641,-0.33528793,-0.7125672,-0.02313739,-0.29664278,-0.20973946,0.036030762,-0.03489599,0.07954122,-0.07228161,-0.45810306,0.0012404791,0.0,-0.5557651,-0.008670371,0.0103118885,-0.000625415,-0.047180545,-0.077260435,0.13255908,0.29709023,-0.02561858,-0.21531767,-0.2252749
0.079874955,-0.18490341,0.22131094,-0.0023814533,-0.044960897,0.11830534,0.081133515,-0.39824066,-0.04784518,-0.11219851,0.3830256,-0.18006478,0.09878713,-0.8960696,0.113123335,-0.44958967,-0.004504076,0.44276685,-0.30382165,-0.12752107,-0.17184272,-0.07786178,-0.9107702,-0.03676309,-0.15368593,0.3581983,-0.08292219,-0.064607896,-0.00880558,0.103434004,0.4296912,0.00039921975,0.0,-0.028823016,0.027319554,0.0021140382,-0.0029370156,0.05119767,-0.4578544,-0.46016994,0.13991617,-0.031730026,0.09089455,0.18559965
-0.13057676,-0.20126697,-0.3708054,0.004424377,-0.1439047,0.07606503,0.06820325,-0.1918912,-0.061491907,-0.14381352,-0.91874987,-0.26281896,0.19442004,0.24944478,0.05243485,-0.4277373,-0.29700926,-0.25158396,-0.3821761,-0.1605627,0.014903182,-0.2805447,-0.80981797,-0.29094312,-0.26077667,0.18939103,-0.072250366,-0.36164734,0.004179158,-0.4525679,-0.4646195,0.00039921975,0.0,-0.11042463,0.022057967,0.006076426,-0.0014361977,0.044705857,-0.33087572,0.27528283,-0.121527225,0.19673906,0.02624014,-0.2767659
-0.1776174,-0.27225122,0.14541475,0.008078491,0.052044965,0.060416736,-0.24500951,-0.5921694,-0.0633448,-0.11819929,0.30261323,0.2242521,-0.3978774,0.079100266,0.02050576,-0.22300099,0.11451685,-0.5162343,0.8337932,0.04864641,0.009674436,0.36592382,-1.3173314,0.2016435,0.27336824,0.38539466,0.09364193,0.16390364,0.03175349,0.3649797,-0.36687574,0.00039921975,0.0,-0.0350368,-0.027063787,0.004900278,-0.00063061854,-0.026422663,0.12270104,-0.22569722,0.12220404,-0.024618343,-0.15187685,0.20110674
-0.2545679,-0.116601005,0.09510582,-0.012270419,0.36876136,0.07828451,0.112267725,-0.1637512,0.12910122,-0.09183371,-0.27161196,-0.20776545,-0.036128283,-1.2109455,-0.27672833,-0.19094689,-0.20982032,0.47290063,0.6921692,-0.03592183,0.0065490957,-0.31907755,0.5772936,-0.33589068,0.18603726,0.43282852,-0.0146906525,-0.0019430025,0.16448964,-0.051432632,-0.49151626,0.0012404791,0.0,-0.77428204,0.031576023,-0.0054791346,-0.00020925229,0.104188964,0.03825743,0.34284237,-0.1895101,0.113566265,-0.25535616,-0.10772974
-0.15736467,-0.19161625,0.18136805,-0.0007186787,-0.13854364,0.09411997,-0.24369484,-0.82835144,-0.053959835,-0.04096033,0.23250142,-0.29199395,0.095623106,0.04352158,0.25504085,-0.28712255,-0.2309958,-0.16396935,0.62481785,-0.12228813,0.00806599,-0.125568,0.6662318,-0.33926287,-0.24892668,-0.3951584,-0.07080243,-0.0038573958,-0.054731674,-0.044017047,-0.30305743,0.00039921975,0.0,-0.08242634,-0.020342406,-0.0076944707,-0.0001520383,0.061573215,0.06410005,-0.27425846,-0.32620007,-0.06321024,-0.019765692,-0.19351068
-0.22107846,-0.092958935,0.04034979,0.0024239928,-0.11700573,0.09169502,-0.21067372,0.4528944,0.13931352,-0.08867724,0.40712318,-0.2642984,0.1738634,-0.1052034,0.16584921,-0.32000375,0.18330365,0.46855757,-0.37864316,-0.061632063,0.010907931,-0.21361536,0.5100844,-0.29047358,0.22004536,-0.33299422,-0.06400058,-0.2955857,0.085065216,-0.64635533,-0.37040946,0.0012404791,0.0,-0.6460068,0.023105236,-0.0035999718,1.7522718e-05,0.04105194,-0.2358347,0.20505205,-0.13895619,0.089300096,0.054025665,-0.23425859
-0.14472474,-0.23974359,-0.55231977,0.0041111205,0.37915656,-0.30549052,0.009261437,-0.5468122,-0.081789374,-0.006231641,-0.21327525,-0.22976969,0.18910027,-0.15086159,0.076861665,-0.35309166,0.18133236,-0.08600391,-0.23708424,0.052002195,0.013626874,0.1329343,-0.94778085,-0.19909719,-0.12915085,-0.28624287,-0.09555842,-0.11575146,-0.00056152104,-0.055250935,-0.366876,0.00039921975,0.0,-0.17004575,0.0026817515,0.005653111,-0.010153457,-0.06911957,-0.27391076,-0.30652213,0.02990212,-0.030748814,0.052086413,-0.21220884
0.352951,-0.40557986,-0.28887588,0.003135465,0.35498655,0.075366296,-0.26610073,0.10083489,0.17918336,-0.042257547,-0.2502223,0.3345605,-0.3223666,-0.061139654,-0.06689444,0.5113861,-0.06681083,-0.13017616,-0.36744475,0.080982044,0.011497252,-0.058000017,0.7752138,0.17870045,-0.12334644,0.5960523,0.24282557,0.23028766,0.041015767,0.3649496,-0.29970896,0.0012404791,0.0,-0.5943126,-0.09093168,0.004136662,-0.0013383289,0.016319197,0.22891562,-0.26243624,0.05497997,-0.06761238,0.17662084,0.266681
0.011286504,-0.18051694,0.20463297,0.0020891596,0.3048917,0.07276322,0.08771464,0.06808459,0.16858263,-0.03140132,0.48038894,0.17799301,-0.27886635,-1.1030251,0.19758186,-0.043428004,-0.21864952,-0.12233395,-0.46671098,-0.058826968,0.011588192,0.18673891,0.5444438,-0.0887828,-0.22786818,-0.3858949,-0.031787083,-0.29029596,0.10190995,-0.07101422,-0.31091776,0.0012404791,0.0,-0.51033694,0.02488593,0.009090353,-0.0012861483,-0.059130702,-0.071510985,0.02703208,-0.13377863,-0.014827992,-0.14727671,-0.16126323
-0.2056165,-0.16877212,-0.026850421,-0.002142926,-0.38985825,-0.4940905,0.08279148,-0.23028933,0.13245532,0.02868068,0.4335403,-0.23410702,-0.055936918,-0.045981195,0.055245776,-0.15395941,-0.14342147,0.26733497,-0.29695627,0.093000285,0.018226825,0.17793144,-0.8808791,-0.06494069,-0.15861781,-0.4085441,-0.009492689,-0.0010260503,0.07195603,0.23833202,-0.15253957,0.0012404791,0.0,-0.09106359,0.049775116,0.044792317,-0.002912068,0.15307947,-0.16669223,0.073109075,-0.13180998,0.16547301,0.029526152,0.06638584
-0.121084556,0.75135565,-0.16299139,0.0014825766,-0.39836642,0.11345818,-0.2739718,0.14128543,0.15296601,-0.14531086,-0.31292456,-0.4084666,0.16238862,0.3371011,-0.29857236,-0.19797125,-0.16353561,0.3909719,-0.30979812,0.028985808,0.015896454,-0.6402135,0.33154666,-0.07850876,-0.34909377,-0.3041718,-0.10668627,0.017462466,-0.08437696,-0.13317232,-0.39090535,0.0012404791,0.0,-0.8214142,-0.030586692,-0.008672088,-0.0004541481,-0.06833774,-0.04274648,-0.023102053,-0.20159614,-0.05037015,0.01573349,0.1719928
0.1724158,-0.24667765,-0.23221914,-0.016035661,0.6115854,-0.3816347,0.16456781,0.6253891,0.15640478,-0.32944667,0.21872976,-0.1937994,-0.18619664,-0.7516685,0.053925194,-0.24262555,0.010859856,-0.12896563,-0.26889214,-0.12260911,0.012087272,0.16576114,-0.9575779,-0.10413025,-0.19776213,-0.25386924,-0.055147998,-0.04486431,0.022100912,-0.033966795,-0.16217192,0.0012404791,0.0,-0.069318734,-0.03579571,-0.02614274,-0.0009190807,-0.08982216,0.17422225,0.0918259,-0.032897636,-0.05946302,0.0850385,-0.061493706
-0.31430086,0.7162802,-0.008407481,0.007469539,-0.035242077,0.08341429,-0.2993906,0.1465202,0.15957725,-0.008674597,0.41404194,0.255226,0.17945245,0.03287566,-0.18471311,-0.04810229,0.20677713,-0.4964136,-0.3773128,-0.15004675,0.013974912,0.27858368,0.6669901,0.04179177,-0.37301108,0.42064795,-0.07226097,0.08751417,0.10757335,-0.13863441,-0.37356922,0.0012404791,0.0,-0.5305189,-0.08130052,-0.0010830194,-0.0006084809,0.0282059,-0.047124192,0.18506189,0.07421717,-0.030939111,-0.2888559,-0.19092643
0.25268447,-0.22168493,-0.20478368,0.0021184776,0.027959444,0.088043295,0.10474703,-0.050193794,0.15990657,-0.06111391,-0.19885217,0.42199838,-0.257601,0.39972475,-0.11018181,0.3170337,-0.08720278,-0.16039331,1.1693144,0.020799873,0.0077854437,0.25122648,0.7559694,0.1232748,0.16949515,0.2547102,0.01853245,-0.028901704,-0.1587634,-0.21390574,-0.22818701,0.0012404791,0.0,-0.58118635,0.028898152,0.0216845,-0.0012244108,0.019373294,0.011115924,-0.019357277,0.17376819,0.012940137,0.1818439,-0.005970407
-0.19704418,-0.21780342,0.2178073,-0.01078393,-0.6737924,0.17157581,0.20835091,0.2121947,-0.096575834,-0.088218495,-0.8250731,-0.2433881,0.021851819,0.36458573,0.056047954,-0.074268535,-0.21696058,-0.3161476,-0.29886556,-0.010672035,0.012448346,-0.009150857,-0.82773,-0.0021820222,0.14831434,-0.15927462,-0.024865996,-0.13952371,-0.014238942,-0.10044861,0.4830566,0.00039921975,0.0,-0.1362977,0.0014717807,-0.00014063931,0.0060131964,0.1586351,-0.006993571,-0.30921206,-0.0012466712,-0.011868636,-0.22951724,-0.07448517
-0.15775302,-0.4602656,-0.4297312,0.001338947,-0.3551569,0.12643364,0.018830817,-0.79394627,-0.08029797,-0.10542641,0.25141636,-0.07736177,-0.1361332,-0.64412874,0.08898676,-0.1745503,-0.2318499,0.069660634,-0.19679144,-0.030701227,0.014494719,-0.304719,-0.890166,-0.045230113,0.24343129,-0.34664315,-0.071744606,-0.03643581,0.11365155,-0.06381945,0.76598465,0.00039921975,0.0,-0.059954036,0.0028657469,-0.004533648,-0.001241345,-0.06251704,0.14247558,0.1629919,-0.04175071,-0.02304232,0.047826156,-0.07312052
0.32026258,-0.16352935,0.02759481,-0.017595883,-0.3160921,0.097048245,-0.27927047,-0.18624064,0.13272855,0.09376199,0.38252115,-0.35877922,0.0019027481,-1.1028041,-0.26627183,-0.45385888,-0.12033171,0.5277828,0.75863737,-0.018880315,-0.07875962,0.13588807,0.69722456,-0.14345089,-0.1291559,0.43508393,0.12928307,0.13079043,0.0055207657,0.36005658,-0.3576852,0.0012404791,0.0,-0.61455905,-0.02506349,-0.008993287,-0.0027716113,-0.083924174,-0.2254391,-0.30624822,-0.06651609,-0.05673636,-0.32534736,0.15990332
-0.17014919,-0.166873,0.23749709,0.004295055,-0.7032155,-0.3763396,0.049934782,-0.28630412,0.13511308,-0.049210157,1.0720104,0.10777109,-0.2918558,-0.78712845,0.062335975,-0.1618828,-0.1313105,-0.12196234,-0.29775122,0.00380512,0.015370105,-0.3075524,-0.8921626,0.12033029,-0.28680202,-0.31444204,-0.036105987,-0.070101164,-0.08114096,0.0559333,-0.42709193,0.0012404791,0.0,-0.6510262,0.035776805,0.008650564,-0.00060894067,-0.03211064,-0.08561957,0.0738252,-0.25315475,-0.030126467,-0.17909133,0.13766457
0.2318394,-0.24166037,0.2125808,-0.010595929,-0.6352631,0.13618259,-0.27699357,0.36765078,0.13764077,0.03686432,0.3019173,0.22709408,-0.13937992,0.042809628,0.06548546,-0.104704164,0.0023188428,0.33033714,0.8885712,-0.13416518,0.011307379,-0.107733026,-1.0268486,0.09350532,-0.15839224,-0.25483105,0.01271993,0.032445237,0.024919454,-0.12872547,-0.04888489,0.0012404791,0.0,0.0035224846,0.014229191,0.008557549,-0.00025516097,-0.0161635,-0.05626871,-0.16917942,0.014628907,-0.04387042,0.15913504,-0.33368403
0.04185146,-0.2192756,0.2242851,0.002755012,0.3758211,-0.16206694,-0.21339236,-0.4346064,-0.06142685,-0.16286214,-0.1615262,-0.22148646,0.08863696,0.018891985,0.052993435,-0.43607622,-0.24608769,-0.25893223,0.6372361,-0.06297883,0.009243488,-0.25859395,-1.1274923,-0.02489597,-0.19210851,0.44214672,-0.0076776957,0.061270155,0.056071386,-0.044128187,-0.35288632,0.00039921975,0.0,-0.098922156,0.002079072,-0.0076662237,-0.007037035,-0.0633061,-0.059925225,0.4003469,-0.18543902,-0.060624063,-0.05491009,-0.059704762
-0.4602567,-0.23917496,-0.54395264,0.0023307635,-0.007629104,0.13459928,-0.30934513,0.5080239,0.14528331,-0.087185964,-0.21919452,0.19566895,-0.26504272,0.014795648,-0.044808865,-0.22197704,-0.0064659826,0.20224425,0.9705486,-0.07793027,0.007827308,-0.119369194,-1.3391787,0.11557323,0.12678708,0.16381715,0.024070516,0.038873617,0.029607411,-0.11708593,-0.49556452,0.0012404791,0.0,-0.7403029,-0.025454748,0.018800922,-0.0096115805,-0.014277842,-0.06293334,-0.26767004,0.08992322,-0.055580847,-0.12988389,-0.31745726
-0.21853895,-0.53721607,-0.16407885,-0.015571563,-0.042763676,0.09709079,0.018697087,-0.5895117,-0.070686415,-0.04396788,-0.12030368,-0.22859915,-0.13164605,-1.2879705,0.22745354,-0.18098176,-0.08743061,-0.0029981302,0.6890895,0.00859259,0.01417902,-0.15222442,0.6579583,0.028073747,0.1088501,-0.37148163,0.06850996,-0.013124338,-0.119566225,-0.1583315,-0.33085263,0.00039921975,0.0,-0.0818783,-0.017875453,-0.007821552,-0.0013767437,-0.047659572,0.023472305,0.1617245,-0.33799365,-0.034095008,-0.05534063,-0.23970449
0.1568391,-0.21353547,0.04867308,-0.0018208027,0.09887911,0.072289385,-0.12248327,-0.19087143,0.20216793,0.060915615,-0.36095417,-0.36786485,-0.28793812,-0.0796325,-0.21490245,-0.16791296,-0.08422696,0.08336898,-0.3117429,-0.10536301,0.006283171,-0.5337567,0.44665733,-0.048672214,-0.2546786,-0.42098457,-0.109893285,-0.0793792,-0.1189653,-0.03641693,-0.26387239,0.0012404791,0.0,-0.6131192,-0.043768186,-0.012357373,-0.0012861483,-0.08245599,-0.0012044992,-0.10617853,-0.17063628,-0.059191946,-0.20393798,-0.044269104
0.24012609,-0.23192565,-0.0019017648,0.024358783,-0.18944888,0.12173801,0.14411168,0.18898898,0.17678574,-0.09865543,0.34239215,-0.33320656,-0.17524204,-1.1984766,-0.1631829,-0.2220675,-0.106762744,-0.19927162,1.0182723,0.14888594,0.0087876655,0.15572716,0.44910324,0.1501358,-0.17345218,-0.20326304,-0.13183436,-0.066984296,-0.09349194,-0.17720515,-0.106516525,0.0012404791,0.0,-0.13520078,-0.041591845,-0.03198172,-0.0012861483,-0.07919972,-0.06948133,-0.04001435,-0.08764043,-0.08421049,-0.31465277,-0.3204878
-0.2568469,-0.29794192,0.22820254,0.0034771909,0.32333174,0.1065629,-0.066457175,0.12033626,-0.06691858,0.022176407,-0.35352522,0.18749999,0.33330026,0.28177157,0.13459903,-0.06372867,0.07130252,0.35816386,-0.41557544,-0.06548442,-0.103608936,0.1105876,-0.9891069,0.06565028,-0.46720996,0.29006147,-0.05886945,0.0056784586,0.026264718,-0.031793058,-0.21787667,0.00039921975,0.0,-0.02165811,-0.017154535,0.01051545,0.0027913293,-0.021240903,0.010332221,-0.23996498,-0.041869577,-0.03768889,-0.30601355,-0.1807832
-0.23537247,0.32980865,-0.37683526,-0.0054514934,-0.080597095,-0.56329787,-0.0058876434,0.5825028,-0.05927941,0.09275721,1.0100873,-0.24559186,0.038886912,-1.4695172,-0.305729,-0.34456316,-0.11776921,-0.12588373,-0.22287741,-0.020608531,0.011803771,-0.3751931,0.4859193,-0.20333982,0.12554495,-0.30918047,-0.0041425456,-0.008927745,-0.021598741,-0.07266211,-0.4326571,0.00039921975,0.0,-0.07140715,-0.0015905472,-0.0033059616,0.0090078255,0.0163588,-0.3162172,-0.27217433,0.1794969,-0.0277319,0.026291778,-0.115113795
-0.07077728,-0.12535854,0.102261886,0.0020507919,-0.18495317,-0.36896157,0.038136553,-0.471937,-0.07666014,-0.08164949,-0.23315576,-0.15451416,-0.038171057,-0.7552753,0.090137996,-0.15077594,0.015613213,0.5073981,-0.27992386,-0.10771189,0.013609785,0.109137885,-0.71611404,-0.03351658,0.05478873,-0.2920726,0.01771452,-0.3515283,-0.0041216044,-0.16984613,0.29627538,0.00039921975,0.0,-0.02922983,0.013592868,0.0021548863,-0.0031920893,0.154587,0.1006409,-0.3179924,-0.21069077,-0.03087131,-0.095553905,-0.26159462
-0.23042019,-0.15894401,-0.47591528,0.002499113,0.3265628,0.066714294,-0.22473897,0.12664571,0.17538247,0.059371296,-0.3116452,-0.33367896,-0.0086403275,-0.05299799,0.17421874,-0.4263539,-0.26452336,-0.16923933,-0.29513422,0.018871307,0.017592307,-0.22334103,0.55659246,-0.30806577,0.52247024,-0.30207142,-0.05313103,-0.2714111,0.101546876,-0.28448,-0.4002906,0.0012404791,0.0,-0.66072786,0.01661957,-0.003986808,0.0029954156,0.06046743,-0.37961522,0.29486194,0.24910545,0.08875495,0.0009219983,0.0013881999
-0.05567727,-0.2280037,-0.055726975,0.0014871088,0.3824701,-0.27092102,0.044170823,0.04754279,-0.0831164,-0.10649656,-0.86911434,-0.28737694,-0.30110726,0.45733947,0.12295976,-0.17972215,-0.19913323,-0.23755088,-0.3974659,0.021194471,0.010386192,-0.43492192,0.56924325,-0.16143718,0.23375666,-0.35059568,-0.10405174,-0.51690596,-0.10410327,-0.5513313,-0.5356259,0.00039921975,0.0,-0.15049085,-0.0070330035,-0.0054366817,-0.0012861483,-0.08623101,0.08707881,-0.07569991,-0.16683301,-0.02439113,-0.013121644,-0.12736808
-0.26338783,-0.21084005,-3.9174018e-05,0.007622029,-0.5354792,0.060704388,-0.1744483,-0.5529011,-0.05601936,-0.14421156,-0.93695325,0.3465736,0.29120457,0.23524548,-0.101951316,0.10425274,-0.1466862,0.37678623,-0.42850617,0.039609745,0.014567251,-0.00031002518,0.61847705,0.028964188,-0.17939413,0.37836617,0.1052011,0.081179515,0.040998418,0.33837688,-0.30312362,0.00039921975,0.0,-0.036442053,-0.030796446,0.00069740624,-0.0006744092,0.026781633,0.050321463,-0.29053915,-0.09621921,0.01709892,-0.3724875,0.2694893
-0.16161628,-0.30518746,0.30179274,0.005516141,-0.27332053,0.110522754,0.17745338,0.18204902,0.14536424,-0.011529024,0.49160156,0.28117043,-0.24148451,-0.017118402,-0.13554376,0.3537405,-0.22230412,-0.096291184,-0.36891368,-0.09476574,0.01971453,-0.6315599,0.51733893,0.25027707,-0.20437962,-0.40331993,0.057770766,0.052348174,0.033616412,0.316132,-0.32749495,0.0012404791,0.0,-0.63710904,-0.044847686,0.002714186,-0.0013704017,-0.0058709723,0.059369802,-0.16575323,0.24852808,-0.010037387,-0.27742064,0.22230531
-0.10473305,-0.18684123,-0.45718193,-0.005064965,-0.108071975,-0.44641355,-0.10676985,-0.7035798,-0.05808022,0.13680944,0.3298871,-0.24504282,-0.0069979466,0.21754555,0.051557828,-0.3813385,-0.19758767,0.54357076,-0.20881605,-0.005394838,0.022042837,0.043175615,-0.81109047,-0.3253918,-0.20825718,-0.35504913,0.06093847,-0.23448144,-0.07467817,-0.04582487,0.67880285,0.00039921975,0.0,-0.04141625,0.0084650945,0.002284497,0.00095135695,0.13156654,-0.04106702,0.110656455,-0.034664337,-0.01446201,-0.12080648,0.20457526
-0.0069052433,-0.34407392,0.082062975,0.004659944,0.1544801,0.08795134,0.035601564,0.08473362,-0.065333344,-0.09353537,-0.28297818,0.21569414,0.4079131,0.19871469,0.106132805,0.41316995,-0.053806707,-0.13439603,-0.44248873,-0.11116643,0.01700728,0.1745592,-0.9160064,0.24830553,-0.22523499,-0.3776099,0.146039,0.14797868,-0.059954233,0.44957957,-0.49655926,0.00039921975,0.0,-0.021890916,-0.030230056,-0.0010382552,-0.0012248707,-0.008816062,0.078138106,0.21975477,0.07478124,-0.032854114,-0.1901815,0.23466991
0.06477908,0.6155851,0.007507009,0.0020908115,-0.28813156,0.10599536,0.0610966,0.43737665,-0.07985507,-0.050740793,-0.25761324,0.35617328,-0.4037023,0.4651044,-0.07377941,-0.1045118,0.02852675,-0.20965567,0.85781693,0.049122,0.010087501,0.46753398,0.7328637,0.032029383,-0.123052135,-0.2766883,-0.123621136,-0.37295097,0.048820924,-0.22872604,-0.6168843,0.00039921975,0.0,-0.08430823,-0.03684706,0.021874068,-0.0013767437,-0.005246566,0.11997924,0.049439535,0.13423242,-0.10412642,0.13166435,0.06467869
-0.18380861,-0.35954353,0.236428,0.0051092478,-0.094172105,-0.43373257,-0.123973146,0.4848056,-0.06352815,-0.04151026,-0.36869755,-0.45650923,0.032431513,-0.031335745,-0.23715104,-0.5080694,-0.050093126,0.3255936,-0.39085397,-0.049613718,0.011687925,0.24512453,0.4561916,-0.18861221,-0.23852934,-0.42692226,-0.12349565,0.033429902,-0.009356586,-0.14094318,-0.42079452,0.00039921975,0.0,-0.079244375,0.023735568,0.0018382068,0.0024026225,0.01399618,-0.59775096,-0.23019853,-0.06905237,-0.032065056,-0.09728923,0.055833474
0.044123426,-0.18405305,0.022254556,0.007027276,0.07152101,0.07819329,0.15872972,-0.68770564,-0.09778333,-0.10165085,-0.24325149,-0.25209528,-0.20978326,-0.94624525,-0.2828553,-0.14661539,0.08938139,-0.2842009,-0.36723748,-0.15473805,0.011400864,0.30184767,0.35095584,-0.0019218473,-0.22690146,-0.26332134,-0.11104103,-0.07303086,-0.017883666,-0.10862957,0.16133945,0.00039921975,0.0,-0.15845957,-0.004286404,0.002843698,-0.0007608137,-0.09054425,-0.09534315,-0.38489157,-0.037984468,-0.0075551155,-0.2408177,-0.37189558
0.12215686,-0.25915343,0.13275905,0.008488523,-0.12358987,-0.20643975,-0.0050593703,-0.09994096,-0.083323374,-0.010031659,-0.28939474,-0.2924695,0.34533894,-0.095003456,0.07197517,-0.11873816,0.11601155,-0.22739467,-0.38229227,-0.037980832,0.0154541,0.31695166,-1.0722882,-0.025782218,-0.18739246,0.5416367,-0.054012895,-0.18919584,0.07106906,-0.5058181,-0.36146715,0.00039921975,0.0,-0.14045526,0.0031561954,-0.0028279363,0.0018750757,-0.059441723,-0.029225973,0.21222353,0.06396717,-0.028054645,-0.21708842,-0.24909218
0.14255899,-0.65420884,0.0564609,0.0018495759,0.045010626,0.08587763,-0.14628015,-0.106931284,-0.07368238,-0.1373155,0.3236365,0.33734593,-0.32689002,0.46982092,-0.077606596,0.33224082,0.113138385,-0.52059186,0.9453515,-0.03930941,-0.08164124,0.42257166,0.777141,0.098449394,0.33208597,-0.24800155,0.03903675,0.03638836,-0.07636978,-0.19865611,-0.3906362,0.00039921975,0.0,-0.058577385,-0.03491039,0.02432001,-0.0012861483,0.011905342,-0.05654034,-0.00232263,0.1610831,-0.08206078,0.08762973,-0.36881533
-0.17585681,-0.28081447,0.107555285,-0.0012113615,-0.13906842,0.08433521,-0.20753402,-0.6275427,0.16184813,-0.18037432,-0.22659984,-0.5200049,-0.1861869,0.2742152,-0.17608067,-0.5252916,-0.14347371,-0.0042384095,-0.23941843,-0.014985662,0.011493324,-0.05261737,0.3788416,-0.40319178,-0.426783,-0.30148727,-0.07951625,0.014382879,-0.10373576,0.12961023,-0.4493694,0.0012404791,0.0,-0.6632754,-0.0033929744,-0.0058629257,0.0006894474,-0.0049751634,-0.34164402,-0.06452287,0.036375817,-0.05977857,-0.24573286,0.060193613
0.112697326,-0.25584728,-0.03836239,0.003801811,0.39067036,0.05709141,-0.01696266,-0.7654027,-0.055372734,-0.0050290884,-0.20399518,0.24522841,0.28226638,0.3400623,-0.18839152,-0.12089465,-0.14060284,0.38616955,-0.39811695,-0.009769712,-0.15742242,-0.6302692,0.48412877,-0.009034289,0.17805101,-0.4056411,-0.015048762,-0.019681416,-0.10545954,-0.16705658,-0.37841812,0.00039921975,0.0,-0.043650005,-0.015968293,0.0014416268,-0.0006222286,0.0330142,0.108529106,0.030542854,-0.2951563,-0.057532385,0.07231665,-0.05668459
-0.23835713,-0.080425814,-0.14352258,-0.0063605383,0.35790658,0.094880745,0.14983359,-0.534699,0.1502091,-0.19220036,-0.1414103,-0.22700994,0.101474136,-0.7739871,0.012617008,-0.45242977,-0.18716918,0.38924864,0.6409541,-0.086711265,-0.03595539,-0.14333212,-0.6759025,-0.34652904,-0.16328482,-0.21566242,-0.055317376,-0.27169806,-0.06887131,-0.39465576,-0.17186022,0.0012404791,0.0,-0.06160176,0.02870797,0.017976742,-0.00027563912,0.02911937,-0.35900745,-0.09321929,-0.31329414,-0.08355053,0.12443555,-0.28142112
-0.40451783,-0.24549992,-0.5246939,-0.012023917,0.34586024,-0.44930586,0.13448201,-0.6488858,0.1412413,-0.05418806,0.28670135,-0.23728268,-0.12764241,0.41093048,0.029980997,-0.2003496,-0.03519681,0.18625334,-0.23562519,0.047112364,0.015083071,-0.08102111,-1.0733924,0.06252615,-0.19936432,-0.33612785,0.13832292,0.10229394,0.053077992,0.36967453,-0.13518845,0.0012404791,0.0,-0.017224897,-0.07399306,-0.027295059,-0.0013471262,-0.081038535,0.12512203,-0.17488581,-0.05599209,-0.09171439,0.12397979,0.12902957
0.0991295,-0.26894796,0.24794313,0.0036943431,-0.000725328,0.08749954,-0.12768477,0.056708712,-0.058615357,0.0016672036,0.5357509,0.23124027,-0.419435,0.2529029,-0.005394349,0.30176672,0.046111524,-0.23666619,-0.3745046,0.022104712,0.015497156,0.11647911,-1.0905803,0.03579228,-0.16296987,0.33669442,-0.11403455,-0.06497586,-0.10972165,0.25700533,-0.47446635,0.00039921975,0.0,-0.039073795,-0.026568405,0.019084819,-0.00063061854,-0.03617626,-0.109201275,-0.060277924,-0.09511189,-0.021991314,0.10585806,0.16364089
-0.14755929,-0.14903757,-0.5080533,0.0020764223,-0.09654861,0.12656191,0.09821287,-0.32042617,-0.047850545,0.07543304,-0.24611367,-0.17947794,-0.083387844,-0.7472601,0.07126363,-0.2726342,0.07812391,-0.04159238,0.47920215,-0.07560919,0.010057589,-0.3466552,-0.9725946,0.01700177,-0.1870319,-0.17853671,-0.08467562,-0.017972037,-0.11204718,0.22364894,0.73276985,0.00039921975,0.0,-0.059603024,0.0074222884,-0.0018184958,0.008814029,0.13563107,-0.10011485,-0.052732002,-0.26940534,-0.03292616,0.11124358,0.27011466
0.2134904,-0.3028206,-0.37098435,0.0067747477,-0.067733966,-0.005771517,-0.2561732,-0.08636697,0.17405583,0.058390494,-0.27343446,0.39350915,0.20140119,0.38625473,-0.15911497,-0.05857099,-0.16960278,-0.1876271,-0.46124494,-0.07864751,0.013766388,-0.03503957,0.76447445,0.10399894,-0.27004623,0.7152565,0.023736738,-0.007740877,-0.12503183,-0.23263143,-0.37623245,0.0012404791,0.0,-0.75400543,-0.020507785,0.010234097,-0.000873172,0.024227427,0.0954024,0.018354192,-0.008990486,-0.069542445,0.08862501,-0.4072258
-0.12150577,0.5535857,-0.14842708,-0.009841304,-0.6075057,-0.488927,-0.14735657,0.5922602,-0.06476478,-0.040464524,0.27575928,0.20131932,-0.22869731,-1.4899675,-0.18429884,-0.24552718,0.039361626,-0.715756,0.7333933,-0.120632015,0.0045944215,-0.08297392,0.49327722,0.06839055,0.08211138,-0.27260852,-0.08460836,-0.038126234,-0.08916136,-0.09423143,-0.29616675,0.00039921975,0.0,-0.058362715,-0.03568888,0.011278324,-0.01019826,-0.013873512,-0.045996305,-0.052415453,-0.080221,-0.0056237923,-0.12728962,-0.18285029
-0.2838044,-0.2399534,-0.3447371,0.005918589,-0.62690884,-0.36994627,-0.16974038,-0.19458733,0.16690612,0.05120343,-0.2955038,0.16246073,0.13773403,-0.13790636,0.074906364,0.3830212,-0.17707738,0.24440886,-0.42003173,-0.0776171,0.0181245,-0.110554956,-1.171847,0.030462794,0.28929704,-0.30348998,-0.024558643,0.0006960386,-0.064389706,-0.18747294,-0.45362073,0.0012404791,0.0,-0.74504805,-0.0639848,0.0046169516,-0.0005774253,-0.024279958,-0.10793399,0.035819795,0.13622597,-0.056362335,-0.25608906,-0.3209672
0.083541125,-0.19980967,0.26262742,0.013171602,0.05974887,-0.404286,0.0499111,0.08175516,-0.1072498,0.002048988,-0.34254318,-0.19724391,-0.12562293,-1.0079628,-0.288432,-0.1795149,-0.22677618,-0.25028807,-0.37508613,0.030190445,0.013314525,-0.32640442,0.4354373,0.028282095,0.27803206,-0.3248463,-0.103526145,-0.073068306,-0.01951215,-0.052374944,0.24101776,0.00039921975,0.0,-0.12654181,-0.008524214,-0.0003825068,-0.0012861483,-0.09570063,0.12595195,-0.33159706,-0.11558694,-0.019647866,-0.17050737,-0.5082677
0.045992408,0.9039903,0.19472334,-0.0077526392,-0.107996225,0.10560423,-0.13140078,-0.731804,-0.07397415,-0.006296841,-0.13839124,-0.28311136,-0.14574128,0.4755844,0.07822842,-0.23488003,-0.17618114,-0.58833957,-0.25875595,-0.14962882,0.013204297,0.46348125,-1.0369875,0.08297351,0.12102175,-0.21670493,0.052852005,0.00664219,0.004097103,0.025289359,0.43033764,0.00039921975,0.0,-0.06999811,-0.00357696,0.010496601,-0.0009190807,-0.057318863,-0.07022208,-0.22625116,0.16563065,-0.017297722,0.050880816,-0.061572485
0.21689752,0.62648547,-0.011418652,0.0080721835,-0.13718346,0.073939964,-0.026310777,-0.17321685,-0.08262869,0.005486058,-0.83458966,0.17632005,0.38512513,-0.86606294,0.031132843,0.08134204,0.13720068,-0.5731386,-0.48944324,0.006112159,0.017010596,0.51927316,-0.72993404,-0.0003212401,-0.09763525,-0.27915567,-0.098542154,-0.06745679,0.07164513,-0.1711386,-0.27945247,0.00039921975,0.0,-0.09409597,-0.053028688,0.012874346,-0.001241345,-0.01621259,-0.046588205,0.030113159,-0.121219754,-0.07569627,0.13546261,-0.20178394
-0.15828146,-0.20868799,0.27310207,0.0007776292,0.13944101,0.113613345,0.12693009,0.5470789,0.20196277,-0.24030882,-0.29249662,-0.16231838,-0.23911835,-0.83307207,0.043289296,-0.15663551,-0.10452062,-0.119463935,-0.25674626,0.108126916,0.01271713,-0.04119794,-0.69891053,-0.02123292,0.19192785,-0.28388762,-0.048624214,-0.008996172,-0.08347611,-0.5187771,-0.07200413,0.0012404791,0.0,-0.03486359,-0.05647915,-0.025607673,-0.0009190807,-0.07376189,0.1596586,-0.06849933,-0.09306244,-0.05407047,-0.035075832,-0.201829
-0.20395158,-0.3242276,-0.6536901,-0.01838243,0.33680603,-0.320804,0.07154587,0.04581517,0.16162598,-0.12864302,0.29382133,0.15574998,-0.1924946,-0.09026198,-0.038512543,0.20424652,-0.2250749,-0.39981562,-0.4951629,-0.06583042,-0.15837072,0.33645684,-1.2498479,0.029443368,-0.31161082,-0.2668659,-0.14185216,-0.025720563,0.0012939158,-0.1742963,-0.111683875,0.0012404791,0.0,-0.12584656,-0.039854687,-0.004670652,-0.000625415,-0.05800419,0.06544913,-0.09644684,-0.019438386,-0.027090788,-0.2431454,0.007919701
-0.16913109,-0.23208149,-0.21006235,0.005070138,-0.8182663,-0.27508888,0.0062774094,-0.64199835,0.18792753,-0.12071617,-0.63479173,0.24133347,-0.26540917,-0.110820495,-0.117283374,0.18812846,-0.12792806,0.03807338,-0.5357286,-0.06466596,0.010740576,-0.06493361,0.6369384,0.01197212,0.39984685,-0.39632243,-0.010420164,-0.021047678,-0.092754126,-0.27031416,-0.27037367,0.0012404791,0.0,-0.6282506,0.04014342,0.009151152,-0.0013767437,0.011682898,0.020875512,0.04426763,-0.20342286,0.0018060785,-0.2766879,-0.2999515
-0.2893711,-0.19736381,-0.1821812,-0.0034436132,0.14173363,0.072673306,0.0006634431,-0.6535479,-0.081433795,0.010706814,-0.8392891,0.24090302,-0.33650956,-1.4003136,-0.069087274,-0.17523408,-0.15161183,0.010894091,-0.41334033,0.03647909,0.011791697,0.353493,0.59849495,0.07500348,0.09076423,-0.31780618,0.10424859,0.08113805,0.008527813,0.35191324,-0.4776182,0.00039921975,0.0,-0.064883836,-0.045689497,-0.0018618954,-0.010329577,-0.004896294,-0.2181845,-0.29089978,-0.020242572,-0.01992853,-0.33720207,0.21726836
-0.2378729,-0.24324404,0.19575702,-0.0017171553,-0.108222805,0.10851827,0.115007624,0.1519202,0.15299833,-0.0882312,-0.3677294,-0.46624064,0.021140488,-0.04141173,-0.16862056,-0.41732493,-0.29363307,0.41247672,-0.40688166,0.012802976,0.010277916,-0.018882776,0.42978182,-0.35552892,-0.2709139,-0.40183172,-0.019543804,-0.032122716,0.15787342,-0.55925167,-0.38527325,0.0012404791,0.0,-0.7999931,0.029183773,-0.0024557845,1.7522718e-05,0.029366238,-0.11451662,0.015058915,-0.17009164,-0.014578534,0.033742152,-0.14078279
0.11704326,-0.24464461,0.17124106,0.000990382,0.3705759,0.10597197,0.16492894,0.31247532,0.1413395,-0.08450119,1.0022774,-0.24929152,-0.21723399,0.0456555,-0.0064096134,-0.27294928,-0.15579486,0.05137875,0.7123106,0.13498956,0.010027827,-0.038193583,-1.1275669,0.16055176,0.18435341,-0.35125244,0.13491832,0.046278134,-0.053817898,-0.106848784,-0.06416905,0.0012404791,0.0,0.021489337,-0.028806629,-0.028752036,-0.0009190807,-0.07801064,-0.044498943,-0.037405834,0.007720932,-0.054440446,-0.047921073,-0.22238927
0.33493793,-0.30635932,0.14992234,0.0036144704,0.2983218,0.07661108,-0.25810364,0.13555022,0.16515148,0.14635788,-0.2773305,-0.2926068,-0.02244484,-0.01677978,0.021952845,-0.19436999,-0.19722795,0.2357689,-0.24898553,-0.028259909,0.013684503,0.32107523,-1.0437025,-0.07078412,-0.20726657,0.24447791,-0.15429984,-0.10979799,-0.10234311,0.2343253,-0.35097277,0.0012404791,0.0,-0.6161227,-0.03470489,-0.01993195,-0.00063061854,-0.066219136,0.02182666,-0.05821021,-0.12988923,-0.06408008,-0.17410386,0.2500143
-0.09017581,-0.116152175,0.2721083,0.0047664475,-0.20788857,0.13423435,0.0825417,-0.13910086,0.16506788,-0.045358907,0.40902194,-0.19176836,-0.13611872,-1.2752956,-0.25844023,-0.16368836,-0.21215746,0.3752555,-0.27819675,0.10610252,0.011996164,-0.33693713,0.45681402,-0.09045563,0.12748574,-0.41248927,-0.075156845,0.05846696,-0.008869264,0.101798706,-0.048904628,0.0012404791,0.0,0.061891228,-0.04568648,-0.016929286,-0.0006222286,-0.081632756,0.0947548,-0.21668941,-0.13603681,-0.03842762,0.034241937,-0.021106448
0.011519304,-0.19909206,0.1782171,-0.014570925,-0.09989388,-0.31329733,0.1334108,-0.5499061,-0.066134326,-0.083801635,-0.24472247,-0.15900728,-0.080157466,-0.825361,0.08836495,-0.21749777,0.07874944,0.3283885,-0.3004752,0.053917605,0.013206318,-0.06304214,-0.9307134,0.07141191,-0.15211412,0.36130875,0.009832465,-0.02334357,-0.028935473,-0.02692839,0.5448625,0.00039921975,0.0,-0.013062391,0.018065086,0.0034376876,-0.007037035,-0.057345256,-0.32592154,-0.3992395,-0.11995103,-0.028040737,0.09573685,0.0055961977
-0.023003127,-0.22460143,0.29574224,0.004460975,0.45926198,0.061740004,-0.12940146,0.0016321556,-0.08979703,-0.07535706,-0.8015434,0.18148088,0.2859478,0.19410981,-0.0093836775,0.330114,-0.06990225,-0.19184773,-0.44163543,0.02192321,0.014060671,-0.36922178,-0.6918729,-0.0793677,-0.42521298,-0.28436756,-0.05457073,-0.43953776,-0.06439689,-0.6018284,-0.35095567,0.00039921975,0.0,-0.1211395,-0.01717117,0.009172758,-0.00030315068,-0.03182914,-0.08139651,-0.04232156,-0.05479877,-0.06411359,0.046611093,-0.42080992
0.11990387,-0.2324982,0.01814087,0.004686194,0.089198984,0.05145338,-0.20932946,-0.6929378,0.2015416,-0.13615027,-0.15850306,0.30012074,-0.2368139,0.31440523,-0.18100286,0.43008602,-0.15136336,-0.23476902,-0.43549186,0.032629672,0.016658882,-0.6362341,0.51235,0.017743766,0.14777152,0.2964825,-0.1315118,-0.14844203,0.03084232,-0.1731072,-0.34759012,0.0012404791,0.0,-0.61450344,-0.016225228,0.008550085,-0.000873172,-0.018062793,-0.034246773,-0.2778717,0.07877576,0.0009981092,0.11301462,0.093791395
-0.3061906,-0.5930195,0.25858077,0.0033392636,0.10758247,0.068122834,0.010643698,0.40078133,-0.07284926,-0.048870694,-0.44512117,0.2473954,-0.32513836,-0.06906188,-0.17661758,0.14627022,-0.19951932,0.31349042,-0.5056966,-0.022103684,0.010637553,-0.0009712274,0.68544245,0.06483926,0.12909074,0.37789854,-0.0023655477,0.038778234,-0.10794894,-0.19478425,-0.55827826,0.00039921975,0.0,-0.03871837,-0.021268994,0.0026859452,-0.000873172,-0.0057997536,-0.0013078445,-0.023286382,-0.048122253,-0.075328104,-0.31557024,-0.39775848
-0.005427981,-0.4179066,0.15780102,0.0075180093,-0.014915772,0.08878115,-0.13144612,0.11931513,-0.07521594,0.017061312,-1.1874145,-0.35639337,0.3038917,-0.027706357,0.1383308,-0.09457305,0.123415224,-0.08157223,-0.36352387,0.003214569,0.023127964,0.41066286,0.5444811,0.059680488,-0.24609068,-0.36658928,0.016644124,-0.004116825,-0.08762629,-0.14761554,-0.3753752,0.00039921975,0.0,-0.014072221,-0.003698293,0.0050189835,-0.0012861483,-0.062499695,0.026560068,0.053705327,-0.1421429,-0.025270158,0.042063277,0.052544653
-0.14691968,-0.2443276,-0.20792921,-0.025255818,-0.010015907,0.06249789,-0.24050735,-0.06418224,-0.07499561,-0.17550533,-0.37531936,-0.3116339,-0.22018561,0.34890574,0.26285893,-0.07705857,-0.14441212,-0.024342392,-0.22240125,-0.038751043,0.022605795,-0.057106875,0.839503,-0.24605316,-0.22554763,0.44111526,-0.06609254,0.17638628,0.015653117,-0.06914091,0.59264255,0.00039921975,0.0,-0.2955603,0.024612207,0.0018503519,-0.0012244108,-0.04720538,-0.032307334,0.29261404,-0.096877486,-0.024714725,0.03330337,-0.078790955
-0.1565029,0.8325383,-0.39585748,0.0011831233,0.2529345,0.107222736,0.099399045,0.21394122,-0.07041353,0.08486142,0.3522929,-0.44907492,0.13156061,0.38544065,-0.30802193,-0.2937044,0.05572571,-0.27610603,-0.34919804,-0.058961064,0.019565333,-0.10409195,0.5593364,0.0381489,-0.19437668,-0.2805666,-0.12268001,-0.045849252,0.030252377,-0.0677867,-0.51171917,0.00039921975,0.0,-0.09324408,0.013696837,-0.004417663,-0.010288855,-0.100053705,-0.13985279,-0.20816156,-0.14957199,-0.02914692,-0.009126517,0.051036883
0.12001277,-0.28307167,0.036942575,0.004584317,0.41846624,0.034319513,-0.13359447,-0.5423982,0.3850081,-0.0031006152,-0.13181032,0.33440855,0.14132711,0.23096584,0.13288648,0.47305253,-0.073466726,-0.7657394,0.9916945,0.048510514,0.00960167,-0.18953454,0.5783206,0.07228634,-0.2705615,-0.3402604,-0.06902065,0.1394734,-0.09098838,-0.15220718,-0.2557801,-0.011950837,0.0,-0.032843824,0.04501299,0.0030778013,-0.0012861483,0.028626662,-0.17722417,-0.031037422,-0.15956226,-0.011910823,0.15706824,-0.10952079
-0.33109954,-0.21002874,-0.39102682,0.0026796595,-0.075462036,-0.2647578,-0.15645626,0.026223566,-0.06828151,0.08280571,-1.0666609,0.24758385,-0.33289978,0.009572323,0.0034838803,0.34738213,-0.08542296,-0.0858167,1.0987862,0.035169415,0.010449826,0.37053254,0.8095048,0.12049479,-0.3045329,0.3435739,0.02662108,0.07423211,0.053521447,-0.17893173,-0.33628133,0.00039921975,0.0,-0.0028428244,-0.039278653,0.021914128,-0.0006084809,-0.005051248,-0.15094744,-0.2608995,0.09117514,-0.034353852,-0.11339117,-0.07756579
0.0288074,-0.6208576,0.03393859,-0.012097878,-0.41502258,0.006051263,0.16520517,-0.42049024,0.15917465,-0.24532808,-0.21982697,0.27744457,-0.26277375,0.50334954,0.028417146,-0.09444891,0.011084633,-0.108121045,-0.3496725,-0.029001068,0.01789727,-0.07280601,-1.3935832,0.1498762,-0.18198757,-0.23951444,0.18709007,0.15531369,0.04401828,0.3241029,-0.011136645,0.0012404791,0.0,0.011892708,0.023069868,-0.012193728,-0.0012248707,-0.029869245,0.030855952,-0.19901332,-0.032181837,-0.03134673,-0.075909264,0.3248539
-0.11651798,-0.11068444,-0.2670033,-0.024070315,0.5411923,-0.34076917,0.029454743,-0.20848158,0.40474898,-0.04978567,-0.22421056,-0.30335182,-0.022153806,-1.1517701,-0.25664824,-0.29470196,-0.17859001,-0.19982637,0.7505888,0.041263618,0.0054785446,-0.1389807,0.5145281,-0.009077188,0.14502361,-0.31870663,-0.05791209,0.09042651,-0.1678523,-0.012281116,-0.2702365,-0.011950837,0.0,-0.12531915,0.007618899,0.0017030268,-0.010288855,0.07676982,-0.18070436,-0.1384763,-0.36078915,0.1607613,-0.10428212,-0.0064780214
-0.20172332,-0.10308182,-0.58754927,-0.0010539289,-0.24274428,-0.38717195,0.030485194,-0.7422034,0.1622362,0.066636056,0.20307958,-0.22187543,-0.12021538,-0.07324993,0.04018394,-0.25652996,-0.11831994,0.20583646,-0.21698569,-0.100202985,0.0114512695,-0.080594204,-1.0088212,-0.12349725,0.25520563,-0.37433016,-0.100089066,-0.3472675,0.060356695,-0.5262314,-0.19843581,0.0012404791,0.0,-0.10580946,-0.09477219,-0.03223542,-0.001241345,-0.06571732,0.04391343,0.12343987,-0.048919067,-0.08376098,-0.04736082,-0.11367001
-0.19443046,-0.12344181,-0.5507437,-0.0017015254,0.3041223,-0.14829323,-0.019034026,-0.47383276,-0.05285166,0.10744555,-0.22531718,-0.17834362,0.027940072,-0.91569144,-0.2912212,-0.11035608,-0.19302952,0.57318765,-0.2580911,0.043263044,0.011843668,-0.2602059,0.5038922,-0.40611959,-0.49147895,0.4103636,-0.040827736,-0.004312598,0.14843114,0.020173907,-0.52127033,0.00039921975,0.0,-0.050123073,-0.0022243368,0.00160625,-0.00046759588,0.07828025,-0.053860757,0.4669228,0.009014858,-0.06227934,-0.004211678,-0.013443579
0.19150996,-0.19128828,-0.01370977,0.0052345535,0.10501351,-0.3249338,-0.11367677,-0.67566234,0.15737253,-0.026175296,-0.17199068,0.23352613,0.2598535,-0.08466709,0.052487392,-0.07269,-0.169946,0.23423764,-0.40704998,0.06975759,0.016883165,-0.16081816,-1.216468,-0.010535408,0.12419232,-0.32161984,-0.11851029,-0.03747148,-0.08962551,-0.21491207,-0.4430868,0.0012404791,0.0,-0.76829,-0.022498371,0.0042835716,-0.0005774253,-0.009080945,0.0040321113,-0.01643261,-0.22203778,-0.02411392,0.03295093,0.08415842
0.014978017,-0.26628873,0.09881667,0.002709916,-0.13075116,-0.49374953,0.08579464,-0.39985988,0.14255746,-0.06860458,0.38900417,-0.29322314,-0.27005285,0.2455562,0.083776146,-0.22652678,-0.0838876,0.288214,-0.2610897,0.022985723,0.018455112,-0.12160444,-1.1353445,-0.038423352,-0.22738732,-0.4209381,0.09479142,0.09100833,0.0144492425,0.2471944,-0.40038967,0.0012404791,0.0,-0.74627525,-0.042337757,-0.0136966435,-0.0006832065,-0.064016566,-0.010322984,-0.20663936,-0.10096088,-0.06808852,0.061075117,0.24874105
-0.096289985,-0.14075305,0.14839487,0.0036418748,0.29610312,0.10559861,0.14869325,0.22043443,0.15749165,-0.15096332,0.38180655,-0.1501687,0.018534612,-0.834159,0.085661106,-0.2374939,-0.1886837,-0.6326342,-0.22318135,-0.066927075,0.015162522,-0.2637778,-0.908797,-0.0016342737,0.14608341,0.3853668,0.007816426,-0.15826742,0.04926748,-0.24195749,-0.4108056,0.0012404791,0.0,-0.58489394,-0.014017176,-0.013622314,0.0018750757,-0.07091927,0.032611832,0.14296915,0.29228064,-0.04138479,-0.04332532,-0.24352704
-0.21847355,-0.18468565,-0.43121943,0.0035847968,-0.14675906,-0.42961004,0.014049404,-0.2333079,-0.06941481,-0.08485852,-0.24007206,-0.29310086,-0.29246372,0.25651103,0.09339392,-0.21707326,-0.2508589,-0.026309054,-0.27425554,-0.1663404,0.0138693955,0.102921896,-0.9824843,-0.2813312,-0.27050975,-0.27507883,-0.09038809,-0.06923148,0.0018426381,-0.07565601,-0.42124817,0.00039921975,0.0,-0.1667685,6.5452885e-05,0.004541411,0.00812187,0.084035,-0.19716337,-0.2553192,-0.08082062,-0.06677674,0.17388605,-0.10867029
-0.1118657,-0.26656365,-0.094302855,-0.0057166736,-0.24554132,0.11859593,0.09692827,0.4001845,-0.061887287,-0.16322143,-0.37448606,-0.21275589,-0.0677781,-0.13232578,0.06692102,0.020553483,0.015316523,-0.7402564,-0.32191232,0.008431702,0.01131592,-0.03403902,-1.0018419,-0.1959129,-0.34536973,0.28268707,-0.10280218,-0.47717795,0.100234374,-0.5533512,0.44477576,0.00039921975,0.0,-0.06681847,0.033353787,-0.0009796012,-0.01906325,0.15523922,0.022301093,0.10745383,-0.048680056,-0.019723607,-0.17776512,-0.25756586
0.09005589,-0.37021303,0.036420178,0.009703506,0.3185281,0.094577454,0.11139133,0.19113503,-0.0872247,-0.039367307,-0.28882733,-0.24599698,0.32675382,-0.08406336,0.1426396,-0.12166829,-0.05290828,-0.17989151,-0.3275654,0.10259762,0.015111088,0.2541921,-0.7650684,-0.05396742,0.14417559,-0.25239927,-0.055950616,-0.4225468,0.03989563,-0.14304106,-0.41806123,0.00039921975,0.0,-0.09614537,-0.0029371025,-0.0032617685,-0.0012248707,-0.06786219,0.02470534,-0.16775726,0.020758927,-0.01932968,0.06802277,0.3242607
0.083670825,-0.540823,-0.15665641,0.002448632,-0.0039293244,0.05227762,-0.1414517,-0.28024948,-0.07340903,0.082210995,-0.20548399,-0.25484714,0.25490135,0.30831757,0.06530098,-0.1587113,0.1776142,-0.23103528,-0.23370422,0.10965124,0.020365676,-0.02853575,-0.93939483,-0.06092637,-0.19536486,-0.36869672,-0.10304868,-0.45206884,0.033041634,-0.6844574,-0.39429662,0.00039921975,0.0,-0.12816755,-0.010767179,-0.0061560976,-0.0009190807,-0.045572124,-0.100488,0.2560866,-0.043431714,-0.04014528,0.00868071,-0.09677157
-0.073920704,-0.5164649,-0.42515594,-0.008540836,-0.5364501,0.07320972,0.1900313,-0.6802562,0.17997614,0.11201247,-0.24811082,-0.22638112,-0.16396943,0.33432856,-0.24222367,-0.15201682,0.06144846,0.41274363,-0.1978874,0.041232802,0.010554069,-0.5049909,0.6662564,-0.082077175,0.11000358,0.40465823,-0.08160182,-0.18766779,-0.103723325,-0.12121968,-0.0838176,0.0012404791,0.0,-0.10735646,-0.07536185,-0.0197195,-0.0005604911,-0.059800636,0.14401895,-0.08325355,0.023563879,-0.035268616,0.14516859,-0.14570612
0.26676962,0.75561804,0.16946988,0.0022475065,-0.39351127,0.15037625,0.03485808,0.44308004,-0.048242502,-0.039473355,-0.23666225,0.20739816,-0.3653186,0.45045048,-0.017221577,0.43462652,-0.064117625,0.48509598,1.0541964,-0.075949594,0.009569874,0.18825811,-0.9743506,0.12160596,0.14970621,-0.15488936,0.059310403,0.079838924,-0.1159385,-0.17096528,-0.608535,0.00039921975,0.0,-0.017960412,-0.041119903,0.016936725,-0.00025516097,-0.019103868,-0.03646691,-0.018549409,-0.07769616,-0.081478715,0.14385454,-0.2955215
-0.13570264,-0.13459101,0.0022195627,0.0086629335,0.35230854,-0.2154677,-0.1608421,-0.4575699,0.16070223,-0.2940932,-0.1156102,-0.11898434,-0.02520507,-0.5672852,0.07288621,-0.114271484,-0.16587023,-0.15387824,-0.138566,0.00034740334,0.015397481,-0.10896894,-0.66445976,-0.37359023,-0.15864335,0.2825104,-0.020842273,-0.3043618,0.098905995,0.12145169,-0.48935997,0.0012404791,0.0,-0.58732283,0.042925425,-0.002899737,-0.00954273,0.10488211,-0.15731217,0.2565382,0.0049511814,0.12472853,-0.013388412,0.057059273
-0.17380163,-0.10967272,-0.5623984,0.004416614,-0.06973178,0.07747379,-0.1552265,-0.15961812,0.14926252,0.13130377,-0.32214436,-0.20551568,0.17627527,-0.030380942,0.07234159,-0.48134607,0.14943002,0.257148,-0.1953243,0.10558225,0.01499809,-0.19211322,-0.9171914,-0.3253113,-0.21770415,0.24894409,-0.065437295,-0.31992772,0.070023656,-0.12560055,-0.47011533,0.0012404791,0.0,-0.68312484,0.0214095,-0.0031413913,-0.0014361977,0.065877475,-0.28378046,0.20406327,0.29677847,0.11103758,0.07498068,-0.0062103043
0.16718313,-0.27981088,0.041932654,-0.004072845,-0.35076365,0.07276704,-0.27906644,0.36463794,0.18876734,-0.077136226,-0.9684575,-0.30834836,-0.12455629,-0.108528,-0.06857456,-0.1726288,-0.026136244,-0.44417584,-0.4297429,-0.16316858,0.008134126,0.16329083,0.6448055,0.01985049,-0.24768065,0.17599969,-0.15773763,-0.1906267,0.040897425,-0.10110696,0.0005785562,0.0012404791,0.0,0.055191502,-0.079652905,-0.033493266,-0.0027182482,-0.053921964,-0.09328022,-0.12392885,-0.017234925,-0.06287462,-0.1739269,-0.14495663
-0.40592337,-0.36516267,0.16442063,-0.0085744085,-0.04242251,0.13103937,0.24899194,0.18540289,0.13842884,-0.06435675,-0.314857,-0.31761953,0.05616856,0.37032646,0.03398152,-0.44351047,-0.12739515,-0.08245895,0.5640129,0.050275963,0.010755426,0.14527732,-1.1480412,-0.27067265,-0.18335022,-0.21088982,0.11274653,0.11276912,0.046582557,0.22418396,-0.442758,0.0012404791,0.0,-0.72535086,-0.06019172,-0.014330845,-0.0101369815,-0.0667262,-0.1788244,-0.14939116,0.15833123,-0.07452788,-0.019922486,0.13384037
-0.39291242,-0.30028728,-0.42008325,0.004508336,0.0849152,0.12237318,-0.23432866,-0.3393591,0.1600815,-0.17910516,-0.23960681,-0.27011192,-0.11421212,-0.029976146,0.06658677,-0.26920623,0.07691168,0.02305009,-0.17591015,-0.071466446,0.013759522,-0.15937737,-1.0354056,-0.23333049,-0.2397331,-0.24263999,0.0734724,0.072102495,-0.014437994,0.16825233,-0.43956923,0.0012404791,0.0,-0.75168204,-0.050737888,-0.008822918,-0.010259237,-0.058856566,-0.60685134,-0.23787488,-0.011449077,-0.09743878,0.026981553,0.12228592
-0.28387764,-0.1764377,-0.66712165,-0.021720683,-0.5397422,0.169217,-0.2617747,0.25262052,-0.06863671,-0.13416275,0.43194014,-0.12842815,-0.17946412,0.40957937,0.038254593,-0.12933835,-0.16368738,0.48242083,-0.18437742,-0.0632199,0.019430136,-0.32986462,-0.82815677,-0.23981513,0.18188503,-0.14827159,-0.049205147,0.0021938477,0.042601537,0.046990257,0.6408521,0.00039921975,0.0,-0.3263927,0.023279803,-0.00034975243,0.001751312,0.052179076,-0.13774042,0.02702988,-0.11483532,-0.038213484,-0.17384921,0.12849121
-0.3645398,-0.6581822,0.074765265,-0.0039474717,-0.45404536,-0.5738326,-0.31101122,0.62108064,0.18163626,0.043695077,0.28063542,-0.4220361,-0.19967648,-0.024397999,-0.20400196,-0.25714025,0.0011456059,-0.14942582,0.6524136,0.07114646,0.0063981866,0.35945293,0.6275296,-0.011947295,-0.17538549,-0.31222013,-0.10497269,-0.10339692,-0.019079154,-0.13823597,-0.35096702,0.0012404791,0.0,-0.4609018,-0.06412664,-0.030814262,-0.01019826,-0.051418114,-0.17739023,-0.26113874,0.16956574,-0.062439892,-0.10606981,-0.0330262
-0.30451375,0.34068254,-0.6127004,0.0015076437,-0.6419864,-0.45311978,-0.09073416,-0.2801166,-0.06687646,-0.12132631,0.91975754,-0.11376285,0.02232903,-0.96605253,0.11940873,-0.13276371,-0.06990306,-0.2753967,-0.11258806,-0.099072866,0.02119845,-0.083852,-0.9267533,0.051089536,0.07782351,0.37542754,-0.09633894,-0.035822637,-0.14558665,-0.05711633,0.6962536,0.00039921975,0.0,-0.05164617,0.0113833025,0.0010038903,-0.0096115805,-0.040499307,-0.37073785,-0.110253945,0.14851229,-0.031529725,-0.03702936,0.08170738
-0.09598016,-0.20234638,0.10783666,-0.017287537,-0.6433642,0.1575941,0.18539992,0.13172616,0.16505955,-0.24394219,-0.2906534,-0.22500096,-0.044517614,0.37500533,0.018152855,-0.05305271,-0.23155747,-0.13252169,-0.2816723,-0.16698243,-0.15596189,-0.06946829,-0.9958829,-0.38006258,0.11114731,-0.17557752,-0.07663006,-0.3606574,0.02074219,-0.028356222,-0.07979438,0.0012404791,0.0,-0.15554397,0.020665033,0.022577573,-0.0101369815,0.1102309,-0.099134505,0.16942039,-0.017614389,0.20178065,0.092515476,0.048793007
-0.11223024,-0.19997473,0.1831027,0.013501147,-0.62480724,-0.3598222,0.05051792,-0.1763798,-0.053431433,0.004820424,0.3814912,-0.22661327,0.14041048,-0.060329724,0.052432097,-0.3225712,0.014166061,-0.5990485,-0.34395245,-0.10798798,0.016088787,0.27794376,-0.63351196,-0.2564069,-0.18324314,-0.27130806,-0.025847398,-0.3709734,0.10620564,-0.40044108,-0.41616946,0.00039921975,0.0,-0.11351634,0.020702,0.008581909,-0.00026280573,0.039937854,-0.39480752,0.18240914,-0.08341518,0.17420813,0.003117491,0.104751885
0.30222452,0.5070423,0.167192,0.0041738027,0.33525974,0.047606718,0.07320553,-0.10344558,-0.06075182,-0.043079972,0.7899118,0.1902582,-0.1547448,-1.0001638,-0.13277087,0.6400343,-0.18540756,-0.1561707,0.8731804,-0.093168825,0.0111862505,-0.6764845,0.47875488,0.31337523,-0.19090909,-0.29341525,0.08692446,0.1181522,-0.0578087,0.45851028,0.4303376,0.00039921975,0.0,-0.031252194,-0.007582876,0.0014149854,-0.0013704017,-0.0023560096,0.2343769,0.33858508,-0.4175501,-0.010362993,0.16274716,0.23199393
0.105415165,0.63770604,-0.5125923,-0.010178455,0.28006575,0.06835578,-0.15848596,-0.19707449,0.17915002,-0.11166005,-0.24765904,0.15646799,-0.22394873,-1.0894955,0.015631804,0.48463526,-0.046521965,-0.11968564,-0.40702474,-0.028380554,0.014131511,0.16910762,-1.0218087,0.1519563,-0.2857638,-0.1958666,-0.007684833,0.13161603,0.048999373,-0.1261269,-0.120867096,0.0012404791,0.0,-0.11625354,-0.013440244,-0.012987003,-0.000625415,-0.052840263,-0.12752618,-0.15725933,-0.017360616,-0.049127467,0.06643749,-0.35474235
0.10000979,0.86676145,0.15193938,-0.023572583,-0.12748715,0.048477367,0.1814157,-0.6319852,0.1613462,-0.19354789,-0.111945674,0.24766132,-0.2562545,0.3425334,0.030078452,-0.113769904,-0.0071006212,-0.11256879,-0.33039695,0.05587063,0.016933894,-0.03348617,-1.1895996,0.23849414,-0.22326638,0.44700184,0.11165307,0.083472274,-0.071114674,-0.1486321,0.012508444,0.0012404791,0.0,-0.120311074,-0.012943891,-0.0057739327,0.0024910057,-0.028736284,-0.033289947,0.08109354,-0.03930383,-0.0018956583,0.13808413,-0.16191758
0.08108102,-0.31058455,0.13599907,-0.0013239511,0.1101379,0.11831396,0.020178776,0.53007936,-0.055631284,0.133548,0.49695748,0.19842401,-0.14791676,0.5962712,0.13117257,-0.070535004,-0.11386832,0.025565162,-0.38628808,0.032735057,0.021465683,0.32750344,0.7238532,0.061902624,0.22929774,-0.29535908,0.05089988,0.07280179,-0.09451474,-0.14414999,0.59986645,0.00039921975,0.0,0.004640556,-0.032473367,0.0011517394,-0.01019826,-0.021098537,-0.03969868,0.24890295,-0.073804095,-0.10242024,0.15626831,-0.2073163
0.37084934,0.5642662,0.090206265,-0.008422904,-0.40088725,0.061583772,-0.2293596,0.5238482,0.16914296,-0.03495723,-0.30339718,0.28984138,-0.2613966,-1.50196,-0.1710789,-0.21101736,-0.023012344,-0.19389834,1.0681981,-0.068549916,0.006961317,-0.1603141,0.3818942,0.028901188,0.079125434,-0.14988221,-0.11000996,-0.046787348,-0.10234634,-0.18245289,-0.3738101,0.0012404791,0.0,-0.61715144,0.10190949,0.024013301,-0.0012861483,-0.0067062285,0.12920529,-0.030429816,-0.050650556,-0.00946695,0.14513353,0.061835736
0.09144129,-0.25385684,-0.109376065,0.004694499,-0.95350087,0.04913061,-0.06057776,-0.06885827,-0.10570914,0.01309371,-0.4282182,0.25579315,-0.27685782,-0.032964054,-0.18439367,0.38602865,-0.22810957,-0.81400424,-0.45575255,-0.11889181,0.0103260875,-0.50879985,0.5603124,0.053101264,0.24778615,0.3317323,-0.115202665,0.027992202,-0.12190442,-0.10743403,-0.44702047,0.00039921975,0.0,-0.09787971,-0.036268197,0.007317636,-0.0012244108,-0.0088237645,-0.05662145,-0.095154874,0.18114883,-0.06646231,0.06889964,-0.19161999
0.48133934,-0.30632636,-0.40479404,0.0022765053,-0.11496723,0.090278424,-0.27766806,0.5092706,0.18119057,-0.08439888,-0.17818372,-0.26533425,-0.28860915,0.022023067,0.027948404,-0.2170388,0.06888279,-0.46644855,0.8212634,-0.05950741,-0.07469253,0.16323367,-1.202012,0.10090003,-0.15775655,0.16750115,-0.12936434,-0.015447892,0.06360473,-0.05398885,-0.084543705,0.0012404791,0.0,-0.12772858,-0.0788217,-0.04225262,-0.0006994693,-0.07304374,0.15006948,-0.15569723,0.03047807,-0.13138698,-0.3758111,-0.11091221
-0.10603847,0.83651006,0.1337194,-0.007804399,-0.17788957,-0.45481038,0.15391523,-0.1534575,-0.05643294,-0.06979919,-0.3162623,-0.5004837,-0.30476564,0.11494366,-0.21943754,-0.24734876,-0.27668616,-0.16849218,0.71376586,0.046245903,0.009364754,0.29811135,0.59886867,0.06041821,-0.12895459,-0.33720326,-0.084710844,-0.039026953,-0.094445,0.21216208,-0.43471032,0.00039921975,0.0,-0.054058317,-0.022128405,-0.0069188317,-0.0013704017,-0.07769063,-0.023358157,-0.06269332,-0.0829375,-0.01816901,-0.015991013,0.14006612
-0.1468987,-0.11067903,0.21348831,0.008484742,-0.741401,-0.35242718,-0.030926995,-0.54228795,-0.07396148,-0.069556445,-0.22034998,-0.11927049,-0.081117064,-0.7091974,0.10241606,-0.369608,0.030562919,0.4508821,-0.38205793,-0.046535768,0.01268761,-0.14384219,-0.69473135,-0.30070588,0.21353857,-0.356905,-0.0074941716,-0.006530326,-0.122085154,-0.12331428,-0.3531653,0.00039921975,0.0,-0.09152325,-0.0009681168,0.009732576,-0.002384313,0.06416012,-0.26984203,0.09547821,-0.035393003,0.1965437,0.114329636,-0.24454547
-0.38029134,-0.22657597,-0.457276,-0.014439846,0.36354724,0.08064123,-0.17644542,0.015240912,-0.049398534,0.06601779,0.9800502,-0.3385479,0.2583714,-1.1331941,-0.28011653,-0.1935008,-0.0521391,0.21598081,-0.26303998,-0.025414608,0.01721673,0.23622608,0.4885937,-0.19029681,-0.18528631,-0.3739052,0.12583837,0.09881698,6.982405e-05,0.3075981,-0.2775507,0.00039921975,0.0,-0.07255829,-0.0016950506,0.0033629674,-0.0013704017,-0.09277223,0.06247796,-0.2379138,-0.091261566,-0.04269509,0.016998945,0.14309624
-0.22331412,-0.31050843,0.08166442,0.004023088,0.07587905,0.03513489,0.11944396,-0.5688088,0.1653334,-0.064720355,-0.13830948,0.24811913,-0.26554894,0.31823763,0.079831176,-0.13983077,-0.18580917,-0.52292144,0.98079824,-0.05165021,0.005481458,0.21081305,-1.357844,0.09485812,-0.20752925,0.36065763,-0.06836504,-0.035704616,0.02641751,-0.12656535,-0.42502332,0.0012404791,0.0,-0.6150159,-0.004276588,0.020160958,0.0018750757,-0.028417675,-0.055100165,0.093972884,0.1634722,-0.02834387,-0.18605715,-0.35475707
0.16727206,-0.18360874,0.0057368726,-0.004549017,0.050242536,0.06643249,-0.14564715,-0.07567552,0.19163719,0.12900123,-0.331665,0.24716046,-0.26406193,-1.4762347,-0.17261365,-0.15657887,-0.03688379,-0.21899854,-0.37373176,0.079267085,0.010510322,-0.106858306,0.49455708,0.014724241,-0.28944263,0.3186338,-0.1597913,-0.008493994,-0.127966,-0.16043432,-0.43732113,0.0012404791,0.0,-0.67902267,0.053038854,0.009617027,-0.0006084809,0.008937771,0.10241576,-0.105926536,0.093999356,-0.029264512,0.10644448,-0.10052275
-0.20369197,-0.18979432,-0.36216524,-0.0059049577,-0.6758099,0.09522112,0.14893578,0.5238482,-0.056749955,0.013717604,0.46093464,0.19282643,-0.094577506,0.5123575,-0.16893224,-0.072844796,0.055295385,0.32541135,-0.29401153,-0.0849769,0.018609397,0.37631446,0.7652992,-0.32811305,-0.12439285,0.24987502,0.077363044,0.12656565,0.019180743,0.27396816,0.5184455,0.00039921975,0.0,-0.005214806,-0.018140875,-0.0019630734,-0.0013383289,-0.010097094,0.020604486,-0.30050197,0.03266035,-0.021686213,-0.4126258,0.22945146
-0.084774464,-0.3630905,0.23031929,-0.009735387,0.47733897,-0.26421455,0.08040435,-0.51607126,-0.0680532,-0.24340488,0.8367495,-0.12940797,-0.089414634,-0.6235316,0.069596335,-0.19251494,0.05586457,-0.21620621,-0.26756,-0.0237546,-0.14246114,0.14113462,-0.88026124,-0.170839,-0.09197546,0.5521458,-0.049331132,-0.39870334,0.0504574,-0.45185086,0.38260007,0.00039921975,0.0,-0.07320913,0.022432232,0.00071043166,0.0018750757,-0.06543544,0.16990782,0.24800384,-0.030547205,-0.022533761,0.057641752,-0.1985127
0.25012425,-0.3153679,0.16227229,0.0045806463,-0.052693456,0.12867674,0.09380972,0.09095926,0.17753349,-0.13652658,-0.34333405,0.40457648,-0.3806519,-0.11406764,-0.09022592,0.28076887,-0.10449232,-0.086705066,-0.5585831,-0.024529602,0.015052643,-0.05550011,0.6691336,0.25849992,0.16264695,-0.32156083,0.18589596,0.13443328,0.0069895447,0.40438518,-0.25605497,0.0012404791,0.0,-0.6636011,-0.010591023,0.0029807184,-0.0013704017,0.009008789,0.0049920445,-0.12968361,-0.10571332,-0.0068231015,0.12962873,0.3221451
-0.28862378,-0.19717339,-0.55063677,0.003984837,-0.31837672,0.09744942,-0.11563197,0.47471437,-0.07890848,0.025994344,-0.31073347,-0.24305335,-0.010842529,-0.07788779,0.074381664,-0.3011268,-0.11564358,-0.7287142,-0.27547792,-0.14638862,0.012384774,-0.34113067,-0.5886796,-0.28004602,-0.23198377,-0.17493223,-0.08379984,-0.054661233,0.0484248,-0.5282267,-0.44332895,0.00039921975,0.0,-0.13430786,0.022595664,0.005905516,-0.00015500945,0.05220779,-0.3868829,-0.037871044,-0.10410808,0.19735625,0.025964895,-0.01573008
-0.20190029,-0.35722595,0.05397627,0.0034970334,-0.24902302,0.09059329,0.021419525,0.47272894,-0.06665209,0.06690607,-0.41371757,0.2894921,0.25191742,0.5948412,0.11664416,0.2564181,-0.080830894,0.30596575,-0.48214784,0.025282042,0.016979398,-0.008723631,0.5837468,-0.042315815,-0.28600794,-0.37016788,0.023437332,0.048118483,-0.09530847,-0.17368993,-0.56230754,0.00039921975,0.0,0.023305511,-0.026827564,0.0026859452,-0.0012861483,0.0013865912,-0.002433477,-0.018336479,0.02172587,-0.040188782,-0.2308149,-0.3413875
-0.1156065,-0.2706617,-0.60062164,0.0008713978,-0.75240654,-0.37655222,-0.019771662,0.17612553,-0.059440177,-0.068205535,-0.3486215,-0.1833427,-0.34354016,-0.8508434,0.016267367,-0.21489227,-0.16180387,0.43608758,-0.33718413,0.034618203,0.016805885,0.17937274,-0.94594544,0.01165221,-0.0928002,0.44422084,0.048594218,0.0006740533,-0.06273722,0.19401477,-0.57856685,0.00039921975,0.0,-0.046782352,0.018414067,0.00259928,-3.5549572e-05,-0.06066637,0.15950277,0.17995737,-0.09563266,-0.042689137,0.05280506,0.028429864
-0.21792191,-0.29851583,0.13870981,0.0026618703,0.4361518,-0.43906102,0.1339313,-0.28278005,0.13191034,-0.10289956,-0.32191288,-0.2949128,0.19452785,0.027957365,0.05990989,-0.38219434,-0.058563806,0.18224229,0.687893,-0.0035897826,0.011520293,0.12382507,-1.1890081,0.11630963,0.17470579,-0.3072788,0.032702036,0.027669385,-0.07919347,0.16836345,-0.52891284,0.0012404791,0.0,-0.8031257,-0.041255333,-0.025361955,-0.00056095095,-0.08928891,0.06251432,0.036176793,-0.009270015,-0.058812335,-0.03371238,0.17565511
0.17287432,-0.25750613,-0.24319887,0.003080647,-0.50519156,0.041688032,-0.007411547,0.4985504,-0.079640366,-0.0023578126,0.5209843,0.20087585,-0.38258153,0.4329296,0.122412466,-0.03627739,-0.15292756,-0.6379548,-0.3731314,0.019443339,0.014387993,0.52433085,0.8093784,0.02342673,0.11440586,0.6005858,-0.1355992,-0.018319082,0.035681177,-0.1316946,-0.574613,0.00039921975,0.0,-0.06751378,-0.022601092,0.017207049,-0.0012244108,-0.031997938,0.1416737,-0.18469945,-0.037389863,-0.06400636,0.18221639,-0.23344374
-0.22196604,-0.2575921,-0.32783982,-0.020248413,-0.053954355,-0.29646462,0.05853864,-0.43599394,-0.052830424,-0.15552387,-0.1802431,-0.40749198,0.057927713,0.34271982,-0.20450342,-0.560932,0.013655333,0.432611,-0.40520042,-0.13658722,0.014649215,0.14855626,0.45236698,-0.36709276,-0.17997743,-0.3828811,-0.029845536,0.0076738964,0.14598796,0.030479474,0.47388038,0.00039921975,0.0,-0.29387528,0.014000698,0.003196852,1.7522718e-05,-0.0032148126,-0.35670528,0.069294065,-0.17327495,0.081126094,0.075839914,-0.11863045
-0.09194279,-0.66697145,-0.27128613,0.002665455,0.33728084,0.087559335,-0.25115874,-0.3429061,-0.055713933,-0.05189501,0.21855052,-0.27812028,-0.35958466,0.31778356,0.05828182,-0.29571122,0.0059141116,-0.16752638,0.47563592,-0.02829713,0.012738101,-0.15714286,-1.2943027,-0.00905536,-0.25920728,-0.3067144,0.015997272,0.1442584,-0.06505815,-0.06934241,-0.4847892,0.00039921975,0.0,-0.07667365,-0.02117935,-0.0036250344,0.00812187,0.060196586,-0.10745107,0.3443269,0.048414502,-0.09896637,-0.07558872,-0.057699837
-0.24572617,-0.31272686,0.14545873,0.004558824,-0.84416497,-0.47092733,0.048544936,-0.016399477,-0.0685346,0.012200132,-0.30184302,0.17248175,0.19534642,0.23586367,-0.024198638,0.35708195,0.07921586,0.02112867,-0.4986857,-0.15447477,-0.14063103,-0.03461233,-0.894814,0.031572733,-0.17356673,-0.39161932,-0.022303566,0.041580897,0.069636285,-0.11600508,-0.4174639,0.00039921975,0.0,-0.035180397,-0.017062021,0.0089643635,-0.0009190807,-0.011591595,0.04240711,-0.14645402,-0.08976996,-0.06278063,-0.28506336,-0.08813039
-0.20764272,-0.14636,0.19397265,-0.004847485,-0.008890111,0.06895117,-0.16033687,-0.5207553,-0.062038403,0.025190953,-0.1841143,0.304025,0.19921678,0.40350804,-0.07986834,-0.23445843,0.008055745,-0.13569818,0.72960633,-0.066620424,0.008184165,-0.0388304,0.6141668,-0.35312793,-0.2105233,-0.39711714,-0.09294083,-0.3463565,-0.12381804,-0.5939441,-0.22268368,0.00039921975,0.0,-0.079914965,-0.039979126,0.022774762,-0.01019826,0.039571274,-0.09813428,-0.12369951,-0.10555199,-0.05475232,-0.16765824,-0.15046363
0.103736915,-0.16672395,0.035120748,0.0041008955,-0.97886765,0.11002474,-0.020962393,-0.95883554,-0.062201876,-0.053906832,0.86805755,0.18007804,0.22357064,-0.057424985,0.04915395,-0.11297298,-0.21107392,0.07159362,-0.39379078,-0.06476491,-0.11051981,-0.1181903,-1.054722,0.053075988,0.0972341,-0.33417708,0.051946647,0.03407815,0.012376891,-0.20396571,-0.3731043,0.00039921975,0.0,-0.066479735,-0.02814649,0.0070474735,-0.0009190807,-0.008465931,0.06432985,-0.22209299,-0.29706305,-0.030622292,0.08155164,-0.3294078
-0.25697073,0.5826199,-0.113538526,0.0012902732,0.43585938,0.02351415,-0.23517226,0.42428672,0.16584301,-0.22056168,-0.33768645,-0.22418061,-0.09477691,-0.08610501,0.22119395,-0.14484079,-0.01521955,0.36138767,-0.32472304,0.0727654,0.011554448,-0.5172933,0.5551221,-0.6096604,-0.23668227,0.29612032,0.021442005,0.008756571,-0.12075879,-0.16017018,-0.4029693,0.0012404791,0.0,-0.8113329,0.029405607,-0.002551865,-0.0027893528,0.07819143,-0.11885241,0.16101128,-0.16246708,0.039245646,0.09036772,-0.16158025
0.16397196,0.40318868,0.11199403,-0.004762129,-0.9237993,0.0924072,-0.19834374,-0.18456519,0.17656754,0.06327124,-0.3477599,-0.20881994,0.17422755,-1.0977484,-0.24629341,-0.16525152,0.12424056,-0.17555413,-0.23906246,-0.059585,-0.1200207,-0.38579467,0.3864691,-0.08439704,0.08581433,-0.22536044,0.005952199,-0.15131688,0.105105944,-0.09874061,-0.36326733,0.0012404791,0.0,-0.43449733,-0.034836374,-0.012357373,-0.0012861483,-0.04754394,0.03566376,0.04307838,-0.17790838,-0.031028097,-0.17943251,-0.10007934
-0.039585244,-0.16044225,0.1239444,0.004759075,-0.43899238,0.091091976,0.031263385,-0.3447193,-0.060069427,-0.024759049,0.3742297,-0.26226404,0.06140276,0.29167366,0.104412295,-0.117623314,-0.23351844,-0.12674055,-0.32173428,-0.11020468,0.017159171,0.14868751,-1.0995593,-0.101266354,0.17635533,-0.33269298,-0.064867504,-0.105987206,0.12302373,-0.039614405,-0.6457829,0.00039921975,0.0,-0.09328195,-0.015616935,-0.0022089868,0.0060131964,0.068256326,-0.12980743,-0.063327834,-0.0498664,-0.046771176,-0.114560515,-0.37824988
-0.33178967,-0.16439782,-0.4585577,0.0024696789,0.12436287,0.08435032,0.056605548,-0.10919112,0.15166995,-0.14668828,-0.29431933,0.22286513,0.25574523,-1.132798,-0.11444551,0.4468516,-0.12541136,-0.05726385,-0.36569515,0.0019405978,0.019642496,-0.1170226,0.6236109,0.4617473,-0.17531964,-0.420506,0.03923754,-0.008560214,-0.07868925,0.19876283,-0.47687656,0.0012404791,0.0,-0.6217113,0.022129552,0.009151152,-0.0013767437,0.029093888,-0.03374217,0.040596105,-0.21162102,-0.019147843,-0.30141002,-0.029414184
-0.22604448,-0.19319116,0.2028096,0.0030691624,-0.41305456,-0.2716795,-0.22422367,-0.40636775,-0.060010694,0.12795343,-0.22694805,0.21106659,-0.30405125,0.025849512,0.022791168,-0.21708891,-0.07098079,0.3916036,1.0425597,0.033592388,0.011619676,0.112904325,-1.1805663,0.110991746,0.2440594,0.81189513,0.10535465,0.10189151,0.058736302,0.14311966,-0.25821966,0.00039921975,0.0,0.024427691,-0.024830164,0.0035968986,0.0025389954,-0.023763807,0.03950425,-0.27150357,0.10403325,0.037968606,-0.12671353,-0.27355257
-0.044425674,-0.19159178,-0.03648002,0.009602716,0.46081486,0.058148865,0.015227663,-0.6265189,-0.06202113,-0.02618611,-0.1729245,-0.25309664,0.026473582,0.3590818,0.056850113,-0.48109752,0.012899774,-0.008178489,-0.35492352,-0.04903265,0.012114218,-0.04384539,-0.7897485,-0.31495118,0.28916895,-0.3254189,-0.015589132,-0.024574304,0.08779679,-0.50767523,-0.40797663,0.00039921975,0.0,-0.13483027,-0.016203366,-0.0041268063,7.869676e-07,0.06764337,-0.30594867,0.065617904,0.12011289,-0.0107522225,0.1410001,-0.1926443
0.07763051,-0.17604622,0.17925352,-0.00075153296,0.43176714,0.036575302,-0.21452607,0.20769003,0.17940697,0.1599487,0.41179726,-0.18124141,-0.20642282,-0.039814875,0.023410952,-0.13133928,0.026598837,-0.15846144,-0.2573326,-0.06640143,-0.13140683,-0.30271432,-0.73892534,0.023170553,-0.31655067,-0.37274557,-0.050912537,-0.21565667,0.04836959,-0.39355257,-0.039952174,0.0012404791,0.0,0.09167261,-0.02608974,-0.023999607,-0.00030315068,-0.070809454,-0.056732725,0.21232055,0.17200646,-0.1006898,-0.2023882,-0.16596402
0.18745369,0.5075089,-0.39849883,0.0016202542,-0.4842352,0.089587964,0.016389104,-0.90493405,-0.05934862,0.0076724817,0.120983995,0.16662174,0.26707754,-0.93450785,0.05035667,-0.23845561,-0.03585962,-0.22412632,0.8711346,0.015454702,0.009301854,0.12384726,-0.9470204,0.2104113,0.071751334,-0.30099142,0.047212392,-0.0026087128,-0.10470692,-0.2479669,-0.33039668,0.00039921975,0.0,-0.0610544,-0.03875738,0.011301971,-0.0009190807,-0.0016608586,0.10887537,0.025151221,-0.42316642,-0.046542548,0.1475975,-0.26133063
-0.16282345,-0.23494123,0.21911195,-0.016259225,-0.15355408,-0.53718174,0.1241302,-0.2239593,-0.07687751,-0.21156141,-0.33258367,-0.18106708,-0.12003883,0.18893808,0.08268941,-0.22767581,-0.06158437,-0.8575483,-0.23947413,0.15341446,0.018033195,-0.43518007,-0.8663306,-0.04545654,0.19701219,-0.34959117,0.019598354,-0.10218205,0.115346946,-0.06341149,0.563174,0.00039921975,0.0,-0.08751473,-0.009919815,0.0023253455,-0.0101369815,-0.06488666,-0.03242077,0.29164624,0.1777971,-0.011370839,0.0028614192,0.22543372
0.12460268,0.9745078,0.18804887,0.0049897437,0.212591,0.11395697,-0.025751729,0.5884937,-0.067326084,0.0008366187,-0.36931565,0.16960834,-0.44410694,-0.020198988,-0.022283148,-0.081501335,-0.09149494,0.5098817,-0.42536068,-0.017641472,0.012608671,0.35104036,-1.0703646,0.020288117,-0.12205141,0.23965244,-0.12462296,0.10504366,-0.12184682,-0.053622477,-0.5999261,0.00039921975,0.0,-0.011866688,-0.039266758,0.01051545,0.0025389954,-0.053607933,0.14344199,-0.049601052,-0.22301048,-0.09566158,0.08023686,-0.3734055
0.17320609,-0.122225285,-0.063865796,0.02316817,-0.12510726,-0.34208387,0.18328892,-0.6083646,-0.080844015,-0.08843672,0.2096982,-0.22630356,-0.054977734,-0.8790333,-0.21730837,-0.24373287,-0.16979487,-0.25560445,0.7853215,0.01739343,0.007634784,0.17004924,0.5317226,0.0021894341,0.27620634,-0.3723177,-0.08490351,-0.051832005,0.15702319,-0.10757908,0.5967775,0.00039921975,0.0,-0.048695173,-0.021187302,0.0013449613,-0.0013767437,-0.06606638,0.14127545,0.25566274,-0.27399403,-0.018975679,-0.32888484,0.04324826
0.15558437,0.6543802,0.14302282,-0.0031417399,-0.7704135,0.08076303,0.12648958,-0.6930588,-0.05717652,-0.0882236,-0.5085702,-0.31744316,-0.27763054,0.13023871,-0.1533274,-0.31211418,0.35590258,0.54704875,0.81821835,0.026094588,0.008423687,-0.28721386,0.57394713,-0.07107202,-0.23672691,-0.23811112,0.033808563,0.036301877,0.016790047,-0.08919909,-0.3309986,0.00039921975,0.0,-0.06961432,-0.0067668045,-0.002878838,-0.0013781185,-0.058523457,-0.029247383,-0.26812807,-0.28200433,-0.037227653,-0.19122645,-0.2714233
0.11259497,-0.56340975,0.22278635,-0.011406479,-0.47957772,-0.23512559,0.11583477,-0.42628863,0.16286154,0.13141146,-0.21570446,-0.20227313,-0.11664727,-0.0016658459,0.060663916,-0.09031067,-0.052994367,-0.14332078,0.78880984,-0.12305599,0.01151106,0.25358418,-1.0791545,0.026244577,-0.2514074,0.36471996,-0.11588503,-0.25869778,0.04752892,0.011110107,-0.07663945,0.0012404791,0.0,0.05369217,0.04196514,0.020506425,2.999953e-05,0.1927222,-0.06629175,0.2006756,0.040736414,0.22555383,0.09754221,-0.11148203
-0.2610239,-0.26812434,-0.6172656,-0.013113797,0.39826941,0.06015656,0.29548854,0.11455605,0.16339472,-0.06208802,-0.22899376,0.2171501,-0.1989088,0.33015293,-0.11751078,-0.10044227,0.15373878,-0.07935733,1.0207424,0.015761087,-0.07813154,-0.6072885,0.75386614,0.10881297,-0.48612177,0.33430973,0.053348765,-0.002721083,0.062591456,-0.09300254,0.065037236,0.0012404791,0.0,0.0682213,-0.043320596,0.015319018,-0.0006084809,-0.013608424,0.063844286,-0.25381514,-0.06260938,-0.015791696,-0.27981752,-0.0119857695
-0.37864515,0.54005665,-0.3139816,0.0040022116,-0.44151244,0.09986284,-0.14773828,-0.5899777,0.1635466,0.0041051824,-0.12487621,-0.2936606,0.13291101,0.39260417,0.041918937,-0.521698,0.081113406,-0.06066431,-0.25568876,-0.054835103,-0.12143652,-0.14390013,-0.79407525,-0.4776123,-0.19222979,-0.23602508,0.033627965,0.041524917,-0.10491397,-0.13265349,-0.41368935,0.0012404791,0.0,-0.7186919,0.004064006,-0.007709091,0.0021094605,0.032431632,-0.38945213,-0.04218866,-0.113692634,-0.05680106,-0.18016934,-0.08331187
-0.005717452,-0.0999487,0.10723157,0.00072114833,-0.9486667,-0.115364276,-0.10108085,-0.42418528,-0.06565684,0.014983639,-0.22871408,0.15798818,-0.34356296,-0.99482,-0.15006624,-0.05363249,-0.007815424,-0.3110046,0.9336237,-0.08083556,0.007924937,-0.053080086,0.50157785,-0.051163208,0.048726182,0.466463,-0.06325656,-0.30583537,0.1276443,-0.23937193,-0.35478064,0.00039921975,0.0,-0.106266014,-0.043108907,0.011267917,-0.000873172,-0.012834555,-0.07789437,0.5294707,-0.3257908,-0.05926747,0.1375421,0.08358843
-0.3181284,-0.132231,-0.36524028,-0.00094455574,-0.5375214,-0.2169678,0.044355445,-0.5872407,0.16596071,0.04190305,0.19112948,0.18692228,-0.21334483,-1.3193612,-0.16466413,-0.11961722,-0.12209643,-0.11762388,0.9438968,-0.072016194,0.0069839307,0.32689303,0.63543135,0.22554968,-0.14282973,0.35538062,-0.0032297224,-0.020293383,-0.10120912,-0.28166765,-0.051001195,0.0012404791,0.0,-0.033825543,0.020932188,0.011013949,-0.0012244108,-0.020560684,0.11046314,-0.04212828,-0.056912407,-0.015412862,-0.17727022,-0.32898685
-0.18855633,-0.25592285,0.106674075,0.0048083817,0.037951384,-0.30463928,-0.001201117,-0.111340225,-0.07455901,-0.03146668,-0.28664815,0.18865314,0.32317716,0.5210396,0.025658103,0.40757185,0.04945964,-0.03728055,-0.4904631,-0.12658827,-0.14248452,-0.4608651,-0.87687755,0.024664834,0.16942401,-0.38551083,-0.07549758,0.10766057,-0.10364805,-0.14287181,-0.28820428,0.00039921975,0.0,-0.028667437,-0.023891542,0.0019167485,-0.0009190807,-0.012682269,-0.18592665,0.014603152,-0.105028465,-0.06919745,-0.16012597,-0.24653557
0.11231464,-0.08962053,-0.51615596,0.0031027673,-0.30236292,0.045904513,-0.20043728,-0.5501699,0.13038701,0.06066703,0.7100117,0.20597123,0.29435825,-0.60451996,0.0591554,1.005309,-0.109478414,-0.107208915,0.83156645,0.0793843,0.0081217745,-0.20172793,-0.9759862,0.18847796,-0.13645983,-0.2647164,0.10043972,0.10362611,0.014530748,0.47061902,-0.30839,0.0012404791,0.0,-0.43970287,0.02496264,0.005648806,-0.0013471262,0.0017164042,0.30705413,-0.2441692,-0.4984266,-0.058271382,0.09706312,0.25845635
-0.27119517,-0.22996469,0.30503327,-0.014637325,0.15482162,-0.5103073,0.16678794,0.7117586,-0.05306812,0.17343307,0.4212898,-0.20968446,-0.06072072,0.25551417,0.1384281,-0.040674623,-0.064704366,-0.050606858,-0.2311079,0.027753752,0.01843062,0.12432835,-0.9908858,-0.01547175,0.15567566,0.3367263,0.077398896,0.1258352,-0.01995477,0.35685128,0.57285875,0.00039921975,0.0,-0.006911956,0.026609149,0.0026054506,0.0041257013,0.20902075,-0.12088983,-0.36783352,-0.15067689,-0.0060343603,-0.3033993,0.29362336
-0.045955405,-0.34711626,0.20318384,-0.0020638728,0.07739447,-0.48575425,0.08014142,-0.26821187,-0.06359611,0.067067355,0.39473182,-0.4964019,-0.37045258,0.245069,-0.29377943,-0.3588451,-0.12239649,0.43203232,-0.35223013,-0.08412131,0.019020997,-0.031229889,0.59554744,-0.035875842,-0.37280658,-0.4610786,0.10692373,0.11785394,0.025273915,0.29480857,-0.34917173,0.00039921975,0.0,-0.07563337,0.0019627428,0.0023083398,-0.0014623719,-0.10258827,-0.11835439,-0.1639419,-0.0909146,-0.02365947,0.068421975,0.1962579
-0.099046,0.6160505,-0.06619815,-0.0095933005,0.47229165,0.09735245,0.014272049,-0.1804229,-0.06549696,0.03545405,-0.27591872,-0.24648704,0.05501475,-1.5201168,-0.28527084,-0.10073625,-0.23343487,-0.10337783,-0.35337442,0.18463951,0.0126809245,-0.01678393,0.40143487,-0.06181841,0.13744052,-0.36963227,0.044021282,0.0012537721,-0.1435419,-0.15232888,-0.4706926,0.00039921975,0.0,-0.13620952,-0.025389545,-0.0050234366,0.008415032,0.09761062,-0.09532646,0.06765944,-0.22222395,-0.018550213,-0.035689496,-0.2836984
-0.114986055,-0.0645451,0.26064762,0.008900074,-0.16191033,0.10735243,-0.15668297,-0.7346948,0.12313104,0.16218947,0.8586381,-0.16407923,0.17753805,-0.057774134,0.050625157,-0.29201645,-0.015512519,0.26973265,-0.21376972,-0.11422608,0.014278592,-0.10459732,-0.6185566,-0.2311579,-0.27446964,-0.30693358,-0.0008318047,-0.20592032,0.13463607,-0.45653567,-0.49818063,0.0012404791,0.0,-0.63884944,0.013431402,-0.0021346686,-0.0022636831,0.03076159,-0.23409554,0.31439954,-0.029484816,0.082717754,0.06838421,-0.057116654
-0.23866387,-0.11094809,-0.103977,0.0026028005,-0.6868208,0.116067044,-0.19888397,-0.50379866,0.15181771,-0.19846389,-0.17235424,-0.30337083,-0.06403139,0.2649393,0.044099748,-0.447109,0.17599612,-0.011751725,0.5455589,-0.10235749,-0.050795607,-0.15233332,-0.8274133,-0.35062188,-0.22366042,-0.16100976,-0.045653515,-0.17081766,-0.08063481,0.07893879,-0.50832117,0.0012404791,0.0,-0.6418353,0.013676351,-0.016987108,0.0021094605,0.027669864,-0.3514165,-0.068559974,-0.04968429,0.13012439,0.12106327,-0.25391155
-0.18355769,-0.13632065,-0.3650772,0.0014093292,-0.0655411,0.054655842,-0.08789457,-0.65479916,-0.06990831,0.019943412,-0.19761992,-0.18285513,0.12320344,-0.934033,0.11348513,-0.37673032,0.023718627,0.59239084,-0.24100022,0.03595649,0.011621559,-0.1205708,-0.9925426,0.008422161,0.09084476,0.3494289,-0.101463206,0.048541013,-0.0115575455,0.005241741,-0.45952624,0.00039921975,0.0,-0.048827797,-0.0007027491,0.001131237,-0.0022644112,-0.05696828,-0.11344923,-0.35927963,-0.06530684,-0.054212466,-0.03223852,-0.14299525
0.16541408,-0.28999013,0.061585896,0.008810272,-0.19344008,0.0655807,-0.07933971,-0.786576,-0.07119476,-0.024258109,0.38443294,0.4156975,-0.33715832,0.027194116,-0.092155,-0.083024286,0.11318987,-0.21598493,-0.38537142,0.08178109,0.017868795,0.50049686,0.6647441,0.18164647,-0.14588843,-0.31533742,0.024742505,0.044594537,-0.069876544,0.56022096,-0.3859441,0.00039921975,0.0,-0.03330948,-0.034858406,0.004668763,-0.0014174661,0.0009116774,0.14595953,0.09340988,0.07482932,-0.03254386,0.044151288,0.20722198
0.13063125,-0.27868143,-0.28512263,-0.0059553664,-0.369521,0.14546615,0.12158457,0.5256952,-0.051060922,0.04845106,0.46041194,-0.2059691,-0.057778995,0.44361058,0.2657495,-0.23998806,-0.14715867,0.006477326,-0.29067567,0.030317904,0.021462886,-0.5338834,0.55144405,0.011985311,0.37119773,-0.30713415,0.06290938,0.023165032,-0.07585754,0.287724,0.47488692,0.00039921975,0.0,-0.29971686,-0.008605362,-0.00046337332,-0.010282513,-0.061494507,-0.10130336,0.15714411,0.055166814,0.0016442584,0.0671141,0.2683013
-0.24050622,-0.5753166,0.15564604,0.004347852,-0.17499569,0.09770119,0.07647226,0.3971592,-0.047243353,0.06606461,0.45170912,0.20099804,-0.3589244,0.47584787,0.109705344,0.3041873,-0.063516706,0.36117023,-0.3800322,0.0032226907,0.019940402,0.30179095,-1.1781181,0.0671816,0.14214516,0.57282025,0.0960777,0.16468018,0.050174583,0.33868527,-0.43960539,0.00039921975,0.0,0.032993287,-0.018148666,0.00025722338,3.3301185e-05,-0.03506868,-0.042664442,-0.18041298,-0.18236598,-0.013113691,-0.29086062,0.33967036
-0.2781822,0.45704412,-0.46498084,0.00037598237,0.25555417,0.0844479,-0.23491472,0.16001436,0.17145357,-0.16336375,-0.20173497,-0.12995663,-0.09806241,-0.8051417,0.05266363,-0.012353016,0.15684867,-0.5164267,-0.17964283,-0.14699775,0.009910157,-0.10600874,-0.6564456,-0.009078431,-0.29768577,-0.20184977,-0.07981311,-0.038026918,-0.062145106,-0.45388493,-0.074153714,0.0012404791,0.0,0.06426168,0.050964642,0.022262432,-0.0030864212,0.2552813,-0.12083119,-0.022638578,0.07483142,0.2426954,-0.045467254,-0.16474378
0.055698715,-0.22067833,0.26942542,-0.0060270512,0.32555136,0.10680513,0.06607843,-0.9519419,-0.05746307,-0.09195985,0.80635667,-0.19925855,-0.043303847,-0.0028743446,0.08566812,-0.10442887,-0.34717593,0.063489,-0.22544971,-0.045642,0.020055927,-0.028923765,-1.0315728,0.0037718306,0.13134332,0.6919609,0.0037412667,-0.030172773,-0.014471106,-0.20312704,0.5213748,0.00039921975,0.0,-0.010217044,0.026090277,0.0005545001,-0.012269821,0.1582004,-0.16590676,-0.43896836,0.028573662,-0.029802727,-0.01754192,0.12709455
-0.27781987,0.85600257,0.04946208,0.010274487,-0.0048277555,0.084198505,0.11265797,-0.30611044,0.17235878,-0.11972425,-0.3135436,0.16736232,0.22897673,-0.067605615,0.057815414,-0.1192959,-0.21257614,-0.098680496,-0.4720418,0.022587048,0.01578451,0.45093468,-1.067212,0.04865521,-0.15682805,-0.255558,-0.08201956,-0.01402473,0.005876929,-0.15169285,-0.28761724,0.0012404791,0.0,-0.6449678,0.008288977,0.0060234284,-0.0009190807,-0.01881552,0.12909244,-0.2524524,-0.0926353,-0.021718783,-0.3514499,-0.1561906
0.33792585,-0.22066888,-0.1273629,0.0087523,0.379865,0.019012805,0.021978348,-0.14439702,-0.08562999,0.008779536,-0.28164855,0.16428141,-0.4456166,-0.7541695,0.019231,0.3594555,-0.22982346,-0.17120229,-0.554051,-0.08019044,-0.13704428,0.36592373,-0.83061004,0.20823301,-0.2812218,-0.28413588,0.038828038,0.03052323,-0.060980506,-0.22670808,-0.41061768,0.00039921975,0.0,-0.07193357,-0.026183296,0.01355698,-0.000625415,-0.061569322,-0.05438903,-0.039880957,-0.0667438,-0.055239663,0.04003818,-0.3020017
-0.17232065,-0.20453177,-0.056151193,0.0031250576,0.23903929,0.10075651,0.064167984,0.57191473,-0.059612863,0.1313708,0.40956214,-0.30910683,0.03936238,0.22801669,0.05520817,-0.43882605,-0.06449165,-0.22722581,-0.27038515,0.15154439,0.009646184,-0.13684092,-0.7378584,-0.31005895,-0.22129115,-0.2434116,-0.037129924,-0.42299038,0.05847687,-0.67243004,-0.5901745,0.00039921975,0.0,-0.10704387,0.008198114,-0.005917555,0.0021094605,0.032283433,-0.38133168,-0.06480153,-0.06331511,-0.051395014,0.022427807,-0.021536998
-0.113152415,-0.101443626,-0.4572538,0.009654997,-0.2389346,0.042680588,-0.13608411,-0.85280246,-0.086719856,-0.038899157,0.8467636,-0.23577987,-0.11149787,0.36163557,-0.22803375,-0.17990984,-0.24025245,0.022128388,-0.18161754,0.063459605,0.0154511565,-0.55322796,0.51085323,-0.13657379,0.17841192,-0.41952103,-0.08495962,-0.4926463,0.023955943,-0.7252136,0.36192873,0.00039921975,0.0,-0.09422204,0.010658688,-0.0004904252,-0.0013767437,-0.08008641,0.074067436,0.12271545,0.034270518,-0.017562717,0.013764983,-0.44021398
0.07427122,-0.2500236,-0.055137884,0.0041013467,0.29234907,0.054025125,0.051368978,-0.2482565,-0.05574439,-0.27242538,0.8838814,-0.24901702,0.14647913,0.3384717,0.073502965,-0.3207499,-0.010512656,-0.27997535,-0.2702072,-0.1484648,0.014334181,0.10510702,-1.3149526,0.040374316,0.11699511,0.24457376,-0.092496656,-0.05297359,-0.17195892,-0.08360288,-0.4192983,0.00039921975,0.0,-0.09533752,0.025851697,-0.003530441,-0.0096115805,-0.053760745,-0.24009499,-0.12978747,0.04681778,-0.03606664,-0.35101745,-0.06787342
0.11431252,-0.21900244,0.22635227,0.004098899,-0.364723,0.081659205,-0.06501144,0.5899319,-0.069695905,-0.06583911,0.5139929,0.20622498,-0.33864057,-1.2075735,-0.21019538,-0.12872814,-0.20300265,-0.85000104,-0.27974868,-0.00674541,0.01362573,-0.6329723,0.37976745,0.09664414,0.07835441,-0.22146375,0.013517867,-0.049300402,-0.078154795,0.19657898,-0.4171467,0.00039921975,0.0,-0.04947535,-0.0296724,0.0070865666,-0.0013704017,-0.013287574,0.11033196,0.054209635,0.15109462,-0.034052327,0.087819934,0.1148368
-0.13073738,-0.10679409,0.11923698,4.0733896e-05,-0.10385164,0.062570244,-0.08882392,-0.12655303,-0.05629706,0.116625816,-0.3056049,-0.21027796,0.19878767,-0.72201014,0.13683857,-0.38059613,-0.0060104704,-0.20904289,-0.3055606,0.17342484,0.01882854,-0.20729241,0.31103435,-0.26981714,-0.20974267,-0.31670806,-0.061287392,-0.22241303,0.1885698,-0.48188478,-0.41292855,0.00039921975,0.0,-0.10123226,0.009332905,0.008037931,0.0024026225,0.05078111,-0.24664967,0.42690268,0.04977539,0.1400472,0.03849864,-0.001440183
0.0031428873,0.651916,0.16442038,0.0066872234,0.08949931,-0.30356172,0.043109123,-0.28107473,-0.06654218,-0.14294612,-0.7451336,-0.21648283,0.20262298,-0.9129136,0.085487224,-0.19051312,-0.19699353,-0.18799098,-0.3086485,-0.087164536,0.016720304,0.41525212,-0.7097479,-0.0044247312,-0.13085526,-0.35991368,-0.02652629,-0.05330162,0.06291713,-0.15487328,-0.36147863,0.00039921975,0.0,-0.12935665,0.0017999946,0.0052439156,-0.0012248707,-0.083190754,0.146581,-0.03880204,-0.08934273,-0.02940147,0.021952977,0.2369403
-0.4154424,-0.28158787,0.04140628,0.0046584443,0.28518766,-0.51581687,0.074640974,0.04509752,0.14032292,-0.14502265,-0.26901585,0.15931906,-0.24157783,0.2533892,0.00705395,-0.26528263,-0.13485585,0.18131907,0.8472838,-0.016122831,0.008922212,0.35355788,-1.3366321,0.097339675,0.16708685,-0.30420747,-0.05366279,-0.0061392575,0.15805063,-0.08041758,-0.4346017,0.0012404791,0.0,-0.6436077,-0.03062461,0.017286034,-0.0024840226,-0.029503066,-0.09416707,0.028204752,0.06513414,-0.014374649,-0.29375318,-0.31058174
0.34972697,-0.14604624,-0.17092359,0.00034709208,-0.7191769,-0.39674944,-0.051529508,0.5375778,-0.058039416,-0.029124359,-0.2359665,0.19497992,-0.3209539,-0.7547686,0.005830721,-0.22655968,-0.21486734,0.49736485,1.0673463,-0.08353158,0.0076894937,0.13178259,-0.9030543,0.112127505,-0.1055273,-0.33023366,0.07671051,0.012269679,-0.08947076,-0.21337962,-0.34534276,0.00039921975,0.0,-0.03596851,-0.04003737,0.014201909,-0.0028062868,-0.022025444,-0.08578208,0.074910276,-0.020717788,-0.06175141,0.13050127,-0.24242832
-0.3206464,-0.18786283,-0.3185683,0.002787235,-0.38141757,0.112563096,-0.25824985,0.17504741,0.20291248,-0.26262107,-0.8082175,-0.23946004,-0.08284709,-0.14453916,0.06601345,-0.28205186,-0.025627516,0.36587462,-0.36668357,-0.0848421,-0.12283343,0.018543577,-0.99550235,-0.23187718,0.3068682,-0.21657325,-0.024361879,-0.29036668,0.070950024,-0.3984243,-0.38996124,0.0012404791,0.0,-0.5892029,-0.055521615,-0.011295982,-0.0028062868,-0.04678361,-0.06627993,-0.03041596,-0.19886126,-0.06237692,-0.012090797,-0.06436791
0.24027124,-0.37033615,0.14276893,-0.0058619706,-0.27781025,0.1127282,0.081432864,0.40041155,0.14516646,0.038546577,-0.3644443,-0.42633718,-0.22378552,-0.040739287,-0.11425121,-0.101130344,-0.111474045,0.22225817,-0.4758126,-0.11834317,0.012491847,0.27910018,0.6347767,0.048399568,-0.2105548,-0.3871282,0.11091781,0.034563493,-0.067635246,0.35872525,-0.018982105,0.0012404791,0.0,-0.06644862,-0.05752781,-0.024308352,-0.0007064819,-0.07669845,0.06661181,-0.087924875,0.072637774,-0.055166602,-0.043520007,0.24966833
-0.08522719,-0.22870001,0.16390634,-0.007893471,0.4535885,0.12028421,0.20938583,-0.22761336,-0.06582523,-0.049012434,0.50775844,-0.17252477,-0.0677044,0.29936668,0.06959782,-0.20623307,-0.16279727,-0.04508408,-0.22378786,0.057618123,0.016168213,-0.008605383,-1.2723242,-0.013829139,0.27797514,0.7500236,0.022137051,0.07850026,-0.13970582,-0.016634502,0.5876778,0.00039921975,0.0,-0.06210862,0.03292117,1.0990712e-05,0.0018750757,-0.08206343,0.16456634,0.090748824,-0.02376953,-0.036912926,0.028804513,-0.06408074
-0.23531836,0.5472221,0.20654178,0.0022778064,0.38155416,0.10937692,-0.018113112,-0.88056684,-0.06852467,-0.09652717,0.24172384,-0.09865276,-0.064519905,-1.0236424,0.09064702,-0.22982487,-0.16350912,0.037235014,-0.2882543,-0.013437556,0.012064281,-0.06073052,-0.7825096,0.07512578,-0.22700854,-0.38109386,-0.0011708019,0.014712252,-0.09657135,-0.14105275,0.6542103,0.00039921975,0.0,-0.077000335,0.0128112305,0.0019003651,-0.002764157,-0.0763415,-0.08139135,0.14444613,-0.08013799,-0.0259708,-0.031228246,-0.46534133
-0.24231863,0.574522,-0.491538,-0.004453555,-0.19608049,0.14719477,-0.26591745,0.4250954,-0.06410034,-0.10093665,-0.25685963,-0.2394353,0.07975837,0.3420981,0.03510641,-0.4010379,-0.14295499,-0.23412628,-0.20472878,0.15375645,0.0167535,-0.11414009,-0.76660335,-0.4755775,0.115497746,-0.08502948,-0.047971107,0.055385053,0.035119683,-0.115908585,0.565176,0.00039921975,0.0,-0.32175052,0.027581746,0.00058221136,0.0028016195,0.03232182,-0.35108715,0.22614855,0.033010922,0.10088875,-0.024831614,0.06312918
-0.013416137,-0.33285514,0.18574096,0.006981861,-0.053060908,0.04425911,-0.095684916,0.10681339,-0.07538345,-0.0077226674,-0.40106055,0.30159247,-0.31985375,0.68612283,-0.17023583,-0.056833033,-0.13958529,-0.1141785,-0.44523564,0.03432352,0.008540753,0.0012905988,0.62410045,0.01902817,0.22734545,-0.27612242,0.049897425,0.05484039,-0.08945167,-0.12029947,-0.5962279,0.00039921975,0.0,-0.026330937,-0.023499139,0.008181078,-0.0012861483,0.012960032,-0.06607224,0.0587873,0.055510566,-0.06629931,-0.11216801,-0.13101481
-0.31309932,-0.44847247,-0.307653,-0.017227413,-0.44119146,-0.38771006,-0.20556997,-0.5736502,-0.0638042,-0.029905245,-0.5446497,-0.1914738,-0.19486581,0.50656706,0.044963893,-0.29647008,-0.16295412,0.46364242,-0.24256805,0.02177713,0.01589456,0.20746592,-0.8911769,-0.059889544,-0.1344317,-0.22792657,-0.01973512,0.012803665,0.015496647,-0.048229337,0.5837561,0.00039921975,0.0,-0.35170847,0.02008892,0.00441735,-0.0024840226,-0.04554631,-0.07222589,-0.25873587,-0.05426537,-0.031772174,-0.049720015,-0.12563339
-0.29074946,0.62938744,0.013279022,0.002580783,0.50918543,0.07171251,-0.10726566,-0.15873116,-0.05726915,0.0013260185,-0.90980005,0.17936988,-0.30742875,0.02473341,0.11277812,-0.111813806,-0.22405787,0.3346849,0.9015636,0.020946052,0.009402337,-0.63667876,0.6807517,0.13660294,0.14815491,-0.36841634,0.028720165,0.037383754,-0.10583777,-0.111803144,-0.25574127,0.00039921975,0.0,-0.040653374,-0.031823084,0.005625132,-0.0006222286,-0.014207639,-0.07188045,0.07276476,-0.21644084,-0.055364937,-0.21728663,-0.25649258
0.11974193,-0.30604178,0.010148244,-0.017227193,-0.8672347,0.11804628,0.053177666,-0.32135135,-0.08873108,-0.17306833,-0.34627604,0.1807495,-0.092961006,-0.15344997,0.06075529,0.46079883,-0.20201075,-0.6571295,-0.5789246,-0.104435176,-0.14015687,0.26555842,-0.834586,-0.0049001053,-0.14499246,-0.29944137,-0.12840435,-0.007443207,-0.083575614,-0.14757612,0.53961384,0.00039921975,0.0,-0.36638185,-0.028056653,0.001635755,-0.0009190807,-0.018892366,-0.1178975,-0.042821355,-0.094266035,-0.06177887,0.055750057,-0.35516608
-0.34894922,-0.18667822,-0.66065735,0.0016663617,-0.18831004,-0.524756,-0.023024013,0.21911182,-0.06898849,-0.055528563,-0.348772,0.17041573,-0.4483041,-0.09923324,0.015680961,0.25094756,0.13950337,0.36357906,1.0106977,0.03238623,0.009596923,-0.06895112,-1.1291642,-0.25537768,0.13948879,-0.3174742,-0.060129676,0.08021327,-0.09848144,-0.11906427,-0.35736018,0.00039921975,0.0,-0.044180904,-0.033023726,0.005912116,-0.0005774253,-0.025460448,-0.06664524,0.053777747,-0.07498755,-0.026754051,-0.18953225,-0.136458
-0.24207386,-0.5680078,-0.41446373,-0.00056791166,0.5473449,-0.5510482,0.048502177,0.62663245,0.15010563,0.032374196,0.91233337,-0.19846492,-0.13551503,-0.13293386,0.04240724,-0.22965008,-0.15293345,0.26145333,-0.28593206,-0.102817066,0.0189632,-0.092187405,-1.2501833,-0.037088774,0.21376799,-0.29463705,0.013562235,0.045129858,-0.06485795,-0.1822955,-0.15391529,0.0012404791,0.0,-0.052220132,-0.042520665,-0.027132189,-0.0005774253,-0.066011116,0.077820964,0.045254607,-0.043892078,-0.07122929,-0.029275965,-0.2707937
-0.29680485,-0.17541912,-0.5829499,0.0025700356,-0.42036486,0.07957523,-0.2240695,-0.6665238,-0.047040567,0.0025801158,0.31109717,0.35917306,0.2743307,0.025262611,-0.12307693,0.55099416,-0.10935389,0.41142347,0.881446,0.02415353,0.010025024,0.25440916,0.6402363,0.044718392,-0.13973594,-0.38283625,0.12930867,0.111745164,0.041600205,0.4954191,-0.2416316,0.00039921975,0.0,0.004813407,-0.04182768,-0.001088511,-0.00075354637,0.044548396,-0.07662039,-0.22407928,-0.15567572,0.0054302877,-0.32020473,0.1647069
0.16802716,0.9005928,-0.43942952,0.010648066,-0.2461369,-0.49822018,-0.09578574,0.25494674,-0.05711246,-0.0924935,-0.20542704,-0.22875771,-0.025010746,-0.015195744,0.12624255,-0.34634456,-0.046890143,0.38823363,-0.39516145,0.078395516,0.015082238,0.35768735,-0.8660751,0.042389035,-0.12007649,-0.29854158,0.069565974,0.080362864,-0.06402616,-0.07351561,-0.35401696,0.00039921975,0.0,-0.0015583943,0.01652549,6.496644e-05,-0.00027563912,0.07026509,-0.36315322,0.041625403,0.04192883,-0.06822469,0.022965118,-0.19448173
0.19527659,-0.33969504,-0.28018978,0.0017241277,-0.09908316,0.138926,0.17080182,0.19971843,-0.07410409,-0.12914707,-0.77797484,-0.26626447,0.123135835,0.28737378,0.013463328,-0.38091314,-0.3003187,-0.25878522,0.86428165,-0.09869393,-0.10346602,0.103671126,-0.95612663,0.07954296,0.25120217,-0.18525778,-0.072536,0.04929771,0.0639227,-0.060402483,-0.49888548,0.00039921975,0.0,-0.05665506,-0.0025958652,-0.017529119,-0.009831192,-0.071205586,-0.07927832,-0.20299625,0.17266293,-0.02612081,-0.2717804,0.00999583
-0.35645217,-0.23519826,-0.5169767,0.00383528,0.3567868,0.064920574,0.025852872,-0.26344115,-0.062132753,-0.063670404,-0.3422805,-0.2515452,-0.35628662,0.38762742,0.0752174,-0.19615754,-0.10604283,0.0154620735,-0.27325657,0.064283304,0.013462493,0.35540003,-1.3483411,-0.14635454,0.17129701,0.2390988,0.13691106,0.19395776,0.044455245,0.29304847,-0.5845063,0.00039921975,0.0,-0.1223804,0.045908116,0.001834017,-0.001141558,-0.077668,0.12412212,-0.28969955,-0.085949,-0.03635106,0.032901596,0.24767129
-0.42895854,0.800348,-0.38925347,0.003397922,-0.07418702,0.08957748,-0.26028603,0.12200873,-0.067463346,0.019012114,-0.24947293,-0.450037,-0.1474955,0.00036585843,-0.25525346,-0.12255523,-0.17990068,0.08574198,-0.35374707,-0.037726134,0.017850108,0.3955457,0.5175839,0.06459086,-0.1255978,-0.23368646,0.19196585,0.13261457,0.026583148,0.3070303,0.3817089,0.00039921975,0.0,-0.055222873,0.027525939,0.01046609,-0.0014174661,-0.10163515,0.25058457,-0.2861543,0.010046162,-0.017780792,0.10519231,0.3510946
-0.2650808,-0.13687573,0.02507687,0.027865296,-0.19344562,-0.55516493,0.06293201,0.10806072,-0.076380074,-0.0716316,-0.29819354,-0.31616136,-0.09269404,-1.1267478,-0.23203708,-0.29234573,-0.1378894,0.41519254,0.696424,0.02531416,0.0077265394,-0.11466057,0.46855694,-0.20196746,0.21411602,-0.36883003,0.074030094,0.058707677,-0.03482401,0.17823322,0.39685515,0.00039921975,0.0,-0.0213746,-0.012243778,0.0017378484,-0.002982408,-0.08095189,-0.14044209,-0.33451504,-0.23758967,-0.021569474,-0.070850655,0.19090046
0.12895253,0.89055467,0.087042026,0.003664271,-0.23671162,0.06282907,-0.10965168,-0.12773474,-0.08133175,-0.069026254,-0.3358092,0.33223253,-0.34826046,0.676391,-0.10842962,-0.053204387,-0.00861038,-0.57596064,-0.38989606,-0.016514823,-0.12805456,-0.07369662,0.66737074,0.06339369,0.08058042,-0.20062898,-0.15194884,-0.030636663,0.00884978,-0.0879823,-0.54004085,0.00039921975,0.0,-0.058355182,-0.028848497,0.008281758,-0.0012861483,0.0037737829,0.0943322,-0.22862515,-0.10908741,-0.11475134,0.11168625,-0.052753832
-0.1799731,-0.12015478,0.09814556,-0.017194768,-0.6591997,0.087508954,0.06654776,-0.9186389,-0.0526037,0.0704433,0.33517325,-0.18039834,0.042459574,-0.032727696,0.07215344,-0.33468103,-0.2318527,-0.22823702,-0.24222317,0.0698379,0.018130338,0.022514481,-0.51797235,-0.24926414,-0.14421608,-0.25893164,0.031090708,-0.07754275,-0.08971807,-0.5641712,0.71660477,0.00039921975,0.0,-0.44249523,0.013142297,0.003663657,7.869676e-07,0.0714166,-0.45693186,-0.02690986,0.13297795,0.08468467,0.020771999,0.13265228
0.24237612,1.0276384,-0.2698806,0.0047457116,-0.09567351,0.10210647,-0.2605582,0.08707157,0.1738408,0.0004491331,-0.21519852,0.37416914,0.18957607,0.36209184,-0.15906538,0.1741405,-0.18957259,-0.42884532,-0.48034042,0.07205962,0.01166784,0.48316103,0.68295497,0.06584546,-0.2028026,-0.19775952,0.034518942,0.040540297,-0.0815146,-0.14709052,-0.24236572,0.0012404791,0.0,-0.61119443,0.010587436,0.020293932,-0.0012861483,0.011852502,0.025153501,-0.005541916,0.11815598,-0.0019001772,0.09030972,-0.38874376
-0.23406512,-0.1352395,-0.46090811,0.0015226922,-0.13640341,0.060885437,-0.03482357,-0.56281227,-0.06819265,-0.07007323,-0.20089613,0.10451945,0.27496698,-0.6251729,0.050941333,-0.066114604,-0.31468335,-0.66311437,-0.37788332,0.07508126,0.011425781,-0.14522423,-0.63869566,-0.17152776,-0.12792939,-0.37041378,-0.07168789,-0.19988193,0.068987966,-0.5305539,-0.39769286,0.00039921975,0.0,-0.08443373,-0.048853714,0.008791342,-0.001241345,-0.018088121,0.09965284,0.23003638,-0.12069038,-0.019172234,-0.2629639,-0.19130462
-0.2814197,0.6000296,-0.020332353,0.010724361,-0.7991443,-0.3410182,-0.24604893,-0.5770942,-0.056114715,-0.025903547,-0.16465078,-0.35240272,0.0037273597,0.09380405,-0.24735217,-0.28635284,-0.14643654,0.038453955,0.49436408,-0.115477346,0.010482699,-0.6048259,0.43831298,0.12737107,-0.12285481,-0.3363126,0.09193646,0.083443336,0.004256262,0.25714132,0.39745536,0.00039921975,0.0,-0.06574641,-0.006095894,0.0016860692,-0.0014174661,-0.038778197,0.046223834,-0.35563397,-0.35701653,-0.024587007,0.17470333,0.25692275
0.3640145,-0.26782784,0.17404424,0.0031896792,0.3419531,0.07159395,-0.13024892,0.137261,-0.07651985,0.040429324,-0.81925124,0.20924787,-0.41999114,-0.79385763,-0.03552858,-0.014553971,0.077814035,-0.23584828,1.2189953,0.1381602,0.008929092,0.13424869,-0.6956709,0.10613216,-0.17505114,-0.16617855,-0.07384624,-0.05049364,-0.08812103,-0.13170198,-0.41537496,0.00039921975,0.0,-0.039160132,-0.03816387,0.019809458,-0.0009190807,-0.037764583,-0.07740446,-0.03627633,0.007851562,-0.03576355,0.14110951,-0.10337872
0.07938898,-0.23155431,-0.27374974,0.0025120154,0.3142386,0.031705216,-0.224144,-0.2636047,0.1468557,-0.086061895,-0.21293025,0.16749229,-0.29692265,-0.9464329,0.0055070934,-0.36175025,-0.24477963,0.18581554,0.6793099,-0.060718935,-0.084903456,-0.13507988,-1.0529746,0.08398937,0.31358126,-0.27925637,-0.04427799,0.013197165,0.014686385,-0.19382794,-0.40502927,0.0012404791,0.0,-0.6750955,-0.014476017,0.0071600527,-0.00025516097,-0.021052588,0.04764022,-0.26385197,-0.45485348,-0.04298961,0.106789395,-0.12891224
-0.20066231,-0.119641304,0.11735895,0.016722558,-0.48412567,-0.2832168,0.05093119,-0.06123592,0.17776266,0.14403073,-0.37618697,-0.20407848,-0.11692994,-1.2526819,-0.23352815,-0.12118117,-0.0908872,0.039606877,-0.19106387,0.0654637,0.019171184,-0.03816989,0.5122674,-0.16571495,0.08302929,0.5349888,-0.04588785,-0.07457416,0.09555256,0.011924,-0.13905263,0.0012404791,0.0,-0.124967426,-0.051154353,-0.023484718,-0.000873172,-0.07476237,-0.0514114,0.31943238,0.05313714,-0.045319054,-0.014312023,-0.35843772
-0.24900043,-0.41721007,0.1006412,0.0034748735,0.36007497,-0.3177943,0.055475716,0.6557294,-0.06475391,-0.16692042,-0.2589105,0.15395011,-0.19500305,-0.7463035,0.16552764,-0.09269752,-0.06593413,0.0046855467,-0.30526417,-0.008019527,0.015285596,0.13592641,-0.8198049,-0.15342641,-0.11795212,0.27880538,-0.018953327,-0.24450886,0.02279075,0.34737268,0.5846145,0.00039921975,0.0,-0.052939456,-0.025395941,-0.0012386756,-0.00063061854,-0.04616434,0.13791269,-0.3165628,-0.031016847,0.0032728761,-0.21841754,0.35524923
0.1632137,-0.19469441,0.088511206,-0.00058230374,0.39505607,0.01264729,-0.17136618,-0.06756747,-0.0685458,-0.044729352,0.4252192,0.30422387,-0.3264491,-1.1679261,-0.14086446,0.6646049,-0.057714924,-0.26404646,0.7770303,-0.051679008,0.0066940906,-0.041537523,0.5177266,0.15736781,-0.14602757,0.33493915,0.020422757,-0.04469779,0.05009446,0.23864904,-0.34044775,0.00039921975,0.0,-0.046726678,-0.013508367,0.010900075,-0.0012066694,0.010166575,0.09692997,-0.25431415,-0.020635724,0.019830702,0.13803591,0.1568593
0.001068519,0.67140436,0.07255597,0.004424377,0.40072763,0.10429862,-0.17190176,0.14900601,-0.050699245,-0.04004039,-0.3178474,-0.26382327,0.010384464,0.331764,0.083123006,-0.42804566,-0.11807768,0.6055483,-0.31533235,-0.14002618,0.012890495,-0.4018288,-0.8306026,-0.24386317,-0.23964754,0.27594686,-0.1272677,-0.42380607,0.058879964,-0.621897,-0.39743844,0.00039921975,0.0,-0.016597291,0.017536245,-0.00067779777,-0.02066733,0.060463388,-0.3067217,0.27097777,-0.023880744,-0.001495711,-0.02182717,-0.0523524
0.018717287,-0.26093802,-0.1046614,0.0039339536,-0.39171052,0.07486067,-0.10501659,-0.56417876,-0.079616986,-0.10515425,-0.2832889,-0.24499501,-0.23284863,0.22312921,0.10056128,-0.2519095,-0.30353445,-0.8611999,-0.23511203,-0.07033548,0.008377926,-0.15585285,-1.0285318,-0.0143978745,-0.1745706,0.3026599,-0.03848475,-0.03573375,-0.13051628,-0.03938625,-0.49135837,0.00039921975,0.0,-0.1463008,0.027058609,-0.0039934865,-0.0006994693,-0.060970943,0.13170585,-0.11590599,-0.03032381,-0.05436058,0.10602729,-0.11807361
0.32191363,-0.28554243,-0.111988805,0.004601162,-0.84610415,0.089554034,-0.19591834,-0.32335708,0.1845123,0.03681837,-0.20142552,0.25735155,-0.293403,0.4781091,0.025747342,-0.12579736,-0.12803705,-0.1539073,-0.38035724,-0.058014248,-0.14037003,-0.13872032,-1.1852033,0.10895929,-0.192688,-0.18375643,0.009604321,0.008539403,-0.0880457,-0.19957328,-0.4111273,0.0012404791,0.0,-0.6801611,-0.038453642,0.017822614,-0.001241345,-0.029698016,0.127231,0.060233142,-0.095618755,-0.021910107,0.18777713,-0.35814968
-0.22232792,-0.22684516,-0.42793036,0.008319985,-0.21273845,0.084898286,-0.0055005713,-0.18188383,-0.055435732,-0.09910891,0.4592775,0.14727925,-0.39175063,-0.74469036,0.026925234,0.51850444,-0.1488325,0.04389462,-0.49380985,-0.007294433,0.017546942,0.24431518,-0.8609622,0.05063378,-0.30565464,-0.37177768,0.06733776,0.09935466,0.030474888,0.3215648,-0.5160015,0.00039921975,0.0,-0.050984185,-0.03695018,0.0017309312,-0.00060894067,-0.047099154,-0.015324711,-0.21183491,-0.110526174,-0.020686932,-0.32293645,0.2788595
-0.1166187,-0.16510165,0.2585494,-0.007278011,-0.2500889,0.13393964,0.11127949,-0.2641886,0.12272154,0.12864397,-0.29634207,-0.2116817,0.18150038,0.29728097,0.04192546,-0.4396161,0.07528282,0.270248,-0.24701332,0.0061957138,0.022302072,-0.13440353,-0.80105543,-0.29466796,0.1937295,-0.22583222,-0.024421087,-0.2860006,0.07727922,-0.027055997,-0.07148342,0.0012404791,0.0,-0.096099734,0.030451171,0.026796944,-0.0003834354,0.049463093,-0.35000077,0.25920367,0.04767507,-0.03056478,0.06937788,0.115042314
0.31022277,-0.27908286,-0.0016891543,0.004278144,-0.6050757,0.064761765,0.23201871,0.3474018,0.13326046,0.0056448784,0.36118498,0.278455,-0.33948785,0.08711191,0.020657588,-0.10293352,-0.046912484,-0.1280318,1.0287619,-0.004987771,0.014145281,-0.11081574,-1.1429126,0.22258417,-0.15331307,0.31970656,0.121280774,0.09176725,-0.06293731,0.3992759,-0.34886965,0.0012404791,0.0,-0.5780476,-0.009105577,0.0071878084,-0.00063061854,-0.024583634,-0.032319352,0.3051033,0.100766234,-0.03119086,0.14908461,0.22784214
-0.016656978,0.34423852,0.08824733,0.028403591,0.45804423,-0.2958193,-0.13069999,-0.5114414,-0.0673497,-0.12098652,-0.18915163,-0.22638506,-0.099773064,-0.9811564,-0.14039825,-0.21255,0.12700951,0.003355494,0.718184,-0.01737873,-0.08110261,0.37196428,0.5594966,-0.20719692,0.1071558,-0.31979614,-0.067209855,-0.41269386,0.124771796,-0.09125291,0.4980884,0.00039921975,0.0,-0.07487279,0.0035012534,0.0017127267,-0.0012861483,-0.08943528,-0.006575319,0.44835615,-0.33253708,-0.014964681,-0.020408638,-0.03147339
-0.025183994,-0.15442653,0.10618343,0.0048861485,-0.13747482,-0.31623325,0.028795326,-0.16276921,0.18054226,0.0692743,0.4047775,0.17493507,-0.36048865,-1.0212498,0.045105547,-0.088985026,-0.06750583,-0.1442364,-0.32291192,-0.050343096,0.013926508,-0.11110326,-1.0719526,0.22729197,0.1333567,0.44471496,0.03772252,-0.004563302,0.012814112,-0.20544316,-0.38911182,0.0012404791,0.0,-0.69872123,0.011604976,0.008531739,0.0018750757,-0.041409064,-0.06927166,-0.3331108,0.16046405,-0.022429561,0.08793703,-0.305801
-0.08328856,-0.18450755,0.23857656,0.0017336463,-0.094977826,0.05840758,-0.07634555,-0.6592152,-0.06479854,0.055292394,-0.2425905,-0.2713319,-0.30935353,0.35852763,-0.32972196,-0.2999492,0.028883234,0.53518885,-0.25740415,0.010022584,0.015262403,-0.44818676,0.48708236,-0.07902011,0.15289003,0.5326268,-0.09150376,0.03127616,-0.09058817,-0.040438414,-0.36980185,0.00039921975,0.0,-0.047508433,0.009669205,0.001805495,-0.00020925229,-0.06986326,0.011005375,0.31741884,0.16383673,-0.027342949,-0.018920371,-0.39779982
-0.15722744,-0.22577718,0.18182473,-4.4407323e-05,-0.112530746,0.08983454,-0.0028480468,0.4286814,-0.061334763,0.062182926,-0.39744875,-0.41331163,0.05411382,-0.14879996,-0.11468066,-0.3587375,0.11012063,0.54954696,-0.47528508,-0.07148255,0.013291089,-0.07113268,0.37123495,-0.3545031,-0.32382494,-0.3751718,-0.07936652,-0.27056074,0.15692544,-0.4566945,-0.41213396,0.00039921975,0.0,-0.07811765,0.017023668,0.007853292,-0.0006167599,-0.0038489613,-0.3730774,0.09577354,-0.23145162,0.0937786,0.02716802,0.026999373
-0.13805847,-0.4852163,0.11006736,0.009128755,-0.06140404,0.070619345,-0.14256085,-0.70010394,-0.04449465,0.075710185,0.19117601,-0.21077168,0.040782817,0.16949096,0.09318451,-0.33764967,-0.13643089,-0.12318102,-0.17647012,0.16221829,0.012393845,-0.04647818,-0.95759577,-0.12099984,-0.31994787,-0.37369463,-0.0311308,-0.27540687,0.0574293,-0.4403441,-0.44869855,0.00039921975,0.0,-0.106578626,0.0024883673,-0.0041268063,-0.0022636831,0.06702685,-0.19926198,0.29077247,0.1503201,-0.035008647,-0.052731834,-0.2772115
-0.15298435,-0.304448,-0.10792541,-0.0015357005,-0.24250236,0.08552336,0.03925074,-0.2367753,0.32509214,-0.05503035,-1.0024965,-0.25907087,0.011680774,0.23837012,0.042744737,-0.27091205,-0.31814,0.45807755,-0.2884844,-0.0047853296,0.012688019,-0.03478879,-1.1501405,-0.0303446,-0.24522713,0.7469243,-0.048730806,-0.012769965,0.02490365,0.07741011,-0.36331895,-0.011950837,0.0,-0.032411054,-0.054720193,-0.008054874,0.0003101339,-0.056223944,-0.06966537,0.19600396,-0.039021548,-0.08865624,0.012365549,-0.23146495
-0.13860552,0.5469358,0.32343546,-0.009219221,-0.14570788,0.07889961,-0.21909584,-0.57644445,0.1565353,-0.089913405,-0.13636208,0.17984897,-0.16149583,0.021012165,0.006287688,-0.0891917,-0.0721734,-0.026421946,0.7358271,0.06794713,0.013809515,-0.071262866,-1.0698436,-0.31530485,-0.13203008,-0.28668514,-0.05711644,-0.12507373,0.051843252,-0.15145183,-0.044169996,0.0012404791,0.0,-0.17690425,0.05771053,-0.0039768275,-0.0009190807,-0.027034659,-0.04908593,0.053661577,-0.310245,-0.023927083,-0.10306512,-0.036266442
0.100936145,0.6494141,0.14990377,0.0038816398,-0.4006198,-0.3272461,-0.15000439,-0.6082687,-0.06960827,0.002906075,-0.18666928,-0.31271902,-0.077841744,0.47807783,-0.2940371,-0.13341795,0.10698095,0.6660412,-0.22429796,-0.08515282,0.017505964,-0.5960061,0.4648049,-0.06225312,-0.16969386,-0.3571962,-0.06603967,0.07482615,0.00014870963,0.007586885,0.45762435,0.00039921975,0.0,-0.038439967,-0.010067536,0.0027904904,-0.0006222286,-0.0760579,0.104538076,-0.33938617,0.026184056,-0.031346813,0.098770164,-0.20906883
-0.25591227,-0.19659026,0.28282294,0.0027035088,0.04551572,-0.3688337,0.15436323,-0.5506464,0.12904653,-0.073696636,0.21133642,-0.18216805,-0.11240282,-0.86579496,0.04526953,-0.4716286,0.019267565,-0.0578953,0.533014,-0.1363189,0.0077173146,-0.07805752,-1.0004054,0.03851044,-0.23598832,-0.3277166,0.12905616,0.09550795,0.018209547,0.31447074,-0.14781837,0.0012404791,0.0,0.057790443,-0.06246525,-0.017783621,-0.003069947,-0.07715138,-0.11719755,-0.19104978,-0.39671227,-0.07651139,-0.04314738,0.2119725
0.24697646,-0.28386757,-0.054518264,0.00013828033,0.17166089,0.02503259,-0.17946555,-0.43738514,-0.07328568,-0.08599041,-0.1751338,0.36570564,-0.22053078,0.23686443,0.082051404,0.5509478,-0.060196377,-0.17376153,-0.4121837,-0.0010053103,-0.18267429,0.27733228,0.64914614,0.2246333,-0.42907536,-0.3049183,0.17491585,0.16994143,0.027014157,0.46516898,0.46037737,0.00039921975,0.0,-0.035847038,-0.041134592,-0.0015963255,-0.00080153614,-0.011993888,0.37941533,-0.19191265,-0.008293568,-0.038608123,0.2076929,0.3094113
0.23892136,-0.2572421,0.13223603,0.0029727174,0.29731587,0.083711185,-0.259251,-0.6992976,-0.062527835,-0.13476811,0.26899478,0.44708696,-0.19243751,0.1745377,-0.06921344,0.5489418,-0.092057034,-0.20647444,0.9447511,-0.104536325,0.0072457767,0.27186486,0.51954305,0.30266434,-0.25222394,-0.35280937,0.1251048,0.18759315,0.012285618,0.5431901,0.24509601,0.00039921975,0.0,-0.058103126,-0.028573383,-0.0020490142,-0.0013704017,0.024666855,-0.042261675,-0.24359314,-0.0320949,-0.029949304,0.035519727,0.19277927
-0.25983527,0.486046,0.35707375,0.0057022255,0.29906484,0.14690791,-0.2702308,0.20408459,-0.07848886,-0.052486278,-0.27088222,-0.16353986,-0.034639083,-0.98208356,0.10637309,-0.33026913,0.12742771,-0.2545515,0.42855734,-0.12798516,0.00584025,-0.08274884,-0.74491775,-0.0094984975,0.2571532,-0.17289278,-0.07338175,-0.27301228,0.009204337,-0.15570116,-0.37017807,0.00039921975,0.0,-0.14361195,0.013014502,-0.007817855,0.0060131964,0.068099014,-0.3220677,-0.36080074,-0.0398627,-0.071764894,-0.21420002,-0.018742858
0.20250833,-0.22574992,0.23249559,0.0040621306,-0.8758858,0.05350996,-0.20188981,-0.5621746,0.15694548,-0.060768597,-0.24708503,0.32070425,-0.25220713,0.22632857,-0.18506695,0.41987187,-0.27927378,-0.18261172,-0.43159202,0.017516455,0.01418035,-0.65989655,0.55898696,0.2598164,-0.1635828,0.56963617,0.031264238,-0.020883376,-0.07518044,0.24768603,-0.3064642,0.0012404791,0.0,-0.63626647,-1.4014542e-05,0.009367412,-0.000873172,-0.009000103,-0.046597287,0.10809392,0.10062793,-0.01926283,0.102412,0.16342391
-0.21773146,-0.15706886,0.28647128,-0.02029003,0.07936495,-0.5081212,0.056755155,0.19144075,-0.06187713,-0.15303929,0.39705995,-0.18304268,0.068727076,-0.94764084,0.14134276,-0.57112503,-0.17074636,0.010567318,-0.27114785,-0.044476245,0.020303775,0.05554657,-0.6525979,-0.40352958,0.13469702,0.3089189,-0.011196294,-0.053257175,0.109548286,0.11372384,0.67804444,0.00039921975,0.0,-0.34209993,0.04148423,0.0043928656,-0.0018867082,0.051367775,-0.52707654,0.38266614,-0.06357411,0.1572709,-0.025415348,0.0896441
0.43078086,-0.49665347,-0.22524744,0.003198874,0.35091057,0.0018426329,-0.20073399,-0.6070921,-0.06100736,0.008025778,-0.7098771,0.24697135,0.37925014,-0.79758966,0.018949468,-0.12126262,-0.07448119,-0.21413209,0.69276816,-0.07405839,0.009808896,0.11894619,-1.0473245,0.2769847,0.06204655,0.16836533,0.15814541,0.12889737,0.05547249,0.38045976,-0.23721226,0.00039921975,0.0,-0.013607451,-0.034354832,0.00793064,-0.001141558,0.019044729,0.0428721,-0.29548204,-0.16882853,0.016577609,-0.086554416,0.21601443
-0.17052217,-0.12249257,-0.062016852,-0.013314752,0.4218771,-0.22224098,0.0057353526,-0.6012583,0.15982732,-0.069251604,-0.21362795,-0.27487397,-0.020035474,-1.1035788,-0.20918573,-0.43712696,-0.24591893,0.35686767,-0.3462676,-0.041268352,0.007885688,-0.061948553,0.44731218,-0.32366607,0.36872002,-0.32864437,0.03416069,-0.28882378,0.17385139,-0.10867616,-0.4097944,0.0012404791,0.0,-0.6920934,-0.017344458,-0.0014460396,1.7522718e-05,0.030087814,-0.3106521,-0.030185077,-0.062390335,-0.0066809086,-0.17084888,-0.10521467
-0.25642505,-0.1064561,-0.5656387,0.0030097691,-0.36229455,-0.3271415,-0.19159709,0.10637126,-0.05930445,0.016734188,-0.31333932,-0.26371515,-0.018367121,-0.03002177,0.03961818,-0.37029657,-0.16429016,-0.13063051,0.69358575,0.1773548,0.009064809,-0.23779769,-0.9873337,-0.4523628,0.15518062,0.30093208,-0.1118023,0.06450318,0.06927494,-0.0032784168,-0.31167287,0.00039921975,0.0,-0.102764204,0.0015178598,-0.0014911876,-0.0014361977,0.06871858,-0.21686496,0.22274747,-0.10285929,0.19591671,0.04519512,0.040386043
-0.21380627,-0.64939606,0.17337494,0.005384306,0.4575702,0.089312665,-0.09938969,0.7536828,-0.05869076,-0.089662194,1.1345317,0.2510808,0.27180195,-0.050945535,-0.18003635,-0.020288005,0.0074607963,-0.034884714,-0.34702817,-0.117034845,0.01600834,-0.02499853,0.6156217,0.012861473,-0.3211626,-0.3118142,-0.13072418,0.03978985,-0.07337692,-0.09501392,-0.25376374,0.00039921975,0.0,-0.023376832,-0.012974982,0.008181078,-0.0006702183,0.027595032,0.13343176,0.00964856,-0.13097493,-0.033504434,-0.37670645,-0.21338671
-0.28221336,-0.04986284,-0.29443437,-0.0044197105,-0.35334888,0.08410493,-0.13919277,-0.39103475,-0.073262796,-0.13332869,-0.1767294,-0.15305242,-0.055966534,-0.5522207,0.053725477,-0.16399974,0.07360895,-0.20367573,0.52212393,0.02250477,0.011498593,0.37760806,-0.90423626,-0.013147004,-0.10725013,-0.28110695,-0.033420525,-0.34137282,0.09235295,-0.2621217,0.4616724,0.00039921975,0.0,-0.08351278,0.00012445753,0.0010384687,-0.010153457,-0.052758723,-0.037106667,0.33547735,-0.06868083,-0.014726032,0.00296826,0.053467922
-0.28681034,-0.35811064,-0.13959472,0.002934498,0.042279158,0.11936835,0.040331148,0.47290716,0.16559306,0.11128528,-0.34410375,-0.28387538,-0.28122684,-0.1023329,0.010991939,-0.11034442,-0.008105685,0.057260424,-0.370021,0.11568858,0.009661804,-0.035989836,-1.1355238,0.035018492,-0.52472174,0.2929878,-0.02375794,-0.030095657,-0.06265222,-0.05668275,-0.5059073,0.0012404791,0.0,-0.8097996,-0.025262738,-0.01426594,0.0024910057,-0.07225001,0.15003358,0.20834047,-0.116473824,-0.033726603,0.039590012,-0.18787304
-0.16035734,-0.30521905,-0.31444108,0.004518344,-0.10873545,0.11308657,-0.17437296,0.19982678,-0.057470087,-0.025817925,-0.30192703,-0.1840287,0.13749228,0.2912613,0.12524067,-0.27502757,-0.3486689,0.4282,-0.23333478,-0.076144055,-0.17254807,-0.42923564,-0.937617,0.04887109,0.24454083,-0.31178182,0.025792707,0.05118719,0.03380991,0.08082018,-0.32032445,0.00039921975,0.0,-0.0023492642,0.009684011,-0.0012213071,-0.00056095095,-0.059154756,0.10416885,-0.20278615,-0.06917486,-0.05063797,0.033150453,0.09600456
-0.020520622,-0.1212217,-0.1590973,-0.01651451,-0.19906628,0.1047716,0.1621428,-0.9253089,0.143915,0.05591589,0.19002219,-0.20860799,0.12628429,0.2929591,0.058899812,-0.4571545,0.024939567,-0.037457507,-0.24824606,-0.12616785,0.011013584,-0.06691133,-0.71754295,-0.3004626,0.11050722,-0.3032184,0.0010950374,-0.009634499,-0.0030121715,-0.26314062,0.06532552,0.0012404791,0.0,0.20977533,0.04067352,0.035000354,7.869676e-07,0.037491202,-0.34859803,-0.24431942,0.1370718,0.22226861,0.094182044,-0.10026653
-0.30103552,-0.19387478,0.13721436,0.008821454,-0.25040704,0.114745446,-0.21935005,-0.34095037,-0.038517933,0.011653947,0.38008472,-0.23124737,0.012691082,0.40478763,0.058359016,-0.5822835,-0.1457385,0.43987393,-0.29554057,0.07492205,0.014983488,0.07730132,-0.9466086,-0.2739569,0.19123878,-0.21295218,0.03677301,0.09568939,-0.007651933,0.11347087,-0.3502502,0.00039921975,0.0,-0.032634135,0.015328558,0.0061155497,-0.0003834354,0.053972457,-0.5214321,-0.27145657,-0.0019902624,0.12480745,0.07577393,0.17369208
-0.19157836,-0.26289827,0.01965553,-0.002432907,-0.08870666,0.11805564,0.032324493,0.16258489,0.16441834,-0.015201517,-0.3461565,-0.41002184,0.053779356,0.3510003,-0.27118894,-0.15823086,0.013826974,0.26392025,-0.40278757,0.036164615,0.013868187,-0.66964066,0.3835762,-0.01994908,-0.34765422,-0.48967424,0.036659233,0.05546646,-0.11597688,-0.18773721,-0.34024227,0.0012404791,0.0,-0.77540845,0.015380843,9.040785e-05,-0.010288855,0.011216726,-0.10103596,-0.026626635,-0.24149816,0.069574066,-0.20043391,-0.16159359
0.25708148,0.73375016,0.22228633,-0.00915744,-0.5851599,0.06487958,-0.34145492,0.42938733,0.16583775,0.028463893,0.24569093,0.36030093,-0.055296205,0.28547752,-0.050104707,0.30196652,-0.030513503,-0.16986069,0.901961,0.0935174,0.012125899,-0.038229812,0.64897275,0.16646905,-0.15773098,-0.15397833,0.00816001,0.030621951,-0.0857152,-0.1630227,0.0035153313,0.0012404791,0.0,-0.1283204,-0.013449654,0.015278656,-0.0012861483,0.0051735844,-0.07487129,-0.02994774,0.12944265,-0.01014823,-0.017169923,-0.2959437
-0.28591716,0.7118164,0.17427842,0.004326446,0.11192451,-0.570375,0.1590191,-0.31906664,0.15927164,-0.031463753,0.3065181,-0.27708197,0.2359284,0.02700881,0.08683779,-0.3062973,-0.118372366,-0.11034765,-0.15879986,0.081045456,0.018782778,0.15156251,-1.0275269,0.059926294,-0.10578969,-0.32923678,0.015600809,-0.12906918,0.011819994,0.26529244,-0.4768476,0.0012404791,0.0,-0.5925303,-0.05922447,-0.017474195,-0.0012248707,-0.048141953,0.111318894,-0.23568664,0.07155794,-0.09453182,0.01896533,0.16530274
-0.37602466,-0.19497398,-0.25706068,0.0019000794,-0.068876795,-0.56216794,-0.1831799,0.1289718,-0.06709138,-0.13454977,0.39408037,-0.33735102,0.12873358,-0.019268837,0.25363994,-0.38914868,0.01175027,-0.040359974,-0.3263279,0.069939874,0.020857628,-0.10390831,0.69430107,-0.0582725,0.18995436,-0.47024652,0.15678537,0.12439608,-0.0069657015,0.24993424,-0.36098212,0.00039921975,0.0,-0.074306555,-0.010112112,-0.0001245712,-0.0014174661,-0.077431425,-0.07968949,-0.27212337,-0.15200344,-0.04293111,0.07027632,0.19136754
0.043871418,-0.2702812,-0.35869205,0.006371271,-0.015671974,0.044629775,-0.14295101,-0.60675913,0.34984466,-0.053260226,-0.60362095,0.32100022,0.030924581,0.19861269,-0.1090707,0.363925,0.06268992,0.33930913,-0.48517817,-0.064510524,0.013570257,-0.5207894,0.66147566,-0.036210697,-0.26602203,-0.296908,0.03259357,0.026412752,0.049848434,-0.15946572,-0.37637958,-0.011950837,0.0,-0.007378891,0.014389893,0.0017824462,-0.000712824,0.025350105,-0.1974555,-0.20169966,-0.09738388,-0.020977693,0.040294103,-0.35994065
-0.0034763785,0.6192332,-0.58353585,0.0036602577,-0.23547514,-0.32493323,0.09282461,-0.50132173,0.14410274,0.04582253,-0.13491759,0.37000942,-0.26704806,0.12047683,0.13589232,-0.021147516,0.1822145,-0.0894329,0.8305939,0.012450097,0.012246809,-0.18964477,0.917322,0.05997584,-0.16450171,-0.294574,-0.12067017,-0.09672817,0.052343905,0.411628,-0.37006584,0.0012404791,0.0,-0.447826,0.1023644,0.012757581,-0.0014174661,-0.014729416,-0.06891371,0.2561533,-0.28365034,-0.0039423145,0.105218194,0.13440497
-0.22423828,-0.24298322,0.089521155,-0.010507798,-0.28297362,0.10780812,0.23177324,0.51845855,-0.08045389,-0.08408183,0.4063086,0.20667084,-0.23138359,-0.013702339,0.13743487,-0.08545706,-0.18365525,-0.21005484,1.0010178,-0.10728742,0.014287838,-0.039225914,0.67975354,0.14778101,0.14524204,-0.302918,0.050479397,0.04625096,0.027754918,-0.119144194,0.39721358,0.00039921975,0.0,-0.0059283655,-0.02018779,0.0055238158,-0.0012861483,0.010262242,-0.023309285,-0.22080056,0.015953697,-0.06529853,-0.108909965,-0.17630057
-0.16000582,-0.18251978,-0.3799478,0.0007617376,0.2656371,0.12366636,0.09337034,-0.5623991,0.14556457,-0.22080575,-0.20784612,-0.21964152,0.12430707,-0.8717928,0.044165127,-0.6136246,-0.2381105,0.009673531,-0.23363456,-0.06578294,0.009014596,0.04743493,-0.5228869,-0.34540087,-0.12893942,-0.1828042,0.0053296653,-0.0329579,-0.0801943,0.049274232,-0.16275625,0.0012404791,0.0,-0.08304496,0.036266163,0.024088122,0.0028016195,0.050511222,-0.57036567,-0.054844424,-0.20547354,-0.07471965,0.027807664,0.07497976
0.081792474,0.73703444,0.12584819,0.0074296794,-0.9353239,-0.4712425,-0.25919902,-0.27716294,0.16446571,-0.08571159,-0.5953061,-0.3163275,-0.17877582,0.28718144,0.037039857,-0.42357278,-0.07771166,-0.19740775,0.6525171,-0.07273528,0.011937939,0.58024496,-0.9783768,0.10019798,0.12509184,-0.16010861,-0.0355044,-0.06878376,-0.09614109,-0.13190214,-0.35475633,0.0012404791,0.0,-0.5743413,-0.06813258,-0.030077482,-0.0012248707,-0.04436622,0.050324365,-0.027455706,0.23833992,-0.034324504,-0.06006553,0.08521979
0.16592225,-0.46963614,-0.31118834,0.002765614,0.48433614,0.050546627,-0.16463503,0.10511099,-0.06708081,-0.042567283,0.33142376,-0.33374614,-0.38726586,0.39610833,-0.23576252,-0.14864446,-0.09405302,-0.28836057,-0.27615777,0.013776738,0.01015702,0.35966635,0.6207114,-0.023698505,0.15282588,0.35013562,-0.19628151,-0.24631797,-0.15510729,-0.6623185,-0.31590116,0.00039921975,0.0,-0.1832497,0.0072741415,-0.012728497,0.008011065,0.08186878,-0.15144514,-0.10122527,-0.03634879,-0.055255435,0.019580843,-0.33073038
0.2048209,-0.25386524,0.064151466,-0.018879976,0.22563963,0.090961546,-0.17836604,-0.7210434,0.17548604,-0.022219738,0.27073643,0.41236758,-0.2599497,-0.08186421,-0.05855007,0.49709085,-0.120281756,-0.101460464,-0.48204574,-0.005023733,0.01128989,0.4121009,0.692597,0.2475559,0.13189514,-0.2990004,0.23338707,0.17046279,0.025297636,0.57324505,0.043308377,0.0012404791,0.0,-0.05715264,0.0016489262,-0.008120992,-0.0013704017,0.020106515,0.36812326,-0.17228323,-0.028977018,-0.004871998,0.084701926,0.17336617
-0.10241363,-0.22968046,0.19506164,0.005848836,0.36959556,-0.25563258,-0.2520064,-0.23708881,0.14819421,0.123246536,-0.29328018,-0.28073657,-0.15483607,0.0064871814,0.077232584,-0.3112042,-0.10125602,-0.1436024,0.4500041,0.13183597,0.009842105,-0.14671007,-1.015466,-0.25073037,-0.23693886,0.33468118,-0.14477852,-0.30229828,0.055474684,0.053431943,-0.47445035,0.0012404791,0.0,-0.57552975,0.028546548,-0.016189883,-0.00954273,0.08189595,-0.1346,0.38667503,-0.056093834,0.13736978,-0.09382419,0.012908631
-0.24777412,0.70942026,-0.23612837,0.009468825,-0.23984021,-0.3509649,-0.016321493,-0.149776,-0.08045211,-0.013743816,-0.2866877,0.15286435,-0.3959893,-0.11768011,0.036392543,-0.045493178,0.15159872,0.03974611,-0.41943103,0.070481,0.019015053,0.43376273,-1.1481942,0.03411449,0.046271313,-0.39677313,0.04959088,0.07673719,-0.07536439,-0.13903803,-0.34272215,0.00039921975,0.0,-0.060243532,-0.04777406,0.0065246876,-0.001241345,-0.033615023,-0.012557842,0.068838805,-0.09787592,-0.08126222,-0.3036538,-0.23812868
0.12992093,-0.21412066,0.08213773,0.0048083817,0.41116166,0.025620626,-0.12796491,-0.6170596,-0.0518034,-0.11822055,0.18062697,0.20316012,0.36820662,0.24220698,0.021475874,0.6358336,-0.08071993,-0.20603488,-0.48495358,-0.034404587,-0.15452215,-0.5394491,-0.79646075,0.17022344,0.17391226,-0.33923218,0.13229805,0.15251626,0.02783192,0.48811695,-0.36004433,0.00039921975,0.0,-0.035490904,-0.007310502,0.0024867032,-0.0012248707,-0.007806778,-0.06512502,-0.15591082,-0.33845264,-0.026204215,0.11331367,0.24314588
-0.1090548,-0.20414422,0.105598465,-0.0048259883,0.43544272,0.065325014,-0.08382468,0.8673452,-0.059769023,0.082836054,0.49761197,-0.22109692,0.30298552,-1.0397941,-0.29361632,-0.12743399,0.009113089,0.33910823,-0.2478357,-0.13260205,0.017735349,-0.3900652,0.32964563,-0.034567967,-0.23615511,-0.30802464,0.018998923,0.0025530332,0.004892614,-0.16824873,-0.39277056,0.00039921975,0.0,-0.053371392,-0.006038854,0.0016088109,-0.0012861483,-0.081277885,0.0109873,-0.1754146,0.16606802,-0.05839467,0.05994758,-0.337378
0.05944576,-0.29581758,-0.026759941,0.0045013037,-0.6830928,-0.44018033,-0.15377393,0.5118249,0.16440493,-0.06032384,-0.77681756,-0.28567922,-0.08647402,-0.17442624,0.10320893,-0.47610706,0.15357038,0.27465093,-0.39745134,-0.11147979,0.01102455,-0.11140856,-0.7838733,-0.016238984,0.10198321,-0.17606053,-0.07182392,0.10366345,0.0150526725,0.06151506,-0.33509654,0.0012404791,0.0,-0.79712266,0.03157268,0.0006582508,7.869676e-07,0.050631523,-0.3882228,-0.17893106,-0.09385362,-0.004954349,0.019379433,-0.026094852
-0.2385725,-0.28896907,-0.28909436,0.0024617473,-0.16712543,0.07235049,-0.23251787,-0.56854236,0.15429766,-0.0074261236,-0.18500999,-0.4563487,-0.1685944,0.36574307,-0.2936655,-0.09976096,-0.03937882,0.037158173,-0.3016069,0.061851386,0.013698814,0.4119145,0.64144546,-0.037245154,-0.19409049,0.412926,-0.010686937,-0.037019096,0.027672365,0.13850944,-0.3152809,0.0012404791,0.0,-0.6116648,-0.038495746,-0.014500506,-0.0012066694,-0.07516554,0.12467744,-0.24548648,0.14284766,-0.048354622,0.022418978,0.17611273
-0.16352515,-0.16226795,0.057937372,-0.011039827,0.38243458,-0.15503827,-0.14757693,-0.6483959,0.15867913,0.065418,0.32799897,-0.26799044,-0.028253973,-1.0737919,-0.32285303,-0.12257604,-0.21382795,-0.6938085,-0.2293136,0.10015345,0.006013005,0.15428166,0.37665185,-0.16154133,0.11211685,0.4759648,-0.053137116,-0.091640525,0.15573767,-0.19661754,-0.4961086,0.0012404791,0.0,-0.59445924,0.036481053,-0.00040190254,-0.009785283,0.09518503,-0.15673038,0.37527075,0.046941113,0.16649304,-0.09591077,-0.095303796
0.38841513,-0.2610494,-0.13245963,0.003048128,0.26915848,0.062018536,-0.16598365,-0.8285451,0.15218928,-0.0051341415,0.24006963,-0.30089095,0.13684705,-0.015676763,0.09714989,-0.20629299,-0.23022957,-0.15618902,-0.2991639,-0.03491626,0.016737444,0.123881124,-1.0449976,0.09570466,-0.36716318,-0.32412747,-0.0053915884,0.0124727385,0.070938535,-0.17289965,-0.46551588,0.0012404791,0.0,-0.72093606,-0.02376495,-0.020687317,-0.000625415,-0.08037653,-0.008706087,0.23334973,0.1119972,-0.07505268,-0.13938527,0.0765547
0.26787606,-0.24770817,0.013655329,0.0056604045,0.09312916,0.08634441,-0.12702991,-0.18308495,0.17382938,-0.1535704,-0.29069778,0.24843986,-0.33723444,-0.21244451,0.049626593,0.38956323,0.05187631,0.3357129,-0.54776484,-0.029099781,0.015303036,0.17547858,-1.1218442,0.07711804,0.11262596,-0.36138454,0.015372941,0.021107616,-0.08393211,-0.22512886,-0.35145986,0.0012404791,0.0,-0.7770216,-0.019171393,0.009506052,-0.0005774253,-0.041689187,-0.02800284,-0.09411,-0.0812265,-0.011818779,0.19414265,-0.26445228
-0.15338679,-0.31642765,0.005803748,0.0014932678,0.36776373,0.0856189,-0.1121756,-0.60481536,-0.057472,0.13061272,-0.30407587,-0.3409513,0.21137173,0.31120366,0.21904089,-0.2185915,-0.11873809,0.32965916,-0.25201377,-0.027594905,-0.15803093,-0.077449806,0.6103907,0.021541309,-0.32682297,-0.43945873,-0.11327844,0.015899627,-0.07192297,0.23669882,-0.41893068,0.00039921975,0.0,-0.06896347,-0.007016081,0.001805495,-0.0013704017,-0.06974034,0.13758977,0.020813566,0.02049673,-0.028906971,0.015457221,0.050278645
-0.13826999,-0.43511128,-0.10150238,0.0035912874,-0.30940002,0.09123993,0.1077292,-0.43964952,-0.058193576,0.0569205,0.25006407,-0.15875706,-0.17577118,-0.9899984,0.100978576,-0.2848134,-0.1268728,0.4280049,-0.17540315,-0.07510647,0.01841071,-0.28856125,-0.8424878,-0.16004594,0.077975824,-0.30373853,0.10396782,0.08385438,0.015275589,0.22825733,-0.37321615,0.00039921975,0.0,-0.036493465,0.013002505,-0.003632446,-0.0006832065,-0.046399355,0.11119588,-0.1872005,-0.25737542,-0.03859957,0.08658213,0.3910665
-0.16136481,0.6186787,0.09632763,0.004443378,0.13517433,0.07399982,0.089371644,-0.760404,-0.046177592,-0.13701709,0.25459567,-0.3051819,0.18478052,0.46094254,0.07639367,-0.57382166,-0.1544378,0.39134067,-0.28744438,-0.027484316,0.0108339405,0.05275643,-1.0008572,-0.4927138,0.11442716,0.29713574,-0.03898498,-0.023719985,0.09502896,-0.09571291,-0.3210247,0.00039921975,0.0,0.013087615,0.019476295,0.002506541,-0.018282231,0.06759007,-0.43937603,0.092939846,0.070969105,-0.00899652,0.022122981,-0.21763551
0.16434523,-0.18609841,0.11812486,0.0018609043,0.38574845,0.02082667,0.023709232,-0.5763868,-0.07158062,0.063362785,-0.25031573,0.16215976,0.31923115,-0.91382945,0.059380643,-0.12239715,-0.043908216,0.08454485,-0.37259084,0.11182208,0.015085859,-0.09076548,-0.67585737,0.08386732,-0.3386708,0.3114871,-0.0071047028,0.023639496,-0.09349859,-0.21367188,-0.4158672,0.00039921975,0.0,-0.029569212,-0.016115326,0.007443106,0.0024910057,-0.014421665,0.18229502,0.060736824,-0.2428243,-0.033869214,0.08129954,-0.41332254
0.3794394,-0.17318162,-0.25980777,0.0015729284,-0.29079825,-0.36166734,-0.070713595,0.57065415,-0.095956065,-0.038020022,-0.77389956,0.1821521,0.33901745,-0.8684629,0.031470023,-0.15374196,0.007853123,-0.23419571,-0.46408764,-0.03940425,-0.14780992,0.087079436,-0.6485446,-0.02436138,0.06405501,-0.18518776,-0.15221599,-0.018061075,0.03724399,-0.15139616,-0.32151973,0.00039921975,0.0,-0.0767637,-0.04519631,0.006526445,-0.010153457,-0.026006868,-0.09834725,-0.19496448,-0.12966171,-0.05486769,0.12411013,-0.075033076
0.4813394,-0.20490316,-0.20118904,0.0067369523,0.31847176,0.0021919606,-0.13528179,-0.53233683,0.18146387,0.063274264,-0.26133522,0.28140485,-0.4071062,-1.1702689,-0.08244861,-0.03577063,-0.17353855,-0.13698809,-0.45486093,0.048805088,0.010600857,0.51399654,0.6510151,0.31829098,-0.13678566,0.32512772,0.21491644,0.1789718,0.022233142,0.48586524,-0.29095075,0.0012404791,0.0,-0.49488765,-0.023536319,0.00052285474,-0.0013383289,0.006493789,0.07582514,-0.34510615,-0.05226245,-0.024629096,0.03491882,0.16898066
0.31693932,-0.27456036,-0.012654945,0.0068318965,-0.15540098,0.121309966,0.0812816,0.33108217,0.15643565,-0.066065274,-0.354637,0.23219627,-0.3984105,-1.0582005,0.073360816,0.5434911,0.019977449,-0.10262966,-0.57752436,-0.04198992,-0.1516198,0.44665205,0.6376587,0.2263786,-0.24550192,-0.20871441,0.1721722,0.13722003,0.0393175,0.51330006,-0.18835467,0.0012404791,0.0,-0.50851583,0.05463361,-0.00048328144,-0.00075447164,-0.03979003,0.09520404,-0.098505646,0.07902765,-0.005619348,0.15541004,0.2752887
-0.18695298,-0.14224963,0.28901845,0.0068753688,-0.2928749,-0.34516466,-0.19175206,-0.17916054,0.16388404,-0.1617789,0.29010367,-0.18714195,0.014946951,-0.6697177,0.08215459,-0.17126235,-0.09655227,-0.49589503,-0.099994175,0.03241219,0.014450011,0.091173835,-0.7214066,-0.3439254,-0.1727024,-0.24331757,0.038881894,0.037317738,-0.09965642,-0.33717287,-0.50336397,0.0012404791,0.0,-0.65205526,0.04521829,0.0081416005,-0.0101369815,0.15312612,-0.19020073,0.0036981169,0.18790518,0.13724911,-0.008605679,0.19537708
0.39392903,-0.23908204,0.010966058,0.0016504477,0.2667328,0.07663927,-0.21220912,0.07644188,0.15738672,0.026418978,-0.2993064,0.3188182,0.29410195,-1.072751,-0.1290458,-0.056346532,0.00026082533,-0.11298303,-0.37951052,0.052430045,0.013337284,-0.10880757,0.57455987,0.41764876,-0.37530074,-0.26818472,0.15432145,0.09381439,-2.9262621e-05,0.4164887,-0.36779836,0.0012404791,0.0,-0.6858377,-0.0037049253,0.0024164796,-0.00075447164,0.018247185,-0.021037988,-0.1952726,0.1241521,-0.034369398,0.043254778,0.28453058
0.0009439625,-0.23416579,-0.34702456,0.0046807537,0.37344947,0.040411845,0.019686729,-0.26072115,-0.09167459,0.038592186,-0.798397,0.1949626,-0.38726288,-0.0938021,0.006109803,-0.11054193,-0.13621044,-0.19684602,-0.40350285,-0.022400538,-0.14120698,-0.054362994,-1.1102344,-0.025694102,-0.15459962,-0.20934007,-0.017202461,-0.12460418,0.05928903,-0.1788181,-0.5910963,0.00039921975,0.0,-0.13539083,-0.030872049,0.008334497,-0.001241345,-0.06060715,-0.032543287,-0.22330302,0.10898109,-0.04413103,0.043747135,-0.18536186
-0.11027735,-0.29614934,-0.40367654,0.0047492543,0.5670719,-0.33414868,-0.13148755,0.12115905,-0.063657224,-0.0025110191,1.0000504,0.1798538,0.27671844,-0.105641045,-0.019146932,0.06145092,-0.039788578,-0.45443776,-0.4360212,0.024424281,0.020569336,0.101279885,-1.0677242,0.04921371,0.13755943,-0.2822998,-0.10704356,-0.010274715,0.030966558,-0.11279866,-0.26768398,0.00039921975,0.0,-0.032717165,-0.0073318295,0.007855976,-0.0009190807,-0.016900478,0.07004108,-0.1201132,-0.06148965,-0.033879384,-0.1981615,-0.26176602
0.026161358,-0.20170367,0.15751639,0.0034898734,-0.25927058,-0.337892,0.08579688,-0.59471786,-0.054133143,-0.10762647,0.25449038,-0.2426277,0.14467026,0.37766442,0.06033711,-0.32397357,-0.3120204,0.54495597,-0.33033702,-0.08565306,0.015348675,0.11443478,-0.9718004,-0.08241241,-0.20961842,-0.41872177,-0.070142075,-0.4853482,0.01825783,-0.5820332,-0.40894604,0.00039921975,0.0,-0.027403625,3.4560915e-05,0.002255356,-0.00025516097,-0.056635886,0.011551592,0.16050006,-0.07020977,-0.03281941,-0.00814946,-0.1334102
0.12272187,-0.3356612,0.059590757,-0.016833108,-0.13038892,0.11646573,0.2413309,-0.11151626,-0.08251331,-0.041725572,0.45782468,-0.3096679,-0.14986925,0.57037807,0.24884665,-0.15282208,-0.11116909,-0.33355907,-0.35743287,0.02318399,0.019042818,0.35319683,0.757465,0.047039337,0.30653632,-0.3319605,-0.11957315,0.07004634,0.03284897,-0.06123245,0.35409057,0.00039921975,0.0,-0.03152306,-0.019104289,0.002396502,-0.0012861483,-0.07696447,-0.0646035,-0.3489802,0.06571601,-0.0074057453,-0.2839387,-0.2295693
-0.39973167,-0.27313003,0.24046308,0.008110132,-0.4038906,0.080914006,-0.11008756,-0.46898255,-0.06493265,-0.007406307,-0.30694345,0.3132844,-0.32751316,-0.028448453,-0.11955409,0.16605228,0.08321644,0.21007724,-0.5435027,-0.05497663,-0.12404708,0.27275276,0.5886662,0.014102623,-0.1839142,-0.41109446,0.10722245,0.09977324,0.029650453,0.34241006,-0.3992185,0.00039921975,0.0,-0.09045192,-0.03440032,0.00025134115,-0.0013704017,0.0022809973,0.027167525,-0.20262149,-0.13839747,-0.044696644,-0.36727235,0.25726125
0.014007478,-0.33297825,0.22073898,0.0026168544,-0.15967706,0.07020069,0.06347495,0.52883846,-0.06333512,-0.0058228835,-1.0392005,0.21036209,-0.4987225,0.23899277,0.06830123,-0.09221709,-0.17371218,-0.6409614,1.0652425,-0.03570524,0.0057910653,-0.47217005,-0.9287969,0.12913938,-0.3646169,0.22983679,-0.033576973,0.07423915,0.047559418,0.005365075,-0.46588212,0.00039921975,0.0,-0.03243323,-0.04094138,0.02299665,0.0024910057,-0.021419482,0.08955825,-0.16562575,0.12506704,-0.061921608,0.14415024,-0.11385055
-0.09493077,-0.38505414,0.14762819,0.0040309355,0.47442794,0.097940914,-0.10369362,0.5103224,-0.08153167,0.033049487,-0.8444845,0.22636825,0.29244256,0.22354382,-0.05307865,0.28455833,-0.11535206,-0.65755874,-0.5074065,-0.04347191,0.0109852515,-0.10382904,-0.75087154,0.03864058,-0.42797446,-0.18603937,-0.07832896,-0.0111969095,0.04306165,-0.10074113,-0.40690243,0.00039921975,0.0,-0.028522436,-0.020083513,0.008496288,-0.00030315068,-0.021461679,-0.019837031,-0.06560265,0.042462077,-0.010179363,-0.21682535,-0.30635208
-0.1317127,-0.25444996,0.03445194,0.0043615797,0.39165482,0.0779195,0.10763289,0.13171093,-0.07543639,-0.124593675,-0.35649106,-0.2595901,0.23792394,0.19243741,0.057431374,-0.16036959,-0.07823468,-0.22725298,-0.32745108,-0.0494897,0.016476765,-0.4244817,-0.929507,0.001763443,-0.22715344,0.46104416,-0.028762963,-0.29526016,0.008952944,-0.2996098,-0.40511882,0.00039921975,0.0,-0.14251654,0.028989147,-0.0046886276,0.0018750757,-0.06086135,-0.012188005,0.124824114,-0.1380519,-0.027865449,-0.04168063,-0.24824816
0.026170433,-0.20919044,0.09187722,0.0030500176,-1.0769385,0.044140264,0.061051525,-0.87604165,-0.060786225,-0.07511094,0.30332696,0.2648466,0.2724709,0.091716476,-0.234321,-0.13146393,-0.0571087,-0.87553346,0.8823426,-0.109697625,0.007992229,-0.5531071,0.52020764,0.07292339,0.076596186,0.78735405,0.020332001,0.00992687,-0.12440895,-0.27612612,-0.31689185,0.00039921975,0.0,-0.034470767,-0.02088831,0.010811072,-0.000873172,-0.00063505094,0.04589369,-0.007957013,-0.15704224,-0.018628182,0.10054062,-0.37164286
-0.21283327,-0.1899122,-0.081492245,-0.00019973103,0.37862015,0.09667366,-0.302946,0.59465545,0.14385015,0.11043176,0.91273636,-0.2755204,-0.19342029,0.31593427,0.20470057,-0.120783,-0.05986934,0.30649224,-0.17760983,0.06220029,0.017741647,0.39788282,1.0259398,-0.10364488,0.16760933,0.5776514,0.11253932,0.15307148,0.00850707,0.22414581,-0.35677657,0.0012404791,0.0,-0.6900518,-0.032076728,-0.012818715,-0.0006744092,-0.05517524,0.09179293,-0.2725717,-0.07036373,-0.064430945,0.043148298,0.15237692
-0.17397003,-0.09287082,-0.0437713,0.0035646334,-0.5909869,0.10860294,0.14073603,0.17459574,-0.08111046,0.10665169,-0.40877813,-0.15401445,-0.0053351433,-0.6574092,0.059646416,-0.29723468,-0.14205818,-0.2793389,0.41386613,-0.10261451,0.012151805,-0.30674124,-0.82028204,-0.20414867,0.16243869,0.2869553,-0.06696039,-0.33974457,0.07058732,-0.4772101,0.6450886,0.00039921975,0.0,-0.083527595,-0.0039023706,-0.0017057445,-0.007037035,-0.028863134,-0.01607384,0.039947458,-0.07273759,-0.02433842,-0.07166104,-0.044788525
0.15212804,0.5198796,-0.13029335,0.0014147154,-0.8738001,0.06422686,0.025326239,-0.885626,-0.07481371,-0.06551921,0.79670197,-0.3015349,-0.2566742,0.4540055,0.22341147,-0.1283726,0.16394356,-0.2658405,-0.23783153,-0.06431609,-0.18541764,0.3046132,0.7622658,-0.013206541,-0.26771015,-0.41646463,-0.019912979,-0.38994992,0.068611786,-0.20504859,-0.5665478,0.00039921975,0.0,-0.1375589,-0.0038250494,0.0042653587,-0.0007608137,-0.041230306,0.11843965,0.05518491,-0.02919745,-0.0027932457,0.12834844,0.03322418
0.14921032,-0.15852495,-0.20203191,0.00385683,-0.73594564,0.080257796,-0.04944393,-0.19522181,-0.07640157,-0.0622097,-0.24855609,0.1425784,-0.3593232,-0.8129046,0.049049094,0.59027874,-0.09213765,-0.19796917,-0.45215163,0.19251814,0.014298157,-0.09107098,-0.6780692,0.072478935,-0.20844465,-0.21558246,-0.1092281,-0.02232513,0.037153434,-0.18395898,-0.6816335,0.00039921975,0.0,-0.04147483,-0.02934876,0.015366789,-0.000625415,-0.021515818,0.015917964,-0.23260821,-0.23650317,-0.034212034,0.15799345,-0.34923097
-0.2089009,-0.22225632,0.10890378,0.008857577,-0.3122849,-0.41659936,0.119440034,-0.50845516,-0.07222719,-0.054973796,-0.21544355,-0.43426672,0.06539415,0.2932314,-0.22173405,-0.54917884,-0.20950738,-0.26991737,-0.3559421,-0.13856812,0.015227782,0.069519855,0.42762277,-0.378355,0.19000004,-0.24409272,-0.026994318,-0.35730997,-0.008834607,-0.021325916,0.26232368,0.00039921975,0.0,-0.1241597,-0.0049764416,-8.160045e-05,0.0029539175,-0.0009879617,-0.5359827,-0.3008534,-0.09210181,-0.0046303496,-0.012210631,0.2099915
-0.21460845,-0.23125108,0.23776819,0.00709824,0.43058306,-0.40401417,0.18680768,-0.7424483,-0.04070673,0.08129274,0.3202559,-0.39862123,0.0038401578,0.3002583,-0.29784757,-0.243736,-0.12482057,-0.043594785,0.6216108,0.030259639,0.009700635,0.020670202,0.55896896,-0.0053814813,0.23422259,-0.38932344,-0.03886201,0.0002072053,-0.11596982,0.3249424,0.45074713,0.00039921975,0.0,-0.04919094,-0.008019969,-0.001509012,0.008966327,0.09686387,-0.08731822,0.0036763297,-0.103056595,-0.012787934,-0.24944983,0.22366458
0.0038747196,-0.14496675,-0.045431994,-0.023098132,-0.17471239,0.08269953,0.06303937,-0.608626,-0.06468609,-0.009734203,-0.14251149,0.23282233,-0.06543396,0.21660857,0.0646097,0.6441369,0.033471823,0.046369135,0.9065922,0.04683499,0.008940149,-0.10241227,-0.85340065,0.09100636,-0.22056021,-0.29030365,0.006406985,0.023612311,0.02195945,-0.12189816,0.5219709,0.00039921975,0.0,-0.299731,-0.031192133,0.004935193,-0.001241345,0.019145194,-0.061803237,-0.24801719,-0.4732598,-0.034971584,0.054453567,-0.09781675
0.048174948,-0.31735793,-0.0052825045,-0.0012822608,0.5769528,-0.31526965,0.11862323,-0.19242942,-0.08112604,-0.015956854,-0.33704934,-0.21584988,-0.1544442,-1.3238804,0.3133334,-0.08761291,-0.13434993,-0.49974754,-0.38429144,-0.0044343993,0.020315373,0.35894388,0.6786135,0.08382843,0.12154147,-0.28831142,0.053042457,0.010640476,-0.056724258,-0.14126138,0.5172168,0.00039921975,0.0,-0.037306853,0.027265685,0.010468354,-0.0013767437,-0.07306701,-0.003122217,0.29403356,-0.12210074,-0.014767047,0.21945809,-0.27340874
-0.19533579,-0.22498956,-0.35274857,-0.0060531534,-0.48383313,-0.29887953,0.08860942,-0.43049693,-0.08858024,-0.024698958,-0.23857461,-0.27509326,-0.061609633,0.24231902,0.06393372,-0.2048121,0.11349731,-0.5972545,-0.19484031,-0.040177055,0.01739821,0.42319587,-0.9571123,-0.14571565,-0.1234862,-0.23641674,-0.072409004,-0.4376108,0.028545754,-0.3073028,0.5072006,0.00039921975,0.0,-0.088332124,0.028581448,-0.0034475282,-0.001241345,-0.05149409,-0.086566344,0.14436409,-0.04661999,-0.012129194,-0.0003841832,-0.1854725
-0.18285944,-0.3703662,-0.31037375,0.0018801959,-0.30195382,0.13367042,-0.16225551,0.22784112,-0.07356946,-0.041195557,-0.2535618,-0.163123,0.09043112,-0.69125634,0.11956728,-0.2848951,-0.1631831,-0.09157933,-0.20592286,-0.10782466,0.014009918,-0.14668898,-0.7155862,-0.21791878,-0.23114738,-0.17829792,-0.091533,-0.077215016,-0.07320113,-0.18972158,-0.40934646,0.00039921975,0.0,-0.09247594,0.011144535,-0.009816968,-0.000625415,-0.05917445,0.124878936,-0.049328476,0.1745715,-0.049738463,0.04430919,-0.33827126
-0.26562408,-0.24774374,0.11586256,0.0043255687,0.3090106,0.11958907,0.053649593,0.65113544,-0.11321894,-0.06904239,-0.26358578,-0.24186508,-0.19659278,-0.1763062,0.044368204,-0.10809769,-0.1417898,-0.22702074,-0.36264455,-0.023821175,0.008852635,0.046165124,-0.75825393,-0.003336632,0.29798064,-0.26270628,-0.07364712,-0.49620068,0.022742653,-0.65600973,-0.41242066,0.00039921975,0.0,-0.2020713,-0.020130627,-0.005352478,-0.0025538737,0.16329853,0.1297106,-0.16317542,-0.052644707,-0.059418604,-0.19267629,-0.4181958
0.011411229,-0.11031404,0.21021743,0.0030984734,-0.31455296,0.08098557,0.023779422,-0.5282094,-0.057505995,-0.07177795,-0.23543584,-0.16017851,0.051251642,-0.6762769,0.10163629,-0.11428194,-0.28199124,0.011092422,-0.23196132,-0.15592651,0.010789988,-0.0707672,-0.79199696,-0.010207898,-0.14318669,0.34549683,0.016433198,-0.2016258,0.07475875,-0.023437148,-0.48380667,0.00039921975,0.0,-0.10200004,0.011418579,-0.0022628354,-0.012269821,0.11976847,-0.08139276,0.3929863,-0.039723016,-0.06778928,0.092794396,-0.1378889
-0.09053387,-0.3004514,-0.52922904,0.002257139,0.029824017,0.09882273,0.14668451,-0.7288681,-0.07761221,-0.046486262,-0.17400622,-0.22837031,-0.17175387,-0.03058758,0.042206336,-0.34853736,-0.11293424,-0.26509592,0.3113811,-0.13546753,0.010082209,-0.109272815,-1.0603063,-0.2159835,-0.15217656,-0.20252709,-0.10641563,-0.44318992,0.023767876,-0.18051517,0.48081398,0.00039921975,0.0,-0.10555293,-7.070694e-05,-0.007250649,-0.001241345,-0.06879982,-0.046028137,-0.33293754,-0.36003965,-0.01629058,0.042785335,0.12621294
-0.041529916,0.44645607,-0.09740256,0.0016163267,-0.42886424,0.069714166,-0.21466212,-0.84235305,-0.078380026,0.10103018,0.338811,-0.15040629,-0.10499794,0.2648978,0.28247583,-0.12765028,-0.16260351,-0.0932916,-0.16119862,-0.11582764,0.018728942,-0.5064848,0.6583813,-0.14639288,-0.12688304,0.6006252,-0.025012245,-0.021274697,0.000718507,-0.3575312,0.32849318,0.00039921975,0.0,-0.069114454,0.018986106,0.0007278383,-0.0012244108,-0.053608984,0.11539301,-0.49019155,0.14793625,-0.013203518,0.090382844,-0.49376756
0.10491875,-0.3024072,-0.3653522,0.00826594,-0.14574248,-0.31338102,-0.058307778,-0.11285627,-0.08841954,-0.104800895,-0.36155933,0.32876456,-0.39924833,-0.11409453,-0.13257906,-0.032857176,-0.2051634,0.016058745,-0.5850124,-0.046007697,-0.10949529,0.28681543,0.7248842,0.004676693,0.16237864,-0.39385605,-0.14016978,-0.028544663,-0.10425489,-0.15794025,-0.49609095,0.00039921975,0.0,-0.117748,-0.047239885,0.0075362623,-0.0012861483,-0.0070791007,-0.03410151,-0.028266862,-0.11044468,-0.1271307,0.058676366,-0.28364474
-0.344991,0.7385976,-0.41584623,0.0009085499,-0.93656856,-0.525559,-0.16633123,0.11433647,-0.07373395,-0.2161793,-0.28730333,-0.4477816,-0.31193298,0.012609116,-0.28735766,-0.20088008,-0.16009565,0.30489042,-0.2648783,-0.006691198,0.013658196,-0.06596116,0.49646285,-0.099152714,-0.12702245,-0.3291525,0.01648558,0.06727937,0.010091162,-0.035322856,-0.3783984,0.00039921975,0.0,-0.11157879,0.006537333,-0.00045319978,-0.0013767437,-0.0705291,0.10570871,-0.23401053,-0.21852367,-0.042085156,-0.0017775192,-0.099195376
0.1824364,-0.23956737,0.1620536,0.006009327,-0.0915163,0.09561398,-0.21546298,-0.6546826,0.14603631,-0.018909873,0.2380592,0.25472772,-0.32788837,0.45668155,0.03745294,0.63515884,-0.026737347,-0.14836472,-0.47821197,-0.034581527,0.01589114,-0.11970985,-1.0769855,0.17024086,0.14926894,-0.28967297,0.11454957,0.11410358,0.039142583,0.46116135,-0.38818383,0.0012404791,0.0,-0.63533443,-0.05521221,0.0028856965,-0.0012248707,-0.032388598,-0.026681855,-0.16063237,-0.01570249,-0.03279953,0.10271104,0.19394535
-0.14939,-0.20223601,-0.3898876,0.0023161822,0.14967856,-0.26653033,0.035711702,0.57498336,-0.079170085,0.051280543,-0.8813156,0.27305698,0.33269677,0.33529124,0.0036748336,0.031790715,-0.13067664,-0.17573628,-0.414107,-0.049087156,-0.18273163,0.22436915,0.75526893,0.056138247,-0.21366003,-0.22512582,-0.13085178,-0.039293412,0.05315545,-0.1383135,-0.5110991,0.00039921975,0.0,-0.0376509,-0.055939272,0.01630292,-0.0013767437,-0.0023044192,0.039559312,-0.19783665,0.12904178,-0.08862716,-0.33127004,0.046218235
-0.13158835,-0.29188418,-0.26043183,0.007985203,-0.39919353,-0.41041648,0.092272855,-0.621703,0.15058559,-0.045876008,-0.16394746,-0.27925318,-0.08548834,0.4521502,0.0922304,-0.32009503,-0.01660909,-0.01656491,-0.20358638,0.01498037,0.015754241,0.5203908,-1.1712701,-0.17797953,0.07120208,-0.26100966,0.10503051,0.13935758,0.0015598014,0.33610344,-0.37642205,0.0012404791,0.0,-0.5889655,-0.06270666,-0.018271012,-0.0013471262,-0.039091285,0.1024084,-0.23584832,0.024055902,-0.0428529,0.10701355,0.18854702
0.55414736,0.61841446,-0.3212211,0.0025953483,-0.20884344,-0.32456943,0.040283255,-0.23079397,-0.05595637,-0.0482055,0.27937022,0.26761425,-0.432375,-0.9307238,0.01165956,-0.104175545,-0.1184817,-0.44739074,0.74816936,0.06130019,0.007351038,0.35035944,-1.0192451,0.20337442,-0.13205048,-0.20715155,0.13317455,0.10682681,0.023868948,0.37108108,-0.4410172,0.00039921975,0.0,-0.06246102,-0.044171724,0.00793064,-0.00073119625,-0.004215846,-0.03165678,-0.21184826,-0.07492776,0.014963372,-0.0022218958,0.21685511
-0.21684688,-0.18325914,0.02236909,-0.0051608235,-0.802561,0.1005448,-0.19274822,0.13059814,0.15287717,0.024547195,-0.3373313,-0.2284909,0.0108095575,-1.0745416,-0.28044227,-0.21725567,0.11392652,0.23243403,-0.2192603,0.05904549,0.015445638,-0.3307615,0.28715742,-0.07125245,-0.17005073,-0.29279044,-0.109340206,-0.08093867,-0.120789915,-0.16704682,-0.5327022,0.0012404791,0.0,-0.8211522,0.008300914,-0.002139588,-0.0013704017,0.07876798,0.10015981,-0.08094795,0.021346115,0.10694739,-0.09169688,0.14000739
0.3324204,-0.20096561,-0.39573103,0.0043378114,0.34664363,0.01649554,-0.047192104,-0.30969954,-0.07649839,0.031165462,-0.3152513,0.16421056,-0.37019616,-1.0060858,0.08007467,-0.13423558,-0.060816374,-0.20119369,-0.36782563,0.0019713813,0.018303063,-0.07446304,-1.0015452,0.09950592,0.109670766,0.23706555,0.008001441,0.0474372,0.07277504,-0.16839671,-0.654036,0.00039921975,0.0,-0.066355884,-0.02177424,0.015033407,-0.0006994693,-0.049878236,-0.035357077,-0.29692873,0.16034089,-0.047247104,0.025122836,0.06954446
0.22143169,-0.28217736,-0.18405204,-0.0045833266,0.3488175,0.044263206,-0.12961437,-0.111809194,-0.08717336,-0.045071404,-0.34721068,0.31292665,-0.16002342,-0.05012946,-0.15883979,-0.118409604,-0.14135474,-0.18191248,-0.342,0.06183119,0.019679874,-0.00965884,0.6791661,0.17938139,0.19845892,-0.3012464,0.070462234,0.049266756,-0.07318082,-0.16627727,0.48812458,0.00039921975,0.0,-0.06019662,-0.01757599,0.002747052,-0.0013767437,0.002502221,0.1325128,0.0992296,0.18615447,-0.07192903,0.0036465593,-0.15472746
-0.3728415,0.86527216,-0.34258023,0.0031803867,0.14910467,0.14322609,-0.2546712,0.64083284,0.1900783,0.08743052,-0.24531862,0.17345896,-0.3377824,-0.059288405,-0.039237794,-0.08904717,-0.11505123,-0.00760921,-0.35130826,-0.042731795,0.0138242915,0.15740126,-1.1112447,-0.1741359,-0.10592963,-0.111930564,-0.08579262,-0.009289149,0.008571324,-0.062022362,-0.46061537,0.0012404791,0.0,-0.74692583,-0.032329615,0.008047583,-0.001241345,-0.050062098,0.003046514,-0.18521534,0.009405987,-0.04244171,-0.28261787,-0.3056918
-0.2497039,0.8530999,0.14424673,-0.003682918,-0.36902297,0.15257493,0.22193862,0.16372462,-0.056090456,0.11194828,-0.37307417,-0.31950867,0.011230718,0.35251227,0.21673548,0.039859716,-0.121865265,-0.057600804,-0.27350688,0.14320005,0.02152475,0.2705808,0.55877227,-0.090285294,-0.35999873,-0.25938538,0.017019691,0.07233917,0.12240321,-0.056754284,0.74195945,0.00039921975,0.0,-0.030067852,0.0036019953,0.010447217,0.0016216037,0.14181529,0.002667215,0.3149301,0.08211732,-0.011762451,0.1171466,0.23634376
0.24559173,-0.28140226,0.10308666,0.0027098132,0.15485698,0.094676554,0.097200334,-0.681144,0.14378244,0.00727838,0.17000213,0.46560523,-0.25536826,0.39791012,-0.058785018,0.4449341,0.056547467,0.34049502,1.1111554,-0.009008748,-0.08715876,-0.08950332,0.6645376,0.21499836,-0.42933127,-0.3108568,0.1194467,0.11465233,0.05597576,0.51212513,-0.27126837,0.0012404791,0.0,-0.58640087,-0.010231844,0.004908833,-0.0004541481,0.029200071,0.059355263,-0.12977016,-0.013152846,-0.01569318,0.1577543,0.17465818
-0.39155573,-0.26710877,0.15969577,-0.00016934995,0.16210783,0.07517334,0.007838199,0.576175,-0.06393854,0.051866725,-0.4734447,0.2149048,0.37644,-1.0528678,0.14360186,0.36220202,-0.11329518,0.21572655,-0.47773772,-0.009210475,0.019395074,0.17204489,0.5062791,-0.015846116,-0.35517862,-0.3538463,0.10793005,0.081281826,0.033670224,0.34672397,-0.42218235,0.00039921975,0.0,-0.038174793,-0.04876173,-0.0026167862,-0.00075447164,-0.006366199,0.13190103,-0.114934064,-0.11501029,-0.020513386,-0.3472651,0.3692945
0.09927053,-0.33139634,0.16510135,-0.0064764814,0.40527245,0.115292184,0.22541612,0.65225935,-0.09531786,0.20154469,-0.3723711,-0.22634608,-0.19445074,0.2840373,0.014131128,-0.22305007,0.011579848,-0.25872934,-0.36874485,-0.101457514,-0.124324,-0.4381965,-0.64840263,0.029252537,-0.31906122,-0.20531388,-0.11785693,0.015723223,-0.11249225,-0.09793928,0.3853697,0.00039921975,0.0,-0.09708234,0.008695036,-0.00014063931,-0.002764157,-0.059012786,-0.0076755695,-0.033749074,-0.07619606,-0.0028245475,-0.2814971,-0.28393063
-0.17681639,0.43529388,0.25056952,0.011931778,-0.08133405,0.13938841,-0.15397803,-0.23136206,-0.06787434,0.11293901,0.31467724,-0.25899404,0.16513717,-0.833424,0.06238666,-0.45786545,-0.07833584,-0.24028185,-0.30658683,-0.057748534,0.01718273,0.2543867,-0.69518054,-0.32425317,0.10507135,-0.23512335,-0.078769915,-0.31182614,0.09715835,0.021238636,-0.42392647,0.00039921975,0.0,-0.085301444,0.02343588,0.008581909,0.0020016644,0.06193222,-0.5005011,0.3012537,-0.042729583,0.20344107,0.047542244,0.1644589
-0.12735072,-0.2658606,0.20389454,0.005960411,0.37400553,-0.29456896,0.103489295,-0.17771523,0.16250701,-0.017855586,-0.28563872,0.19353913,0.22274935,0.3579868,0.049090862,-0.08459525,0.05724046,-0.120231345,-0.39181453,-0.16665682,0.016017817,-0.40469235,-1.1119142,-0.0087583745,-0.25433114,0.3165297,0.014113446,-0.09819609,-0.14966129,-0.049263805,-0.47323012,0.0012404791,0.0,-0.7309302,-0.098278336,0.009487428,0.0018750757,-0.028733365,0.12690556,-0.053568788,-0.13583577,-0.033069186,-0.2087252,0.020334514
0.1913396,-0.18338224,0.29335406,0.00037835032,-0.0021782732,0.04105007,-0.2803318,0.22950247,-0.0663784,-0.09166911,0.35772496,-0.24744034,0.099446334,-0.9606044,0.018432338,-0.43958706,-0.050135203,-0.31173778,0.4668724,-0.029927086,0.010213667,-0.12411052,-0.87143874,-0.0017870665,0.13411823,0.26233897,-0.10752809,-0.10486759,-0.12360667,-0.14907494,-0.43681636,0.00039921975,0.0,-0.049282473,-0.002386907,-0.018146774,-0.00063061854,-0.077456675,0.10079951,-0.07410649,0.04739254,-0.071774915,-0.32983267,0.13981514
-0.027663969,-0.29572132,0.07684258,0.004583185,-0.4066426,0.06796992,-0.09076302,-0.6991109,-0.07170022,-0.03610897,-0.25636792,0.289889,-0.3271237,0.40112987,-0.17874499,0.23653254,-0.005545293,-0.27691048,-0.40151668,-0.12796463,0.016517181,-0.57820606,0.4344858,0.08717262,-0.29463848,-0.3450016,-0.019185439,0.052699234,-0.08013642,-0.22110209,-0.5614735,0.00039921975,0.0,-0.07522474,-0.027641486,0.0068553938,-0.0012861483,-0.010274708,0.006513724,0.03306703,0.044816762,-0.06908372,0.056447275,0.067526236
0.21891284,-0.35057914,-0.030971892,0.000100016594,0.21897386,0.11467778,-0.23495294,0.6314166,0.16632661,0.19760405,-0.318114,-0.4203507,0.030881334,-0.10876786,-0.25143504,-0.16797374,-0.086042754,0.36717767,-0.36423507,-0.13594133,0.01076214,0.18723327,0.5234413,-0.015420589,-0.2046387,-0.2671395,-0.11416303,-0.05804221,-0.04033027,-0.1799173,-0.36924592,0.0012404791,0.0,-0.7444394,0.018422173,-0.00096133497,-0.002982408,-0.0004867881,-0.12673807,-0.21009077,0.035399593,0.057770994,-0.059872188,0.12745175
0.3491008,-0.20459369,-0.20759526,0.005140941,-0.33725786,-0.30688146,0.05897943,-0.5492946,0.16038206,-0.039130136,-0.15637618,0.26406026,0.33066046,0.33606574,0.066624194,0.67922425,-0.2032933,-0.116009384,-0.48140615,-0.067881435,0.015873324,-0.5656275,-0.7489991,0.30186883,-0.39050022,-0.2839744,0.09394796,0.098152585,0.03478018,0.37811738,-0.31630293,0.0012404791,0.0,-0.57867086,-0.017768677,0.010696703,-0.00073119625,-0.0032234823,0.05260583,-0.13008226,-0.030441679,-0.031801954,0.16247822,0.30241632
-0.05597625,-0.16775669,0.015257098,0.017942984,-0.7293329,0.11268634,0.20262091,0.45080778,-0.068359725,-0.023626195,-0.39843497,-0.24421422,0.025408607,-1.2033997,-0.21110322,-0.011017397,-0.08419779,-0.28676605,-0.36537156,-0.088862866,-0.1347533,0.32359156,0.38559183,-0.083419606,-0.08596502,0.18145965,-0.08412426,-0.26872125,-0.15066919,0.12496784,0.54989153,0.00039921975,0.0,-0.12491628,0.015343955,0.00015740976,0.007894977,0.09115113,-0.08183112,-0.14015427,0.12307609,-0.019302715,-0.066150665,0.18971288
-0.15169512,-0.09928794,0.046418738,0.0028977292,-0.17298347,0.10204508,0.05686238,-0.2533506,-0.060071193,-0.09682189,0.9981694,-0.22798806,0.002765485,-0.76967037,0.073024936,-0.51193786,-0.18817854,-0.043598615,-0.26975954,-0.15159196,0.012334324,0.036217086,-0.75034535,-0.3407705,0.13055554,-0.19513236,-0.06973108,-0.00539873,0.013031386,-0.023363508,-0.38165525,0.00039921975,0.0,-0.10566159,0.01920772,0.01152301,7.869676e-07,0.059578463,-0.4774581,-0.25493288,0.163554,0.19767272,0.0026850677,-0.16478635
0.08451591,-0.36743182,0.17778434,-0.0027576273,0.076105595,-0.5663368,0.22895208,0.54446924,0.18809463,-0.20369837,-0.24335814,-0.39489672,-0.11410591,0.413043,-0.07273091,-0.1609065,-0.07874624,-0.48810855,0.81729573,0.011796715,0.0052057602,0.3978441,0.7721593,0.0990345,-0.28129888,-0.3222081,-0.09584548,0.034813583,0.005737611,-0.053816944,-0.061370168,0.0012404791,0.0,0.07175345,-0.07501477,-0.037011627,-0.01019826,-0.07538187,-0.25007576,-0.12291196,0.269778,-0.069619626,-0.01797747,-0.27944678
0.092997916,0.78801787,0.11897854,-0.007366862,0.48677734,0.05551641,0.007086642,-0.2864325,-0.08204298,0.09896705,-0.8455213,0.13675377,-0.20878047,-1.0888262,0.043695766,-0.09398915,0.044780806,-0.48558939,-0.44981635,0.0055773417,0.014371125,0.30660704,-0.87958115,0.11805423,-0.1180071,-0.30866006,0.026006281,0.03519708,-0.066694565,-0.12984903,0.4533758,0.00039921975,0.0,-0.078735135,-0.022034012,-0.0012773061,-0.0009190807,-0.04494331,-0.11983039,-0.035904504,-0.052838515,-0.08942991,0.10911814,-0.53950024
-0.19407624,-0.19027357,0.15625332,-0.031064855,-0.44624048,0.06891188,0.09654745,0.07423268,-0.08965971,0.032972947,-0.37010565,0.14039978,-0.08485253,-1.1786213,-0.22184975,-0.07063401,0.020005425,-0.5535384,-0.4065077,-0.08622775,0.010411196,0.14842983,0.35927,-0.07887503,-0.21075054,-0.29586643,-0.039955154,-0.0018241205,-0.09249693,-0.36418235,0.3638325,0.00039921975,0.0,-0.27650928,-0.029302735,0.0014802897,-0.0006702183,0.00248506,0.116233625,-0.12875381,-0.16876256,-0.031882126,-0.22959694,-0.33505434
-0.2618652,-0.3266863,-0.119178064,0.0042759106,-0.75511634,-0.46016172,0.055499732,0.14514582,-0.072998144,-0.058096334,-0.7321343,-0.21758242,-0.1141972,0.4186862,-0.01036926,-0.20080677,0.104841016,-0.075325936,-0.30332178,-0.04177418,0.018014697,-0.34055036,-0.77537715,-0.029268648,-0.31444332,-0.31118053,0.039516363,0.11362102,-0.077444635,-0.19681045,-0.37356636,0.00039921975,0.0,-0.10034766,0.0002039005,-0.0008926781,-0.00030315068,-0.038771495,0.10341823,-0.01739737,-0.10907692,-0.030455694,0.0015739972,-0.17210396
-0.21488908,-0.25717074,-0.40610087,0.0030775173,0.2676152,-0.55303043,0.1485855,0.17481631,-0.062397856,-0.1393063,0.40280944,-0.18160051,-0.05717539,0.40233493,0.09995188,-0.27579108,0.058722932,0.46229494,0.64606416,-0.02010255,0.012103999,0.19626972,-1.167811,-0.26759622,-0.17815307,-0.29917943,0.08681308,0.061355017,-0.04366977,-0.12923941,0.45200005,0.00039921975,0.0,0.047564454,0.014756589,0.0002930239,-0.0028062868,-0.054798532,-0.015902087,0.07366429,0.05513199,-0.019162284,-0.01695285,-0.3174897
-0.33714205,-0.30216753,-0.32904062,0.0049437047,-0.619232,0.11535501,0.14154416,0.41592845,0.15026645,0.09889347,-0.30536512,0.19426994,-0.30562901,0.4508158,-0.01864428,0.42229974,0.102953754,-0.0016541006,-0.4588462,-0.11344719,-0.16711342,-0.524009,-0.88212395,0.08902888,-0.19094038,-0.16724263,-0.00605304,0.0025494164,-0.06646275,0.31659058,-0.43748468,0.0012404791,0.0,-0.60605,-0.063143924,0.011616828,-0.0013471262,-0.029892074,-0.0341445,0.061389517,-0.16390269,-0.02808083,-0.20795803,0.16059354
-0.28684723,-0.08227037,-0.4287585,0.001618718,-0.61302096,0.07592244,0.039608613,-0.66338503,0.1631311,-0.06306469,-0.2613665,0.17149486,-0.22479367,-1.1226264,-0.19609155,0.37215394,-0.23883088,-0.123533085,-0.40482345,-0.037342325,0.012332715,0.17115079,0.41123575,-0.15142867,-0.12845194,-0.2884816,-0.06024003,-0.22221413,0.08386915,-0.1716601,-0.3777094,0.0012404791,0.0,-0.482238,0.068040736,0.0082269125,-0.0013767437,-0.026038019,-0.15121405,0.13501841,-0.18553922,-0.004507535,-0.28866017,0.05138193
